hpo_id,term,lay_term,has_lay_wording
HP:0000002,Abnormality of body height,Abnormality of body height,yes
HP:0000003,Multicystic kidney dysplasia,,no
HP:0000008,Abnormal morphology of female internal genitalia,,no
HP:0000009,Functional abnormality of the bladder,,no
HP:0000010,Recurrent urinary tract infections,Frequent urinary tract infections,yes
HP:0000011,Neurogenic bladder,Lack of bladder control due to nervous system injury,yes
HP:0000012,Urinary urgency,Overactive bladder,yes
HP:0000013,Hypoplasia of the uterus,Small uterus,yes
HP:0000014,Abnormality of the bladder,,no
HP:0000015,Bladder diverticulum,,no
HP:0000016,Urinary retention,,no
HP:0000017,Nocturia,,no
HP:0000019,Urinary hesitancy,Difficulty with flow,yes
HP:0000020,Urinary incontinence,Loss of bladder control,yes
HP:0000021,Megacystis,,no
HP:0000022,Abnormal male internal genitalia morphology,,no
HP:0000023,Inguinal hernia,,no
HP:0000024,Prostatitis,Inflammation of the prostate,yes
HP:0000025,Functional abnormality of male internal genitalia,,no
HP:0000026,Male hypogonadism,Decreased function of male gonad,yes
HP:0000027,Azoospermia,Absent sperm in semen,yes
HP:0000028,Cryptorchidism,Undescended testes,yes
HP:0000029,Testicular atrophy,Testicular degeneration,yes
HP:0000030,Testicular gonadoblastoma,,no
HP:0000031,Epididymitis,,no
HP:0000032,Abnormal male external genitalia morphology,,no
HP:0000033,"Ambiguous genitalia, male",Ambiguous genitalia in males,yes
HP:0000034,Hydrocele testis,,no
HP:0000035,Abnormal testis morphology,Abnormality of the testis,yes
HP:0000036,Abnormal penis morphology,Abnormality of the penis,yes
HP:0000037,Male pseudohermaphroditism,,no
HP:0000039,Epispadias,,no
HP:0000040,Long penis,Enlarged penis,yes
HP:0000041,Chordee,,no
HP:0000042,Absent external genitalia,Absent external genitalia,yes
HP:0000044,Hypogonadotropic hypogonadism,,no
HP:0000045,Abnormal scrotum morphology,,no
HP:0000046,Small scrotum,Smaller than typical growth of scrotum,yes
HP:0000047,Hypospadias,,no
HP:0000048,Bifid scrotum,Cleft of scrotum,yes
HP:0000049,Shawl scrotum,Scrotum surrounds penis,yes
HP:0000050,Hypoplastic male external genitalia,Small male external genitalia,yes
HP:0000051,Perineal hypospadias,,no
HP:0000052,"Urethral atresia, male",,no
HP:0000053,Macroorchidism,Large testis,yes
HP:0000054,Micropenis,Short penis,yes
HP:0000055,Abnormal female external genitalia morphology,Abnormal female external genitalia,yes
HP:0000056,Abnormal clitoris morphology,Abnormality of the clit,yes
HP:0000058,Abnormal labia morphology,,no
HP:0000059,Hypoplastic labia majora,Small labia majora,yes
HP:0000060,Clitoral hypoplasia,Small clitoris,yes
HP:0000061,"Ambiguous genitalia, female",Atypical appearance of female genitals,yes
HP:0000062,Ambiguous genitalia,Ambiguous external genitalia,yes
HP:0000063,Fused labia minora,Fused inner lips,yes
HP:0000064,Hypoplastic labia minora,Underdeveloped inner lips,yes
HP:0000065,Labial hypertrophy,Enlargement of the labia,yes
HP:0000066,Labial hypoplasia,Underdeveloped labia,yes
HP:0000068,Urethral atresia,,no
HP:0000069,Abnormality of the ureter,,no
HP:0000070,Ureterocele,,no
HP:0000071,Ureteral stenosis,Narrowing of the ureter,yes
HP:0000072,Hydroureter,,no
HP:0000073,Ureteral duplication,Double ureter,yes
HP:0000074,Ureteropelvic junction obstruction,,no
HP:0000075,Renal duplication,Extra kidney,yes
HP:0000076,Vesicoureteral reflux,,no
HP:0000077,Abnormality of the kidney,Abnormal kidney,yes
HP:0000078,Abnormality of the genital system,Abnormality of the reproductive system,yes
HP:0000079,Abnormality of the urinary system,Urinary tract abnormalities,yes
HP:0000080,Abnormality of reproductive system physiology,Abnormality of genital physiology,yes
HP:0000081,Duplicated collecting system,,no
HP:0000083,Renal insufficiency,Renal failure,yes
HP:0000085,Horseshoe kidney,Horseshoe kidney,yes
HP:0000086,Ectopic kidney,Abnormal kidney location,yes
HP:0000089,Renal hypoplasia,Small kidneys,yes
HP:0000090,Nephronophthisis,,no
HP:0000091,Abnormal renal tubule morphology,,no
HP:0000092,Renal tubular atrophy,,no
HP:0000093,Proteinuria,High urine protein levels,yes
HP:0000095,Abnormal renal glomerulus morphology,,no
HP:0000096,Glomerular sclerosis,,no
HP:0000097,Focal segmental glomerulosclerosis,,no
HP:0000098,Tall stature,Increased body height,yes
HP:0000099,Glomerulonephritis,,no
HP:0000100,Nephrotic syndrome,,no
HP:0000103,Polyuria,Increased urine output,yes
HP:0000104,Renal agenesis,Absent kidney,yes
HP:0000105,Enlarged kidney,Enlarged kidney,yes
HP:0000107,Renal cyst,Cystic kidney disease,yes
HP:0000108,Renal corticomedullary cysts,,no
HP:0000110,Renal dysplasia,,no
HP:0000111,Renal juxtaglomerular cell hypertrophy/hyperplasia,,no
HP:0000112,Nephropathy,Kidney damage,yes
HP:0000113,Polycystic kidney dysplasia,,no
HP:0000114,Proximal tubulopathy,,no
HP:0000117,Renal phosphate wasting,,no
HP:0000118,Phenotypic abnormality,,no
HP:0000119,Abnormality of the genitourinary system,,no
HP:0000121,Nephrocalcinosis,Increased calcium level in kidney,yes
HP:0000122,Unilateral renal agenesis,Absent kidney on one side,yes
HP:0000123,Nephritis,Kidney inflammation,yes
HP:0000124,Renal tubular dysfunction,Abnormal function of filtrating structures in kidney,yes
HP:0000125,Pelvic kidney,,no
HP:0000126,Hydronephrosis,,no
HP:0000127,Renal salt wasting,Loss of salt in urine,yes
HP:0000128,Renal potassium wasting,,no
HP:0000130,Abnormality of the uterus,Abnormality of the uterus,yes
HP:0000131,Uterine leiomyoma,,no
HP:0000132,Menorrhagia,Abnormally heavy bleeding during menstruation,yes
HP:0000133,Gonadal dysgenesis,,no
HP:0000134,Female hypogonadism,,no
HP:0000135,Hypogonadism,Decreased activity of gonads,yes
HP:0000136,Bifid uterus,,no
HP:0000137,Abnormality of the ovary,Abnormality of the ovaries,yes
HP:0000138,Ovarian cyst,Ovarian cyst,yes
HP:0000139,Uterine prolapse,Sagging uterus,yes
HP:0000140,Abnormality of the menstrual cycle,Abnormality of the menstrual cycle,yes
HP:0000141,Amenorrhea,Abnormal absence of menstruation,yes
HP:0000142,Abnormal vagina morphology,,no
HP:0000143,Rectovaginal fistula,Abnormal connection between rectum and vagina,yes
HP:0000144,Decreased fertility,Abnormal fertility,yes
HP:0000145,Transverse vaginal septum,,no
HP:0000147,Polycystic ovaries,,no
HP:0000148,Vaginal atresia,Abnormally closed or absent vagina,yes
HP:0000149,Ovarian gonadoblastoma,,no
HP:0000150,Gonadoblastoma,,no
HP:0000151,Aplasia of the uterus,Absent uterus,yes
HP:0000152,Abnormality of head or neck,Abnormality of head or neck,yes
HP:0000153,Abnormality of the mouth,Abnormal mouth,yes
HP:0000154,Wide mouth,Broad mouth,yes
HP:0000155,Oral ulcer,Mouth sore,yes
HP:0000157,Abnormality of the tongue,Abnormal tongue,yes
HP:0000158,Macroglossia,Abnormally large tongue,yes
HP:0000159,Abnormal lip morphology,Abnormal lip,yes
HP:0000160,Narrow mouth,Narrow mouth,yes
HP:0000161,Median cleft upper lip,Central cleft upper lip,yes
HP:0000162,Glossoptosis,Retraction of the tongue,yes
HP:0000163,Abnormal oral cavity morphology,Abnormality of the oral cavity,yes
HP:0000164,Abnormality of the dentition,Abnormal dentition,yes
HP:0000166,Severe periodontitis,Severe gum disease,yes
HP:0000168,Abnormal gingiva morphology,Abnormality of the gums,yes
HP:0000169,Gingival fibromatosis,,no
HP:0000171,Microglossia,Abnormally small tongue,yes
HP:0000172,Abnormal uvula morphology,Abnormality of the uvula,yes
HP:0000174,Abnormal palate morphology,Abnormality of the palate,yes
HP:0000175,Cleft palate,Cleft palate,yes
HP:0000176,Submucous cleft hard palate,,no
HP:0000177,Abnormal upper lip morphology,Abnormality of upper lip,yes
HP:0000178,Abnormal lower lip morphology,Abnormality of lower lip,yes
HP:0000179,Thick lower lip vermilion,Full lower lip,yes
HP:0000180,Lobulated tongue,Bumpy tongue,yes
HP:0000182,Movement abnormality of the tongue,Movement abnormality of the tongue,yes
HP:0000183,Tongue muscle weakness,,no
HP:0000185,Cleft soft palate,,no
HP:0000187,Broad alveolar ridges,Wide gum ridges,yes
HP:0000188,Short upper lip,Decreased height of upper lip,yes
HP:0000189,Narrow palate,Narrow palate,yes
HP:0000190,Abnormal oral frenulum morphology,,no
HP:0000191,Accessory oral frenulum,,no
HP:0000193,Bifid uvula,,no
HP:0000194,Open mouth,Gaped jawed appearance,yes
HP:0000196,Lower lip pit,,no
HP:0000197,Abnormal parotid gland morphology,,no
HP:0000198,Absence of Stensen duct,,no
HP:0000199,Tongue nodules,,no
HP:0000200,Short lingual frenulum,,no
HP:0000201,Pierre-Robin sequence,,no
HP:0000202,Orofacial cleft,Cleft of the mouth,yes
HP:0000204,Cleft upper lip,Cleft of upper lip,yes
HP:0000205,Pursed lips,Pursed lips,yes
HP:0000206,Glossitis,Inflammation of the tongue,yes
HP:0000207,Triangular mouth,Triangular mouth,yes
HP:0000211,Trismus,Decrease in jaw mobility,yes
HP:0000212,Gingival overgrowth,Gum enlargement,yes
HP:0000214,Lip telangiectasia,Spider veins of the lip,yes
HP:0000215,Thick upper lip vermilion,Full upper lip,yes
HP:0000216,Broad secondary alveolar ridge,,no
HP:0000217,Xerostomia,Decreased salivary flow,yes
HP:0000218,High palate,Elevated palate,yes
HP:0000219,Thin upper lip vermilion,Thin red part of the upper lip,yes
HP:0000220,Velopharyngeal insufficiency,Velopharyngeal incompetence,yes
HP:0000221,Furrowed tongue,Grooved tongue,yes
HP:0000222,Gingival hyperkeratosis,,no
HP:0000223,Abnormality of taste sensation,Abnormality of taste sensation,yes
HP:0000224,Hypogeusia,Decreased taste,yes
HP:0000225,Gingival bleeding,Bleeding gums,yes
HP:0000227,Tongue telangiectasia,Spider veins of the tongue,yes
HP:0000228,Oral cavity telangiectasia,Spider veins of the mouth,yes
HP:0000230,Gingivitis,Inflamed gums,yes
HP:0000232,Everted lower lip vermilion,Drooping lower lip,yes
HP:0000233,Thin vermilion border,Decreased volume of lip,yes
HP:0000234,Abnormality of the head,Abnormal head,yes
HP:0000235,Abnormal cranial suture/fontanelle morphology,,no
HP:0000236,Abnormal anterior fontanelle morphology,Abnormality of the forehead soft spot,yes
HP:0000237,Small anterior fontanelle,,no
HP:0000238,Hydrocephalus,Too much cerebrospinal fluid in the brain,yes
HP:0000239,Large fontanelles,Wide fontanelles,yes
HP:0000240,Abnormality of skull size,Abnormality of head size,yes
HP:0000242,Parietal bossing,,no
HP:0000243,Trigonocephaly,Triangular head shape,yes
HP:0000244,Brachyturricephaly,"High, prominent forehead",yes
HP:0000245,Abnormal paranasal sinus morphology,Abnormality of the sinuses,yes
HP:0000246,Sinusitis,Sinus disease,yes
HP:0000248,Brachycephaly,Broad head shape,yes
HP:0000250,Dense calvaria,Dense skull cap,yes
HP:0000252,Microcephaly,Abnormally small head,yes
HP:0000253,Progressive microcephaly,Progressively abnormally small cranium,yes
HP:0000256,Macrocephaly,Big calvaria,yes
HP:0000260,Wide anterior fontanel,Wider-than-typical soft spot of skull,yes
HP:0000262,Turricephaly,Tall shaped head,yes
HP:0000263,Oxycephaly,,no
HP:0000264,Abnormal mastoid morphology,,no
HP:0000265,Mastoiditis,,no
HP:0000267,Cranial asymmetry,Abnormality of head shape,yes
HP:0000268,Dolichocephaly,"Long, narrow head",yes
HP:0000269,Prominent occiput,Prominent back of the head,yes
HP:0000270,Delayed cranial suture closure,Delayed cranial suture closure,yes
HP:0000271,Abnormality of the face,Abnormal face,yes
HP:0000272,Malar flattening,Zygomatic flattening,yes
HP:0000273,Facial grimacing,Facial grimacing,yes
HP:0000274,Small face,Short and narrow face,yes
HP:0000275,Narrow face,Decreased breadth of face,yes
HP:0000276,Long face,Elongation of face,yes
HP:0000277,Abnormal mandible morphology,Abnormality of the lower jaw bone,yes
HP:0000278,Retrognathia,Receding chin,yes
HP:0000280,Coarse facial features,Coarse facial appearance,yes
HP:0000282,Facial edema,Facial puffiness,yes
HP:0000283,Broad face,Broad face,yes
HP:0000286,Epicanthus,Eye folds,yes
HP:0000287,Increased facial adipose tissue,Increased amount of facial fat,yes
HP:0000288,Abnormality of the philtrum,,no
HP:0000289,Broad philtrum,,no
HP:0000290,Abnormal forehead morphology,Abnormality of the forehead,yes
HP:0000292,Loss of facial adipose tissue,Decreased amount of facial fat,yes
HP:0000293,Full cheeks,Apple cheeks,yes
HP:0000294,Low anterior hairline,Low frontal hairline,yes
HP:0000295,Doll-like facies,Doll-like facial appearance,yes
HP:0000297,Facial hypotonia,Decreased facial muscle tone,yes
HP:0000298,Mask-like facies,Expressionless face,yes
HP:0000300,Oval face,Oval face,yes
HP:0000301,Abnormality of facial musculature,Abnormality of facial muscles,yes
HP:0000303,Mandibular prognathia,Big lower jaw,yes
HP:0000306,Abnormality of the chin,Abnormality of the chin,yes
HP:0000307,Pointed chin,Pointed chin,yes
HP:0000308,Microretrognathia,Small retruded chin,yes
HP:0000309,Abnormal midface morphology,Abnormality of the midface,yes
HP:0000311,Round face,Circular face,yes
HP:0000315,Abnormality of the orbital region,Abnormality of the eye region,yes
HP:0000316,Hypertelorism,Wide-set eyes,yes
HP:0000317,Facial myokymia,Involuntary facial quivering,yes
HP:0000319,Smooth philtrum,,no
HP:0000320,Bird-like facies,Bird-like facial appearance,yes
HP:0000321,Square face,Square face,yes
HP:0000322,Short philtrum,,no
HP:0000324,Facial asymmetry,Asymmetry of face,yes
HP:0000325,Triangular face,Face with broad temples and narrow chin,yes
HP:0000326,Abnormal maxilla morphology,Abnormality of the upper jaw bone,yes
HP:0000327,Hypoplasia of the maxilla,Decreased size of maxilla,yes
HP:0000329,Facial hemangioma,,no
HP:0000331,Short chin,Decreased height of chin,yes
HP:0000336,Prominent supraorbital ridges,Prominent brow,yes
HP:0000337,Broad forehead,Broad forehead,yes
HP:0000338,Hypomimic face,Decreased facial expressions,yes
HP:0000339,Pugilistic facies,Boxer-like facial appearance,yes
HP:0000340,Sloping forehead,Inclined forehead,yes
HP:0000341,Narrow forehead,Decreased width of the forehead,yes
HP:0000343,Long philtrum,,no
HP:0000346,Whistling appearance,Whistling appearance,yes
HP:0000347,Micrognathia,Little lower jaw,yes
HP:0000348,High forehead,High forehead,yes
HP:0000349,Widow's peak,Hairline peak,yes
HP:0000350,Small forehead,Decreased size of forehead,yes
HP:0000356,Abnormality of the outer ear,Abnormality of the external ear,yes
HP:0000357,Abnormal location of ears,Abnormal location of ears,yes
HP:0000358,Posteriorly rotated ears,Ears rotated toward back of head,yes
HP:0000359,Abnormality of the inner ear,Abnormality of the inner ear,yes
HP:0000360,Tinnitus,Ringing in ears,yes
HP:0000362,Otosclerosis,,no
HP:0000363,Abnormal earlobe morphology,Abnormal earlobe,yes
HP:0000364,Hearing abnormality,Abnormal hearing,yes
HP:0000365,Hearing impairment,Deafness,yes
HP:0000366,Abnormality of the nose,Abnormality of the nose,yes
HP:0000369,Low-set ears,Low set ears,yes
HP:0000370,Abnormality of the middle ear,,no
HP:0000371,Acute otitis media,Acute middle ear infection,yes
HP:0000372,Abnormal auditory canal morphology,,no
HP:0000375,Abnormal cochlea morphology,,no
HP:0000376,Incomplete partition of the cochlea type II,,no
HP:0000377,Abnormal pinna morphology,Abnormally shaped ears,yes
HP:0000378,Cupped ear,Cup-shaped ears,yes
HP:0000381,Stapes ankylosis,,no
HP:0000383,Abnormal periauricular region morphology,Abnormality of the region around the ear,yes
HP:0000384,Preauricular skin tag,Skin tag in front of the ear,yes
HP:0000385,Small earlobe,Small earlobe,yes
HP:0000387,Absent earlobe,Absent earlobe,yes
HP:0000388,Otitis media,Middle ear infection,yes
HP:0000389,Chronic otitis media,Chronic infections of the middle ear,yes
HP:0000391,Thickened helices,,no
HP:0000394,Lop ear,,no
HP:0000395,Prominent antihelix,,no
HP:0000396,Overfolded helix,Overfolded ears,yes
HP:0000399,Prelingual sensorineural hearing impairment,,no
HP:0000400,Macrotia,Large ears,yes
HP:0000402,Stenosis of the external auditory canal,Narrow ear canal,yes
HP:0000403,Recurrent otitis media,Recurrent middle ear infection,yes
HP:0000405,Conductive hearing impairment,Conductive deafness,yes
HP:0000407,Sensorineural hearing impairment,,no
HP:0000408,Progressive sensorineural hearing impairment,,no
HP:0000410,Mixed hearing impairment,"Hearing loss, mixed",yes
HP:0000411,Protruding ear,Prominent ear,yes
HP:0000413,Atresia of the external auditory canal,Absent ear canal,yes
HP:0000414,Bulbous nose,Bulbous nose,yes
HP:0000417,Slender nose,Slender nose,yes
HP:0000418,Narrow nasal ridge,Decreased width of nasal ridge,yes
HP:0000419,Abnormal nasal septum morphology,Abnormality of septum of nose,yes
HP:0000420,Short nasal septum,Decreased length of nasal septum,yes
HP:0000421,Epistaxis,Bloody nose,yes
HP:0000422,Abnormal nasal bridge morphology,Abnormality of the bridge of the nose,yes
HP:0000426,Prominent nasal bridge,Convex bridge of nose,yes
HP:0000430,Underdeveloped nasal alae,Underdeveloped tissue around nostril,yes
HP:0000431,Wide nasal bridge,Broad flat nasal bridge,yes
HP:0000434,Nasal mucosa telangiectasia,Spider veins of mucosa of nose,yes
HP:0000437,Depressed nasal tip,Caved in nasal tip,yes
HP:0000444,Convex nasal ridge,Beaked nose,yes
HP:0000445,Wide nose,Broad nose,yes
HP:0000446,Narrow nasal bridge,Narrow bridge of nose,yes
HP:0000447,Pear-shaped nose,Pear-shaped nose,yes
HP:0000448,Prominent nose,Big nose,yes
HP:0000451,Triangular nasal tip,Triangular nasal tip,yes
HP:0000452,Choanal stenosis,Narrowing of the rear opening of the nasal cavity,yes
HP:0000453,Choanal atresia,Blockage of the rear opening of the nasal cavity,yes
HP:0000454,Flared nostrils,Flared nostrils,yes
HP:0000455,Broad nasal tip,Broad nasal tip,yes
HP:0000456,Bifid nasal tip,Cleft nasal tip,yes
HP:0000457,Depressed nasal ridge,Flat nose,yes
HP:0000458,Anosmia,Lost smell,yes
HP:0000460,Narrow nose,Decreased nasal breadth,yes
HP:0000463,Anteverted nares,"Nasal tip, upturned",yes
HP:0000464,Abnormality of the neck,Abnormality of the neck,yes
HP:0000465,Webbed neck,Neck webbing,yes
HP:0000466,Limited neck range of motion,Limited neck range of motion,yes
HP:0000467,Neck muscle weakness,Flaccid neck,yes
HP:0000468,Increased adipose tissue around the neck,Increased fat around the neck,yes
HP:0000470,Short neck,Decreased length of neck,yes
HP:0000471,Gastrointestinal angiodysplasia,,no
HP:0000472,Long neck,Elongated neck,yes
HP:0000473,Torticollis,Wry neck,yes
HP:0000474,Thickened nuchal skin fold,Thickened skin folds of neck,yes
HP:0000475,Broad neck,Broad neck,yes
HP:0000476,Cystic hygroma,,no
HP:0000478,Abnormality of the eye,Abnormal eye,yes
HP:0000479,Abnormal retinal morphology,Retina issue,yes
HP:0000480,Retinal coloboma,Hole in the back of the eye,yes
HP:0000481,Abnormal cornea morphology,,no
HP:0000482,Microcornea,Cornea of eye less than 10mm in diameter,yes
HP:0000483,Astigmatism,Abnormal curving of the cornea or lens of the eye,yes
HP:0000484,Hyperopic astigmatism,,no
HP:0000485,Megalocornea,Enlarged cornea,yes
HP:0000486,Strabismus,Cross-eyed,yes
HP:0000488,Retinopathy,Noninflammatory retina disease,yes
HP:0000490,Deeply set eye,Deep set eye,yes
HP:0000491,Keratitis,Corneal inflammation,yes
HP:0000492,Abnormal eyelid morphology,Abnormality of the eyelid,yes
HP:0000493,Abnormal foveal morphology,,no
HP:0000494,Downslanted palpebral fissures,Downward slanting of the opening between the eyelids,yes
HP:0000495,Recurrent corneal erosions,Recurrent breakdown of clear protective layer of eye,yes
HP:0000496,Abnormality of eye movement,Abnormal eye movement,yes
HP:0000498,Blepharitis,Inflammation of eyelids,yes
HP:0000499,Abnormal eyelash morphology,Abnormal eyelashes,yes
HP:0000501,Glaucoma,,no
HP:0000502,Abnormal conjunctiva morphology,,no
HP:0000503,Tortuosity of conjunctival vessels,,no
HP:0000504,Abnormality of vision,Abnormality of sight,yes
HP:0000505,Visual impairment,Impaired vision,yes
HP:0000506,Telecanthus,Corners of eye widely separated,yes
HP:0000508,Ptosis,Drooping upper eyelid,yes
HP:0000509,Conjunctivitis,Pink eye,yes
HP:0000510,Rod-cone dystrophy,,no
HP:0000511,Vertical supranuclear gaze palsy,,no
HP:0000512,Abnormal electroretinogram,,no
HP:0000514,Slow saccadic eye movements,Slow eye movements,yes
HP:0000517,Abnormal lens morphology,Abnormality of the lens,yes
HP:0000518,Cataract,Clouding of the lens of the eye,yes
HP:0000519,Developmental cataract,Clouding of the lens of the eye at birth,yes
HP:0000520,Proptosis,Bulging eye,yes
HP:0000522,Alacrima,Absence of tears in the eyes,yes
HP:0000523,Subcapsular cataract,,no
HP:0000524,Conjunctival telangiectasia,Small dilated blood vessels near membrane covering front of eye and eyelids,yes
HP:0000525,Abnormality iris morphology,Abnormality of the iris,yes
HP:0000526,Aniridia,Absent iris,yes
HP:0000527,Long eyelashes,Increased length of eyelashes,yes
HP:0000528,Anophthalmia,Absence of eyeballs,yes
HP:0000529,Progressive visual loss,Progressive loss of vision,yes
HP:0000531,Corneal crystals,,no
HP:0000532,Abnormal chorioretinal morphology,,no
HP:0000533,Chorioretinal atrophy,,no
HP:0000534,Abnormal eyebrow morphology,Abnormality of the eyebrow,yes
HP:0000537,Epicanthus inversus,,no
HP:0000538,Pseudopapilledema,,no
HP:0000539,Abnormality of refraction,,no
HP:0000540,Hypermetropia,Farsightedness,yes
HP:0000541,Retinal detachment,Detached retina,yes
HP:0000542,Impaired ocular adduction,,no
HP:0000543,Optic disc pallor,,no
HP:0000544,External ophthalmoplegia,Paralysis or weakness of muscles within or surrounding outer part of eye,yes
HP:0000545,Myopia,Close sighted,yes
HP:0000546,Retinal degeneration,Retina degeneration,yes
HP:0000548,Cone/cone-rod dystrophy,,no
HP:0000549,Abnormal conjugate eye movement,,no
HP:0000550,Undetectable electroretinogram,,no
HP:0000551,Color vision defect,Abnormal color vision,yes
HP:0000552,Tritanomaly,Blue yellow color blindness,yes
HP:0000553,Abnormal uvea morphology,,no
HP:0000554,Uveitis,,no
HP:0000555,Leukocoria,,no
HP:0000556,Retinal dystrophy,Breakdown of light-sensitive cells in back of eye,yes
HP:0000557,Buphthalmos,Enlarged eyeball,yes
HP:0000558,Rieger anomaly,,no
HP:0000559,Corneal scarring,,no
HP:0000561,Absent eyelashes,Absent eyelashes,yes
HP:0000563,Keratoconus,Bulging cornea,yes
HP:0000564,Lacrimal duct atresia,Unopened tear duct,yes
HP:0000565,Esotropia,Inward turning cross eyed,yes
HP:0000567,Chorioretinal coloboma,Birth defect that causes a hole in the innermost layer at the back of the eye,yes
HP:0000568,Microphthalmia,Abnormally small eyeball,yes
HP:0000570,Abnormal saccadic eye movements,,no
HP:0000571,Hypometric saccades,,no
HP:0000572,Visual loss,Loss of vision,yes
HP:0000573,Retinal hemorrhage,Retinal bleeding,yes
HP:0000574,Thick eyebrow,Bushy eyebrows,yes
HP:0000575,Scotoma,Blind spot,yes
HP:0000576,Centrocecal scotoma,,no
HP:0000577,Exotropia,Outward facing eye ball,yes
HP:0000579,Nasolacrimal duct obstruction,Blocked tear duct,yes
HP:0000580,Pigmentary retinopathy,,no
HP:0000581,Blepharophimosis,Narrow opening between the eyelids,yes
HP:0000582,Upslanted palpebral fissure,Upward slanting of the opening between the eyelids,yes
HP:0000584,Punctate corneal epithelial erosions,,no
HP:0000585,Band keratopathy,,no
HP:0000586,Shallow orbits,Decreased depth of eye sockets,yes
HP:0000587,Abnormal optic nerve morphology,Optic nerve issue,yes
HP:0000588,Optic disc coloboma,,no
HP:0000589,Coloboma,Notched pupil,yes
HP:0000590,Progressive external ophthalmoplegia,,no
HP:0000591,Abnormal sclera morphology,Abnormality of the outer white part of eyeball,yes
HP:0000592,Blue sclerae,Blue outer white part of eyeball,yes
HP:0000593,Abnormal anterior chamber morphology,,no
HP:0000594,Shallow anterior chamber,,no
HP:0000597,Ophthalmoparesis,Weakness of muscles controlling eye movement,yes
HP:0000598,Abnormality of the ear,Abnormality of the ear,yes
HP:0000599,Abnormality of the frontal hairline,Abnormality of hairline at front of head,yes
HP:0000600,Abnormality of the pharynx,,no
HP:0000601,Hypotelorism,Abnormally close eyes,yes
HP:0000602,Ophthalmoplegia,Eye muscle paralysis,yes
HP:0000603,Central scotoma,Blind spot located at fixation point,yes
HP:0000605,Supranuclear gaze palsy,,no
HP:0000606,Abnormality of the periorbital region,Abnormality of the region around the eye,yes
HP:0000607,Periorbital wrinkles,Wrinkles around the eyes,yes
HP:0000608,Macular degeneration,,no
HP:0000609,Optic nerve hypoplasia,,no
HP:0000610,Abnormal choroid morphology,,no
HP:0000612,Iris coloboma,Cat eye,yes
HP:0000613,Photophobia,Extreme sensitivity of the eyes to light,yes
HP:0000614,Abnormal nasolacrimal system morphology,,no
HP:0000615,Abnormal pupil morphology,Abnormality of the pupil,yes
HP:0000616,Miosis,Constricted pupils,yes
HP:0000617,Abnormality of ocular smooth pursuit,,no
HP:0000618,Blindness,Blindness,yes
HP:0000619,Impaired convergence,,no
HP:0000620,Dacryocystitis,,no
HP:0000621,Entropion,Eyelid folded in,yes
HP:0000622,Blurred vision,Blurred vision,yes
HP:0000623,Supranuclear ophthalmoplegia,,no
HP:0000625,Eyelid coloboma,Cleft eyelid,yes
HP:0000627,Posterior embryotoxon,,no
HP:0000629,Periorbital fullness,Fullness around the eyes,yes
HP:0000630,Abnormal retinal arterial/arteriolar morphology,Abnormality of retinal arteries,yes
HP:0000631,Retinal arterial tortuosity,,no
HP:0000632,Lacrimation abnormality,Abnormality of tear production,yes
HP:0000633,Decreased lacrimation,Decreased tear secretion,yes
HP:0000634,Impaired ocular abduction,,no
HP:0000635,Blue irides,Blue eyes,yes
HP:0000636,Upper eyelid coloboma,Cleft upper eyelid,yes
HP:0000637,Long palpebral fissure,Broad opening between the eyelids,yes
HP:0000639,Nystagmus,"Involuntary, rapid, rhythmic eye movements",yes
HP:0000640,Gaze-evoked nystagmus,,no
HP:0000641,Dysmetric saccades,Uncoordinated eye movement,yes
HP:0000642,Red-green dyschromatopsia,Red green color blindness,yes
HP:0000643,Blepharospasm,Eyelid spasm,yes
HP:0000646,Amblyopia,Lazy eye,yes
HP:0000647,Sclerocornea,Hardening of skin and connective tissue,yes
HP:0000648,Optic atrophy,,no
HP:0000649,Abnormality of visual evoked potentials,,no
HP:0000650,Abnormal amplitude of pattern reversal visual evoked potentials,,no
HP:0000651,Diplopia,Double vision,yes
HP:0000652,Lower eyelid coloboma,Cleft lower eyelid,yes
HP:0000653,Sparse eyelashes,Scant eyelashes,yes
HP:0000654,Decreased light- and dark-adapted electroretinogram amplitude,,no
HP:0000656,Ectropion,Everted eyelid,yes
HP:0000657,Oculomotor apraxia,,no
HP:0000658,Eyelid apraxia,Difficulty opening the eyelids,yes
HP:0000659,Peters anomaly,,no
HP:0000660,Lipemia retinalis,,no
HP:0000661,Palpebral fissure narrowing on adduction,,no
HP:0000662,Nyctalopia,Difficulties with night vision,yes
HP:0000664,Synophrys,Monobrow,yes
HP:0000666,Horizontal nystagmus,,no
HP:0000667,Phthisis bulbi,,no
HP:0000668,Hypodontia,Failure of development of between one and six teeth,yes
HP:0000670,Carious teeth,Dental cavities,yes
HP:0000674,Anodontia,Failure of development of all teeth,yes
HP:0000675,Macrodontia of permanent maxillary central incisor,,no
HP:0000677,Oligodontia,Failure of development of more than six teeth,yes
HP:0000678,Dental crowding,Crowded teeth,yes
HP:0000679,Taurodontia,,no
HP:0000680,Delayed eruption of primary teeth,Delayed eruption of baby teeth,yes
HP:0000682,Abnormal dental enamel morphology,Abnormal tooth enamel,yes
HP:0000683,Grayish enamel,Gray colored tooth enamel,yes
HP:0000684,Delayed eruption of teeth,Delayed eruption,yes
HP:0000685,Hypoplasia of teeth,Decreased size of teeth,yes
HP:0000687,Widely spaced teeth,Wide-spaced teeth,yes
HP:0000689,Dental malocclusion,Bad bite,yes
HP:0000690,Agenesis of maxillary lateral incisor,Absence of upper lateral incisor,yes
HP:0000691,Microdontia,Decreased size of tooth,yes
HP:0000692,Tooth malposition,Abnormal dental position,yes
HP:0000694,Odontodysplasia,,no
HP:0000695,Natal tooth,Born with teeth,yes
HP:0000696,Delayed eruption of permanent teeth,Delayed eruption of adult teeth,yes
HP:0000698,Conical tooth,Cone shaped tooth,yes
HP:0000699,Diastema,Gap between teeth,yes
HP:0000700,Periapical bone loss,Bone loss around tooth root,yes
HP:0000703,Dentinogenesis imperfecta,,no
HP:0000704,Periodontitis,Gum disease,yes
HP:0000705,Amelogenesis imperfecta,,no
HP:0000706,Eruption failure,Failure of eruption of tooth,yes
HP:0000707,Abnormality of the nervous system,Abnormality of the nervous system,yes
HP:0000708,Atypical behavior,Behavioral abnormality,yes
HP:0000709,Psychosis,Psychosis,yes
HP:0000710,Hyperorality,,no
HP:0000711,Restlessness,,no
HP:0000712,Emotional lability,Can't control feelings,yes
HP:0000713,Agitation,,no
HP:0000716,Depression,Depression,yes
HP:0000717,Autism,Autism,yes
HP:0000718,Aggressive behavior,Aggression,yes
HP:0000719,Inappropriate behavior,Inappropriate behavior,yes
HP:0000721,Lack of spontaneous play,Lack of spontaneous play,yes
HP:0000722,Compulsive behaviors,Obsessive compulsive behavior,yes
HP:0000723,Restrictive behavior,,no
HP:0000725,Psychotic episodes,Psychotic episodes,yes
HP:0000726,Dementia,Dementia,yes
HP:0000727,Frontal lobe dementia,,no
HP:0000728,Reduced ability to form peer relationships,,no
HP:0000729,Autistic behavior,Autism spectrum disorder,yes
HP:0000732,Inflexible adherence to routines,,no
HP:0000733,Motor stereotypy,Repetitive movements,yes
HP:0000734,Disinhibition,,no
HP:0000736,Short attention span,Poor attention span,yes
HP:0000737,Irritability,Cranky,yes
HP:0000738,Hallucinations,Hallucination,yes
HP:0000739,Anxiety,Anxiety,yes
HP:0000740,Episodic paroxysmal anxiety,,no
HP:0000741,Apathy,"Lack of feeling, emotion, interest",yes
HP:0000742,Self-mutilation,Deliberate self-harm,yes
HP:0000743,Frontal release signs,,no
HP:0000744,Low frustration tolerance,,no
HP:0000745,Abnormal diminished volition,Diminished motivation,yes
HP:0000746,Delusion,Delusions,yes
HP:0000748,Inappropriate laughter,Inappropriate laughter,yes
HP:0000749,Paroxysmal bursts of laughter,,no
HP:0000750,Delayed speech and language development,Deficiency of speech development,yes
HP:0000751,Personality changes,Personality change,yes
HP:0000752,Hyperactivity,More active than typical,yes
HP:0000753,Autism with high cognitive abilities,,no
HP:0000756,Agoraphobia,Fear of open spaces,yes
HP:0000757,Lack of insight,Lack of insight,yes
HP:0000758,Abnormal nonverbal communicative behavior,Impaired use of nonverbal behaviors,yes
HP:0000759,Abnormal peripheral nervous system morphology,Abnormal peripheral nervous system structure,yes
HP:0000762,Decreased nerve conduction velocity,,no
HP:0000763,Sensory neuropathy,Damage to nerves that sense feeling,yes
HP:0000764,Peripheral axonal degeneration,,no
HP:0000765,Abnormal thorax morphology,Abnormality of the chest,yes
HP:0000766,Abnormal sternum morphology,Abnormality of the sternum,yes
HP:0000767,Pectus excavatum,Funnel chest,yes
HP:0000768,Pectus carinatum,Pigeon chest,yes
HP:0000769,Abnormality of the breast,Abnormality of the breast,yes
HP:0000771,Gynecomastia,Enlarged male breast,yes
HP:0000772,Abnormal rib morphology,Abnormality of the ribs,yes
HP:0000773,Short ribs,Short ribs,yes
HP:0000774,Narrow chest,Low chest circumference,yes
HP:0000775,Abnormality of the diaphragm,Abnormality of the diaphragm,yes
HP:0000776,Congenital diaphragmatic hernia,,no
HP:0000777,Abnormal thymus morphology,Abnormality of the thymus,yes
HP:0000778,Hypoplasia of the thymus,Small thymus,yes
HP:0000782,Abnormal scapula morphology,Abnormality of the shoulder blade,yes
HP:0000786,Primary amenorrhea,,no
HP:0000787,Kidney stone,,no
HP:0000789,Infertility,Infertility,yes
HP:0000790,Hematuria,Blood in urine,yes
HP:0000791,Uric acid nephrolithiasis,Uric acid stones,yes
HP:0000793,Membranoproliferative glomerulonephritis,,no
HP:0000794,IgA deposition in the glomerulus,,no
HP:0000795,Abnormality of the urethra,Urethra issue,yes
HP:0000796,Urethral obstruction,,no
HP:0000798,Oligozoospermia,Low sperm count,yes
HP:0000799,Renal steatosis,Fatty kidney,yes
HP:0000800,Cystic renal dysplasia,,no
HP:0000802,Impotence,Difficulty getting a full erection,yes
HP:0000803,Renal cortical cysts,,no
HP:0000804,Xanthine nephrolithiasis,,no
HP:0000805,Enuresis,,no
HP:0000807,Glanular hypospadias,,no
HP:0000808,Penoscrotal hypospadias,,no
HP:0000811,Abnormal external genitalia morphology,Abnormal external genitalia,yes
HP:0000812,Abnormal internal genitalia,Abnormal internal genitalia,yes
HP:0000813,Bicornuate uterus,Heart shaped uterus,yes
HP:0000815,Hypergonadotropic hypogonadism,,no
HP:0000816,Abnormality of Krebs cycle metabolism,,no
HP:0000817,Reduced eye contact,Poor eye contact,yes
HP:0000818,Abnormality of the endocrine system,,no
HP:0000819,Diabetes mellitus,,no
HP:0000820,Abnormality of the thyroid gland,Abnormality of the thyroid gland,yes
HP:0000821,Hypothyroidism,Underactive thyroid,yes
HP:0000822,Hypertension,High blood pressure,yes
HP:0000823,Delayed puberty,Delayed pubertal development,yes
HP:0000824,Decreased response to growth hormone stimulation test,,no
HP:0000825,Hyperinsulinemic hypoglycemia,,no
HP:0000826,Precocious puberty,Early onset of puberty,yes
HP:0000828,Abnormality of the parathyroid gland,,no
HP:0000829,Hypoparathyroidism,Decreased parathyroid hormone secretion,yes
HP:0000830,Anterior hypopituitarism,,no
HP:0000831,Insulin-resistant diabetes mellitus,Insulin resistant diabetes,yes
HP:0000832,Primary hypothyroidism,,no
HP:0000834,Abnormality of the adrenal glands,Adrenal abnormalities,yes
HP:0000835,Adrenal hypoplasia,Small adrenal glands,yes
HP:0000836,Hyperthyroidism,Overactive thyroid,yes
HP:0000837,Increased circulating gonadotropin level,Elevated gonadotropins,yes
HP:0000839,Pituitary dwarfism,,no
HP:0000840,Adrenogenital syndrome,,no
HP:0000841,Hyperactive renin-angiotensin system,,no
HP:0000842,Hyperinsulinemia,,no
HP:0000843,Hyperparathyroidism,Elevated blood parathyroid hormone level,yes
HP:0000845,Elevated circulating growth hormone concentration,Growth hormone excess,yes
HP:0000846,Adrenal insufficiency,,no
HP:0000847,Abnormality of renin-angiotensin system,,no
HP:0000848,Increased circulating renin concentration,Elevated blood renin level,yes
HP:0000849,Adrenocortical abnormality,,no
HP:0000851,Congenital hypothyroidism,Underactive thyroid gland from birth,yes
HP:0000852,Pseudohypoparathyroidism,,no
HP:0000853,Goiter,Enlarged thyroid gland in neck,yes
HP:0000854,Thyroid adenoma,,no
HP:0000855,Insulin resistance,Body fails to respond to insulin,yes
HP:0000857,Neonatal insulin-dependent diabetes mellitus,,no
HP:0000858,Irregular menstruation,Menstrual irregularity,yes
HP:0000859,Increased circulating aldosterone concentration,Elevated plasma aldosterone,yes
HP:0000860,Parathyroid hypoplasia,Small parathyroid glands,yes
HP:0000863,Central diabetes insipidus,,no
HP:0000864,Abnormality of the hypothalamus-pituitary axis,,no
HP:0000867,Secondary hyperparathyroidism,,no
HP:0000868,Decreased fertility in females,Decreased fertility in females,yes
HP:0000869,Secondary amenorrhea,Previous menstrual periods stop,yes
HP:0000870,Increased circulating prolactin concentration,,no
HP:0000871,Panhypopituitarism,,no
HP:0000872,Hashimoto thyroiditis,,no
HP:0000873,Diabetes insipidus,,no
HP:0000875,Episodic hypertension,Intermittent high blood pressure,yes
HP:0000876,Oligomenorrhea,Light or infrequent menstrual periods,yes
HP:0000877,Insulin-resistant diabetes mellitus at puberty,Insulin-resistant diabetes mellitus at puberty,yes
HP:0000878,11 pairs of ribs,11 pairs of ribs,yes
HP:0000879,Short sternum,Short sternum,yes
HP:0000882,Hypoplastic scapulae,Small shoulder blade,yes
HP:0000883,Thin ribs,Slender ribs,yes
HP:0000884,Prominent sternum,Prominent sternum,yes
HP:0000885,Broad ribs,Broad ribs,yes
HP:0000886,Deformed rib cage,Deformed rib cage,yes
HP:0000887,Cupped ribs,Cupped ribs,yes
HP:0000888,Horizontal ribs,Horizontal ribs,yes
HP:0000889,Abnormal clavicle morphology,Abnormal collarbone,yes
HP:0000890,Long clavicle,Long collarbone,yes
HP:0000891,Cervical ribs,,no
HP:0000892,Bifid ribs,Cleft ribs,yes
HP:0000893,Bulging of the costochondral junction,,no
HP:0000894,Short clavicles,Short collarbone,yes
HP:0000895,Lateral clavicle hook,Hook-shaped collarbone,yes
HP:0000896,Rib exostoses,,no
HP:0000897,Rachitic rosary,,no
HP:0000900,Thickened ribs,,no
HP:0000902,Rib fusion,Fused ribs,yes
HP:0000904,Flaring of rib cage,Flaring of rib cage,yes
HP:0000905,Progressive clavicular acroosteolysis,,no
HP:0000907,Anterior rib cupping,,no
HP:0000910,Wide-cupped costochondral junctions,,no
HP:0000911,Flat glenoid fossa,,no
HP:0000912,Sprengel anomaly,High shoulder blade,yes
HP:0000913,Posterior rib fusion,,no
HP:0000914,Shield chest,Broad chest,yes
HP:0000915,Pectus excavatum of inferior sternum,,no
HP:0000916,Broad clavicle,Broad collarbone,yes
HP:0000917,Superior pectus carinatum,,no
HP:0000918,Scapular exostoses,,no
HP:0000919,Abnormality of the costochondral junction,,no
HP:0000920,Enlargement of the costochondral junction,,no
HP:0000921,Missing ribs,Absent ribs,yes
HP:0000922,Posterior rib cupping,,no
HP:0000924,Abnormality of the skeletal system,Abnormality of the skeletal system,yes
HP:0000925,Abnormality of the vertebral column,Abnormal spine,yes
HP:0000926,Platyspondyly,Flattened vertebrae,yes
HP:0000929,Abnormal skull morphology,Abnormality of the skull,yes
HP:0000930,Elevated imprint of the transverse sinuses,,no
HP:0000931,Thinning and bulging of the posterior fossa bones,,no
HP:0000932,Abnormal posterior cranial fossa morphology,,no
HP:0000933,Posterior fossa cyst at the fourth ventricle,,no
HP:0000934,Chondrocalcinosis,Calcium deposits in joints,yes
HP:0000935,Thickened cortex of long bones,,no
HP:0000938,Osteopenia,,no
HP:0000939,Osteoporosis,,no
HP:0000940,Abnormal diaphysis morphology,Abnormal shape of shaft of long bone,yes
HP:0000941,Short diaphyses,Short shaft of long bone,yes
HP:0000943,Dysostosis multiplex,,no
HP:0000944,Abnormal metaphysis morphology,Abnormality of the wide portion of a long bone,yes
HP:0000946,Hypoplastic ilia,Small wings of the pelvic girdle,yes
HP:0000947,Dumbbell-shaped long bone,Dumbbell-shaped long bone,yes
HP:0000951,Abnormality of the skin,Abnormality of the skin,yes
HP:0000952,Jaundice,Jaundice,yes
HP:0000953,Hyperpigmentation of the skin,Patchy darkened skin,yes
HP:0000954,Single transverse palmar crease,,no
HP:0000956,Acanthosis nigricans,Darkened and thickened skin,yes
HP:0000957,Cafe-au-lait spot,Birthmark,yes
HP:0000958,Dry skin,Dry skin,yes
HP:0000960,Sacral dimple,Spinal dimple,yes
HP:0000961,Cyanosis,Blue discoloration of the skin,yes
HP:0000962,Hyperkeratosis,,no
HP:0000963,Thin skin,Thin skin,yes
HP:0000964,Eczematoid dermatitis,Eczema,yes
HP:0000965,Cutis marmorata,,no
HP:0000966,Hypohidrosis,Decreased ability to sweat,yes
HP:0000967,Petechiae,,no
HP:0000968,Ectodermal dysplasia,,no
HP:0000969,Edema,Fluid retention,yes
HP:0000970,Anhidrosis,Lack of sweating,yes
HP:0000971,Abnormal sweat gland morphology,Abnormalities of sweating,yes
HP:0000972,Palmoplantar hyperkeratosis,Thickening of the outer layer of the skin of the palms and soles,yes
HP:0000973,Cutis laxa,Hanging skin,yes
HP:0000974,Hyperextensible skin,Hyperelastic skin,yes
HP:0000975,Hyperhidrosis,Excessive sweating,yes
HP:0000977,Soft skin,Soft skin,yes
HP:0000978,Bruising susceptibility,Bruise easily,yes
HP:0000979,Purpura,Blood spots,yes
HP:0000980,Pallor,Paleness,yes
HP:0000982,Palmoplantar keratoderma,Thickening of palms and soles,yes
HP:0000987,Atypical scarring of skin,Atypical scarring,yes
HP:0000988,Skin rash,Rash,yes
HP:0000989,Pruritus,Itching,yes
HP:0000991,Xanthomatosis,Yellow bumps of fatty deposits on skin,yes
HP:0000992,Cutaneous photosensitivity,Photosensitive skin,yes
HP:0000993,Molluscoid pseudotumors,,no
HP:0000995,Melanocytic nevus,Beauty mark,yes
HP:0000996,Facial capillary hemangioma,,no
HP:0000997,Axillary freckling,,no
HP:0000998,Hypertrichosis,Excessive hair growth,yes
HP:0000999,Pyoderma,Pus-filled lesion,yes
HP:0001000,Abnormal skin pigmentation,Abnormal pigmentation,yes
HP:0001001,Abnormality of subcutaneous fat tissue,Abnormality of fatty tissue below the skin,yes
HP:0001003,Multiple lentigines,Liver spots,yes
HP:0001004,Lymphedema,Swelling caused by excess lymph fluid under skin,yes
HP:0001005,Dermatological manifestations of systemic disorders,,no
HP:0001007,Hirsutism,Excessive hairiness,yes
HP:0001008,Accumulation of melanosomes in melanocytes,,no
HP:0001009,Telangiectasia,Spider veins,yes
HP:0001010,Hypopigmentation of the skin,Patchy lightened skin,yes
HP:0001012,Multiple lipomas,Multiple fatty lumps,yes
HP:0001013,Eruptive xanthomas,,no
HP:0001014,Angiokeratoma,,no
HP:0001015,Prominent superficial veins,Prominent veins,yes
HP:0001017,Anemic pallor,,no
HP:0001018,Abnormal palmar dermatoglyphics,,no
HP:0001019,Erythroderma,Red scaly skin caused by inflammatory skin disease,yes
HP:0001022,Albinism,Albinism,yes
HP:0001024,Skin dimple over apex of long bone angulation,,no
HP:0001025,Urticaria,Hives,yes
HP:0001026,Penetrating foot ulcers,Penetrating foot ulcers,yes
HP:0001027,"Soft, doughy skin","Soft, doughy skin",yes
HP:0001028,Hemangioma,Strawberry mark,yes
HP:0001029,Poikiloderma,,no
HP:0001030,Fragile skin,Fragile skin,yes
HP:0001031,Subcutaneous lipoma,,no
HP:0001032,Absent distal interphalangeal creases,,no
HP:0001034,Hypermelanotic macule,Hyperpigmented skin patches,yes
HP:0001036,Parakeratosis,,no
HP:0001038,Warfarin-induced skin necrosis,,no
HP:0001039,Atheroeruptive xanthoma,,no
HP:0001040,Multiple pterygia,,no
HP:0001041,Facial erythema,Blushed cheeks,yes
HP:0001042,High axial triradius,,no
HP:0001043,Prominent scalp veins,Prominent scalp veins,yes
HP:0001045,Vitiligo,Blotchy loss of skin color,yes
HP:0001046,Intermittent jaundice,Intermittent yellow skin,yes
HP:0001047,Atopic dermatitis,Baby eczema,yes
HP:0001048,Cavernous hemangioma,Collection of dilated blood vessels that forms mass,yes
HP:0001049,Absent dorsal skin creases over affected joints,,no
HP:0001050,Plethora,,no
HP:0001051,Seborrheic dermatitis,,no
HP:0001052,Nevus flammeus,port-wine stain,yes
HP:0001053,Hypopigmented skin patches,Patchy loss of skin color,yes
HP:0001054,Numerous nevi,Numerous moles,yes
HP:0001055,Erysipelas,,no
HP:0001056,Milia,Milk spot,yes
HP:0001057,Aplasia cutis congenita,Absence of part of skin at birth,yes
HP:0001058,Poor wound healing,Poor wound healing,yes
HP:0001059,Pterygium,,no
HP:0001060,Axillary pterygium,,no
HP:0001061,Acne,Acne,yes
HP:0001062,Atypical nevus,Atypical mole,yes
HP:0001063,Acrocyanosis,Persistent blue color of hands or feet,yes
HP:0001065,Striae distensae,Stretch marks,yes
HP:0001067,Neurofibroma,,no
HP:0001069,Episodic hyperhidrosis,Sporadic excessive sweating,yes
HP:0001070,Mottled pigmentation,Mottled skin coloring,yes
HP:0001071,Angiokeratoma corporis diffusum,,no
HP:0001072,Thickened skin,Diffusely thickened skin,yes
HP:0001073,Cigarette-paper scars,Cigarette paper scarring,yes
HP:0001074,Atypical nevi in non-sun exposed areas,,no
HP:0001075,Atrophic scars,Sunken or indented skin due to damage,yes
HP:0001076,Glabellar hemangioma,,no
HP:0001080,Biliary tract abnormality,,no
HP:0001081,Cholelithiasis,Gallstones,yes
HP:0001082,Cholecystitis,Gallbladder inflammation,yes
HP:0001083,Ectopia lentis,,no
HP:0001084,Corneal arcus,,no
HP:0001085,Papilledema,,no
HP:0001087,Developmental glaucoma,,no
HP:0001088,Brushfield spots,Speckled iris,yes
HP:0001089,Iris atrophy,Iris degeneration,yes
HP:0001090,Abnormally large globe,Increased size of eyes,yes
HP:0001092,Absent lacrimal punctum,,no
HP:0001093,Optic nerve dysplasia,,no
HP:0001094,Iridocyclitis,,no
HP:0001095,Hypertensive retinopathy,,no
HP:0001096,Keratoconjunctivitis,,no
HP:0001097,Keratoconjunctivitis sicca,Dry eye syndrome,yes
HP:0001098,Abnormal fundus morphology,,no
HP:0001099,Atrophic fundus lesion,,no
HP:0001100,Heterochromia iridis,Different colored eyes,yes
HP:0001101,Iritis,Inflammation of iris,yes
HP:0001102,Angioid streaks,,no
HP:0001103,Abnormal macular morphology,,no
HP:0001104,Macular hypoplasia,,no
HP:0001105,Retinal atrophy,,no
HP:0001106,Periorbital hyperpigmentation,Dark circles around the eyes,yes
HP:0001107,Ocular albinism,Absent pigmentation in the eye,yes
HP:0001112,Leber optic atrophy,,no
HP:0001114,Xanthelasma,Fatty deposits in skin around the eyes,yes
HP:0001115,Posterior polar cataract,,no
HP:0001116,Macular pseudocoloboma,,no
HP:0001117,Sudden loss of visual acuity,Sudden decrease in vision,yes
HP:0001118,Juvenile cataract,,no
HP:0001119,Keratoglobus,,no
HP:0001120,Abnormality of corneal size,,no
HP:0001123,Visual field defect,Partial loss of field of vision,yes
HP:0001125,Transient unilateral blurring of vision,,no
HP:0001126,Cryptophthalmos,,no
HP:0001128,Trichiasis,Ingrown eyelashes,yes
HP:0001129,Large central visual field defect,Large central loss of field of vision,yes
HP:0001131,Corneal dystrophy,,no
HP:0001132,Lens subluxation,Partially dislocated lens,yes
HP:0001133,Constriction of peripheral visual field,Limited peripheral vision,yes
HP:0001134,Anterior polar cataract,,no
HP:0001135,Chorioretinal dystrophy,,no
HP:0001136,Retinal arteriolar tortuosity,,no
HP:0001137,Alternating esotropia,Alternating cross eyes,yes
HP:0001138,Optic neuropathy,Damaged optic nerve,yes
HP:0001139,Chorioretinal scalloped atrophy,,no
HP:0001140,Limbal dermoid,Benign eye tumor,yes
HP:0001141,Severely reduced visual acuity,Marked vision impairment,yes
HP:0001142,Lenticonus,,no
HP:0001144,Orbital cyst,Cyst of eye socket,yes
HP:0001147,Retinal exudate,,no
HP:0001149,Lattice corneal dystrophy,,no
HP:0001151,Impaired horizontal smooth pursuit,,no
HP:0001152,Saccadic smooth pursuit interruptions,,no
HP:0001153,Septate vagina,Double vagina,yes
HP:0001155,Abnormality of the hand,Abnormal hands,yes
HP:0001156,Brachydactyly,Short fingers or toes,yes
HP:0001159,Syndactyly,Webbed fingers or toes,yes
HP:0001161,Hand polydactyly,Extra finger,yes
HP:0001162,Postaxial hand polydactyly,Extra little finger,yes
HP:0001166,Arachnodactyly,Long slender fingers,yes
HP:0001167,Abnormal finger morphology,Abnormalities of the fingers,yes
HP:0001169,Broad palm,Broad hand,yes
HP:0001171,Split hand,Split hand,yes
HP:0001172,Abnormal thumb morphology,Abnormality of the thumb,yes
HP:0001176,Large hands,large hand,yes
HP:0001177,Preaxial hand polydactyly,Extra thumb,yes
HP:0001178,Ulnar claw,,no
HP:0001181,Adducted thumb,Inward turned thumb,yes
HP:0001182,Tapered finger,Tapered finger,yes
HP:0001187,Hyperextensibility of the finger joints,Finger joint hyperextensibility,yes
HP:0001188,Hand clenching,Clenched hands,yes
HP:0001191,Abnormal carpal morphology,Abnormal wrist bones,yes
HP:0001193,Ulnar deviation of the hand or of fingers of the hand,,no
HP:0001194,Abnormalities of placenta or umbilical cord,Abnormalities of placenta or umbilical cord,yes
HP:0001195,Single umbilical artery,Only one artery in umbilical cord instead of two,yes
HP:0001196,Short umbilical cord,Short umbilical cord,yes
HP:0001197,Abnormality of prenatal development or birth,Abnormality of prenatal development or birth,yes
HP:0001199,Triphalangeal thumb,Finger-like thumb,yes
HP:0001204,Distal finger symphalangism,Fused outermost bones of hand,yes
HP:0001211,Abnormal fingertip morphology,Abnormality of the fingertips,yes
HP:0001212,Prominent fingertip pads,Prominent finger pads,yes
HP:0001215,Camptodactyly of 2nd-5th fingers,,no
HP:0001216,Delayed ossification of carpal bones,Delayed maturation of wrist bone,yes
HP:0001217,Clubbing,Clubbing of fingers and toes,yes
HP:0001218,Autoamputation,,no
HP:0001220,Interphalangeal joint contracture of finger,,no
HP:0001222,Spatulate thumbs,Spoon shaped thumbs,yes
HP:0001223,Pointed proximal second through fifth metacarpals,,no
HP:0001225,Wrist swelling,Wrist swelling,yes
HP:0001227,Abnormality of the thenar eminence,,no
HP:0001230,Broad metacarpals,Wide long bones of hand,yes
HP:0001231,Abnormal fingernail morphology,Abnormal fingernails,yes
HP:0001232,Nail bed telangiectasia,,no
HP:0001233,2-3 finger cutaneous syndactyly,Webbed 2nd-3rd fingers,yes
HP:0001234,Hitchhiker thumb,Hitchhiker thumb,yes
HP:0001238,Slender finger,Narrow fingers,yes
HP:0001239,Wrist flexion contracture,,no
HP:0001241,Capitate-hamate fusion,,no
HP:0001245,Small thenar eminence,,no
HP:0001248,Short tubular bones of the hand,,no
HP:0001249,Intellectual disability,Intellectual disability,yes
HP:0001250,Seizure,Epilepsy,yes
HP:0001251,Ataxia,,no
HP:0001252,Hypotonia,Low muscle tone,yes
HP:0001254,Lethargy,Lethargy,yes
HP:0001256,Mild intellectual disability,"Intellectual disability, mild",yes
HP:0001257,Spasticity,"Involuntary muscle stiffness, contraction, or spasm",yes
HP:0001258,Spastic paraplegia,,no
HP:0001259,Coma,Coma,yes
HP:0001260,Dysarthria,Difficulty articulating speech,yes
HP:0001262,Excessive daytime somnolence,Excessive daytime sleepiness,yes
HP:0001263,Global developmental delay,,no
HP:0001264,Spastic diplegia,,no
HP:0001265,Hyporeflexia,Decreased reflex response,yes
HP:0001266,Choreoathetosis,,no
HP:0001268,Mental deterioration,Cognitive decline,yes
HP:0001269,Hemiparesis,Weakness of one side of body,yes
HP:0001270,Motor delay,,no
HP:0001271,Polyneuropathy,Peripheral nerve disease,yes
HP:0001272,Cerebellar atrophy,Degeneration of cerebellum,yes
HP:0001273,Abnormal corpus callosum morphology,,no
HP:0001274,Agenesis of corpus callosum,,no
HP:0001276,Hypertonia,Spasticity and rigidity of muscles,yes
HP:0001278,Orthostatic hypotension,Decrease in blood pressure upon standing up,yes
HP:0001279,Syncope,Fainting spell,yes
HP:0001281,Tetany,Intermittent involuntary muscle spasm,yes
HP:0001283,Bulbar palsy,,no
HP:0001284,Areflexia,Absent reflexes,yes
HP:0001285,Spastic tetraparesis,,no
HP:0001287,Meningitis,,no
HP:0001288,Gait disturbance,Abnormal gait,yes
HP:0001289,Confusion,Confusion,yes
HP:0001290,Generalized hypotonia,Generalized decreased muscle tone,yes
HP:0001291,Abnormal cranial nerve morphology,,no
HP:0001293,Cranial nerve compression,,no
HP:0001297,Stroke,Stroke,yes
HP:0001298,Encephalopathy,,no
HP:0001300,Parkinsonism,,no
HP:0001301,Chronic sensorineural polyneuropathy,,no
HP:0001302,Pachygyria,Fewer and broader ridges in brain,yes
HP:0001304,Torsion dystonia,,no
HP:0001305,Dandy-Walker malformation,,no
HP:0001308,Tongue fasciculations,Tongue twitching,yes
HP:0001310,Dysmetria,Lack of coordination of movement,yes
HP:0001311,Abnormal nervous system electrophysiology,,no
HP:0001312,Giant somatosensory evoked potentials,,no
HP:0001315,Diminished deep tendon reflex,,no
HP:0001317,Abnormal cerebellum morphology,Abnormality of the cerebellum,yes
HP:0001319,Neonatal hypotonia,"Low muscle tone, in neonatal onset",yes
HP:0001320,Cerebellar vermis hypoplasia,,no
HP:0001321,Cerebellar hypoplasia,Small cerebellum,yes
HP:0001324,Muscle weakness,Muscle weakness,yes
HP:0001325,Hypoglycemic coma,Coma caused by low blood sugar,yes
HP:0001326,EEG with irregular generalized spike and wave complexes,,no
HP:0001327,Photosensitive myoclonic seizure,,no
HP:0001328,Specific learning disability,,no
HP:0001331,Absent septum pellucidum,,no
HP:0001332,Dystonia,,no
HP:0001334,Communicating hydrocephalus,,no
HP:0001335,Bimanual synkinesia,Hand mirror movements,yes
HP:0001336,Myoclonus,Jerking,yes
HP:0001337,Tremor,Tremor,yes
HP:0001338,Partial agenesis of the corpus callosum,,no
HP:0001339,Lissencephaly,Fewer or absent grooves in brain,yes
HP:0001340,Enhancement of the C-reflex,,no
HP:0001341,Olfactory lobe agenesis,Olfactory lobe absence,yes
HP:0001342,Cerebral hemorrhage,Bleeding in brain,yes
HP:0001343,Kernicterus,,no
HP:0001344,Absent speech,Absent speech development,yes
HP:0001345,Psychotic mentation,,no
HP:0001347,Hyperreflexia,Increased reflexes,yes
HP:0001348,Brisk reflexes,,no
HP:0001349,Facial diplegia,,no
HP:0001350,Slurred speech,Slurred speech,yes
HP:0001351,Jerk-locked premyoclonus spikes,,no
HP:0001355,Megalencephaly,Enlarged brain,yes
HP:0001357,Plagiocephaly,Asymmetry of the posterior head,yes
HP:0001360,Holoprosencephaly,,no
HP:0001361,Nystagmus-induced head nodding,,no
HP:0001362,Calvarial skull defect,Cranial defect,yes
HP:0001363,Craniosynostosis,Deformity of the skull,yes
HP:0001367,Abnormal joint morphology,Abnormal shape of joints,yes
HP:0001369,Arthritis,Arthritis,yes
HP:0001370,Rheumatoid arthritis,Rheumatoid arthritis,yes
HP:0001371,Flexion contracture,Flexed joint that cannot be straightened,yes
HP:0001373,Joint dislocation,Joint dislocation,yes
HP:0001374,Congenital hip dislocation,Dislocated hip since birth,yes
HP:0001376,Limitation of joint mobility,Decreased joint mobility,yes
HP:0001377,Limited elbow extension,Decreased elbow extension,yes
HP:0001382,Joint hypermobility,Double-Jointed,yes
HP:0001384,Abnormal hip joint morphology,Abnormality of the hip joint,yes
HP:0001385,Hip dysplasia,Abnormal formation of the hip,yes
HP:0001386,Joint swelling,Joint swelling,yes
HP:0001387,Joint stiffness,Joint stiffness,yes
HP:0001392,Abnormality of the liver,Abnormal liver,yes
HP:0001394,Cirrhosis,Scar tissue replaces healthy tissue in the liver,yes
HP:0001395,Hepatic fibrosis,,no
HP:0001396,Cholestasis,Slowed or blocked flow of bile from liver,yes
HP:0001397,Hepatic steatosis,Fatty infiltration of liver,yes
HP:0001399,Hepatic failure,Liver failure,yes
HP:0001401,Intrahepatic biliary dysgenesis,,no
HP:0001402,Hepatocellular carcinoma,,no
HP:0001403,Macrovesicular hepatic steatosis,,no
HP:0001404,Hepatocellular necrosis,Death of liver cells,yes
HP:0001405,Periportal fibrosis,,no
HP:0001406,Intrahepatic cholestasis,Impaired release of bile from liver,yes
HP:0001407,Hepatic cysts,Liver cysts,yes
HP:0001408,Bile duct proliferation,,no
HP:0001409,Portal hypertension,,no
HP:0001410,Decreased liver function,Decreased liver function,yes
HP:0001412,Enteroviral hepatitis,,no
HP:0001413,Micronodular cirrhosis,,no
HP:0001414,Microvesicular hepatic steatosis,,no
HP:0001430,Abnormal calf musculature morphology,Abnormal calf muscles,yes
HP:0001433,Hepatosplenomegaly,Enlarged liver and spleen,yes
HP:0001435,Abnormality of the shoulder girdle musculature,,no
HP:0001436,Abnormality of the foot musculature,Abnormal foot muscles,yes
HP:0001437,Abnormality of the musculature of the lower limbs,,no
HP:0001438,Abnormal abdomen morphology,Abdomen abnormality,yes
HP:0001440,Metatarsal synostosis,Fusion of the long bones of the feet,yes
HP:0001446,Abnormality of the musculature of the upper limbs,Abnormal upper limb muscles,yes
HP:0001449,Duplication of metatarsal bones,Duplication of long bones of foot,yes
HP:0001457,Abnormality of the musculature of the upper arm,,no
HP:0001459,1-3 toe syndactyly,Webbed 1st-3rd toes,yes
HP:0001460,Aplasia/Hypoplasia involving the skeletal musculature,Absent/small skeletal muscles,yes
HP:0001464,Aplasia/Hypoplasia involving the shoulder musculature,Absent/small shoulder muscles,yes
HP:0001473,Metatarsal osteolysis,,no
HP:0001474,Sclerotic scapulae,,no
HP:0001476,Delayed closure of the anterior fontanelle,Delayed closure of the soft spot on the skull,yes
HP:0001477,Compensatory chin elevation,,no
HP:0001480,Freckling,Freckling,yes
HP:0001482,Subcutaneous nodule,Firm lump under the skin,yes
HP:0001483,Eye poking,,no
HP:0001488,Bilateral ptosis,Drooping of both upper eyelids,yes
HP:0001489,Posterior vitreous detachment,,no
HP:0001491,Congenital fibrosis of extraocular muscles,,no
HP:0001492,Axenfeld anomaly,,no
HP:0001493,Falciform retinal fold,,no
HP:0001495,Carpal osteolysis,,no
HP:0001498,Carpal bone hypoplasia,Small carpal bones,yes
HP:0001500,Broad finger,Broad finger,yes
HP:0001501,6 metacarpals,6 long bones of hand,yes
HP:0001504,Metacarpal osteolysis,,no
HP:0001507,Growth abnormality,Abnormal growth,yes
HP:0001508,Failure to thrive,Faltering weight,yes
HP:0001510,Growth delay,Delayed growth,yes
HP:0001511,Intrauterine growth retardation,Prenatal growth deficiency,yes
HP:0001513,Obesity,Having too much body fat,yes
HP:0001518,Small for gestational age,Birth weight less than 10th percentile,yes
HP:0001519,Disproportionate tall stature,,no
HP:0001520,Large for gestational age,Birth weight > 90th percentile,yes
HP:0001525,Severe failure to thrive,Severe faltering weight,yes
HP:0001528,Hemihypertrophy,Asymmetric overgrowth,yes
HP:0001530,Mild postnatal growth retardation,Mild growth deficiency,yes
HP:0001531,Failure to thrive in infancy,Faltering weight in infancy,yes
HP:0001533,Slender build,Slender build,yes
HP:0001537,Umbilical hernia,,no
HP:0001538,Protuberant abdomen,Belly sticks out,yes
HP:0001539,Omphalocele,,no
HP:0001540,Diastasis recti,Gap between large left and right abdominal muscles,yes
HP:0001541,Ascites,Accumulation of fluid in the abdomen,yes
HP:0001543,Gastroschisis,,no
HP:0001544,Prominent umbilicus,Prominent belly button,yes
HP:0001545,Anteriorly placed anus,,no
HP:0001547,Abnormal rib cage morphology,Abnormality of the rib cage,yes
HP:0001548,Overgrowth,General overgrowth,yes
HP:0001551,Abnormal umbilicus morphology,Abnormal belly button,yes
HP:0001552,Barrel-shaped chest,Barrel chest,yes
HP:0001555,Asymmetry of the thorax,Asymmetric chest,yes
HP:0001557,Prenatal movement abnormality,,no
HP:0001558,Decreased fetal movement,Less than 10 fetal movements in 12 hours,yes
HP:0001560,Abnormality of the amniotic fluid,,no
HP:0001561,Polyhydramnios,High levels of amniotic fluid,yes
HP:0001562,Oligohydramnios,Low levels of amniotic fluid,yes
HP:0001563,Fetal polyuria,,no
HP:0001566,Widely-spaced maxillary central incisors,Central incisor gap,yes
HP:0001571,Multiple impacted teeth,Impacted teeth,yes
HP:0001572,Macrodontia,Increased size of tooth,yes
HP:0001574,Abnormality of the integument,,no
HP:0001579,Primary hypercortisolism,,no
HP:0001580,Pigmented micronodular adrenocortical disease,,no
HP:0001581,Recurrent skin infections,Recurrent skin infections,yes
HP:0001582,Redundant skin,Loose redundant skin,yes
HP:0001583,Rotary nystagmus,,no
HP:0001586,Vesicovaginal fistula,,no
HP:0001591,Bell-shaped thorax,,no
HP:0001592,Selective tooth agenesis,Absence of a tooth,yes
HP:0001593,Maxillary lateral incisor microdontia,,no
HP:0001595,Abnormal hair morphology,Abnormality of the hair,yes
HP:0001596,Alopecia,Hair loss,yes
HP:0001597,Abnormal nail morphology,Abnormality of the nail,yes
HP:0001598,Concave nail,Spoon-shaped nails,yes
HP:0001600,Abnormality of the larynx,,no
HP:0001601,Laryngomalacia,Softening of voice box tissue,yes
HP:0001602,Laryngeal stenosis,,no
HP:0001604,Vocal cord paresis,Weakness of the vocal cords,yes
HP:0001605,Vocal cord paralysis,Inability to move vocal cords,yes
HP:0001607,Subglottic stenosis,,no
HP:0001608,Abnormality of the voice,Abnormality of the voice,yes
HP:0001609,Hoarse voice,Hoarse voice,yes
HP:0001611,Hypernasal speech,Nasal speech,yes
HP:0001612,Weak cry,,no
HP:0001615,Hoarse cry,Hoarse cry,yes
HP:0001618,Dysphonia,Inability to produce voice sounds,yes
HP:0001620,Abnormally high-pitched voice,High pitched voice,yes
HP:0001621,Weak voice,Soft voice,yes
HP:0001622,Premature birth,Premature birth,yes
HP:0001623,Breech presentation,Feet or buttocks of fetus positioned near opening of uterus,yes
HP:0001626,Abnormality of the cardiovascular system,Abnormality of the cardiovascular system,yes
HP:0001627,Abnormal heart morphology,Abnormality of the heart,yes
HP:0001629,Ventricular septal defect,Hole in heart wall separating two lower heart chambers,yes
HP:0001631,Atrial septal defect,An opening in the wall separating the top two chambers of the heart,yes
HP:0001633,Abnormal mitral valve morphology,,no
HP:0001634,Mitral valve prolapse,,no
HP:0001635,Congestive heart failure,Cardiac failure,yes
HP:0001636,Tetralogy of Fallot,,no
HP:0001637,Abnormal myocardium morphology,,no
HP:0001638,Cardiomyopathy,Disease of the heart muscle,yes
HP:0001639,Hypertrophic cardiomyopathy,Enlarged and thickened heart muscle,yes
HP:0001640,Cardiomegaly,Enlarged heart,yes
HP:0001641,Abnormal pulmonary valve morphology,,no
HP:0001642,Pulmonic stenosis,Narrowing of pulmonic valve,yes
HP:0001643,Patent ductus arteriosus,,no
HP:0001644,Dilated cardiomyopathy,Stretched and thinned heart muscle,yes
HP:0001645,Sudden cardiac death,Premature sudden cardiac death,yes
HP:0001646,Abnormal aortic valve morphology,,no
HP:0001647,Bicuspid aortic valve,Aortic valve has two leaflets rather than three,yes
HP:0001648,Cor pulmonale,,no
HP:0001649,Tachycardia,Elevated heart rate,yes
HP:0001650,Aortic valve stenosis,Narrowing of aortic valve,yes
HP:0001651,Dextrocardia,Heart tip and four chambers point towards right side of body,yes
HP:0001653,Mitral regurgitation,,no
HP:0001654,Abnormal heart valve morphology,,no
HP:0001655,Patent foramen ovale,,no
HP:0001657,Prolonged QT interval,,no
HP:0001658,Myocardial infarction,Heart attack,yes
HP:0001659,Aortic regurgitation,,no
HP:0001660,Truncus arteriosus,,no
HP:0001662,Bradycardia,Slow heartbeats,yes
HP:0001663,Ventricular fibrillation,,no
HP:0001664,Torsade de pointes,,no
HP:0001667,Right ventricular hypertrophy,,no
HP:0001669,Transposition of the great arteries,,no
HP:0001670,Asymmetric septal hypertrophy,,no
HP:0001671,Abnormal cardiac septum morphology,,no
HP:0001674,Complete atrioventricular canal defect,,no
HP:0001677,Coronary artery atherosclerosis,Plaque build-up in arteries supplying blood to heart,yes
HP:0001678,Atrioventricular block,Interruption of electrical communication between upper and lower chambers of heart,yes
HP:0001679,Abnormal aortic morphology,,no
HP:0001680,Coarctation of aorta,Narrowing of aorta,yes
HP:0001681,Angina pectoris,,no
HP:0001682,Subvalvular aortic stenosis,Narrowing of blood vessel below aortic heart valve,yes
HP:0001683,Ectopia cordis,,no
HP:0001684,Secundum atrial septal defect,,no
HP:0001685,Myocardial fibrosis,,no
HP:0001686,Loss of voice,,no
HP:0001688,Sinus bradycardia,,no
HP:0001691,Muscular subvalvular aortic stenosis,,no
HP:0001692,Atrial arrhythmia,,no
HP:0001693,Cardiac shunt,,no
HP:0001694,Right-to-left shunt,,no
HP:0001695,Cardiac arrest,Heart stops beating,yes
HP:0001696,Situs inversus totalis,All organs on wrong side of body,yes
HP:0001697,Abnormal pericardium morphology,,no
HP:0001698,Pericardial effusion,Fluid around heart,yes
HP:0001699,Sudden death,,no
HP:0001700,Myocardial necrosis,,no
HP:0001701,Pericarditis,Swelling or irritation of membrane around heart,yes
HP:0001702,Abnormal tricuspid valve morphology,,no
HP:0001704,Tricuspid valve prolapse,,no
HP:0001705,Right ventricular outlet tract obstruction,,no
HP:0001706,Endocardial fibroelastosis,,no
HP:0001707,Abnormal right ventricle morphology,,no
HP:0001708,Right ventricular failure,,no
HP:0001709,Third degree atrioventricular block,Complete heart block,yes
HP:0001710,Conotruncal defect,,no
HP:0001711,Abnormal left ventricle morphology,,no
HP:0001712,Left ventricular hypertrophy,,no
HP:0001713,Abnormal cardiac ventricle morphology,,no
HP:0001714,Ventricular hypertrophy,,no
HP:0001716,Wolff-Parkinson-White syndrome,,no
HP:0001717,Coronary artery calcification,,no
HP:0001718,Mitral stenosis,,no
HP:0001719,Double outlet right ventricle,,no
HP:0001722,High-output congestive heart failure,,no
HP:0001723,Restrictive cardiomyopathy,,no
HP:0001727,Thromboembolic stroke,,no
HP:0001730,Progressive hearing impairment,,no
HP:0001732,Abnormality of the pancreas,Abnormality of the pancreas,yes
HP:0001733,Pancreatitis,Pancreatic inflammation,yes
HP:0001734,Annular pancreas,,no
HP:0001735,Acute pancreatitis,Acute pancreatic inflammation,yes
HP:0001737,Pancreatic cysts,Multiple pancreatic cysts,yes
HP:0001738,Exocrine pancreatic insufficiency,Inability to properly digest food due to lack of pancreatic digestive enzymes,yes
HP:0001739,Abnormal nasopharynx morphology,,no
HP:0001741,Phimosis,,no
HP:0001742,Nasal congestion,Blockage of nose,yes
HP:0001743,Abnormality of the spleen,Abnormality of the spleen,yes
HP:0001744,Splenomegaly,Increased spleen size,yes
HP:0001746,Asplenia,Absent spleen,yes
HP:0001747,Accessory spleen,,no
HP:0001748,Polysplenia,Multiple small spleens,yes
HP:0001750,Single ventricle,,no
HP:0001751,Abnormal vestibular function,,no
HP:0001756,Vestibular hyporeflexia,,no
HP:0001757,High-frequency sensorineural hearing impairment,,no
HP:0001760,Abnormal foot morphology,Abnormal feet structure,yes
HP:0001761,Pes cavus,High-arched foot,yes
HP:0001762,Talipes equinovarus,Club feet,yes
HP:0001763,Pes planus,Dropped arches,yes
HP:0001765,Hammertoe,Hammer toe,yes
HP:0001769,Broad foot,Broad feet,yes
HP:0001770,Toe syndactyly,Fused toes,yes
HP:0001771,Achilles tendon contracture,Shortening of the achilles tendon,yes
HP:0001772,Talipes equinovalgus,,no
HP:0001773,Short foot,Short feet,yes
HP:0001775,Tarsal osteovalgus,,no
HP:0001776,Bilateral talipes equinovarus,Club foot on both sides,yes
HP:0001780,Abnormal toe morphology,Abnormalities of the toes,yes
HP:0001782,Bulbous tips of toes,,no
HP:0001783,Broad metatarsal,Wide long bone of foot,yes
HP:0001785,Ankle swelling,Ankle swelling,yes
HP:0001786,Narrow foot,Narrow foot,yes
HP:0001787,Abnormal delivery,Abnormal delivery,yes
HP:0001788,Premature rupture of membranes,,no
HP:0001789,Hydrops fetalis,,no
HP:0001790,Nonimmune hydrops fetalis,,no
HP:0001791,Fetal ascites,,no
HP:0001792,Small nail,Small nail,yes
HP:0001795,Hyperconvex nail,Increased nail curvature,yes
HP:0001798,Anonychia,Absent nails,yes
HP:0001799,Short nail,Short nail,yes
HP:0001800,Hypoplastic toenails,Underdeveloped toenails,yes
HP:0001802,Absent toenail,Absent toenail,yes
HP:0001803,Nail pits,Nail pits,yes
HP:0001804,Hypoplastic fingernail,Small fingernail,yes
HP:0001805,Onychogryphosis,Thick nail,yes
HP:0001806,Onycholysis,Detachment of nail,yes
HP:0001807,Ridged nail,Grooved nails,yes
HP:0001808,Fragile nails,Brittle nails,yes
HP:0001809,Split nail,Longitudinal splitting of nail,yes
HP:0001810,Dystrophic toenail,Poor toenail formation,yes
HP:0001812,Hyperconvex fingernails,,no
HP:0001814,Deep-set nails,Deep-set nails,yes
HP:0001816,Thin nail,Thin nail,yes
HP:0001817,Absent fingernail,Absent fingernail,yes
HP:0001818,Paronychia,,no
HP:0001820,Leukonychia,White discoloration of nails,yes
HP:0001821,Broad nail,Broad fingernails,yes
HP:0001822,Hallux valgus,Bunion,yes
HP:0001824,Weight loss,,no
HP:0001829,Foot polydactyly,Duplication of bones of the toes,yes
HP:0001830,Postaxial foot polydactyly,Extra toe attached near the little toe,yes
HP:0001831,Short toe,Short toe,yes
HP:0001832,Abnormal metatarsal morphology,Abnormality of the long bone of foot,yes
HP:0001833,Long foot,Disproportionately large feet,yes
HP:0001836,Camptodactyly of toe,,no
HP:0001837,Broad toe,Broad toe,yes
HP:0001838,Rocker bottom foot,Rocker bottom feet,yes
HP:0001839,Split foot,Lobster-claw foot deformity,yes
HP:0001840,Metatarsus adductus,Front half of foot turns inward,yes
HP:0001841,Preaxial foot polydactyly,,no
HP:0001842,Foot acroosteolysis,,no
HP:0001844,Abnormal hallux morphology,Abnormality of the big toe,yes
HP:0001845,Overlapping toe,Crossover toe,yes
HP:0001847,Long hallux,Long big toe,yes
HP:0001848,Calcaneovalgus deformity,Foot and ankle bend up toward shin of leg,yes
HP:0001849,Foot oligodactyly,Missing toes,yes
HP:0001850,Abnormality of the tarsal bones,Abnormal ankle bones,yes
HP:0001852,Sandal gap,Gap between 1st and 2nd toes,yes
HP:0001853,Bifid distal phalanx of toe,Notched outermost bones of toes,yes
HP:0001854,Podagra,,no
HP:0001857,Short distal phalanx of toe,Short outermost bone of toe,yes
HP:0001859,Distal toe symphalangism,,no
HP:0001863,Toe clinodactyly,Toe curvature,yes
HP:0001864,Clinodactyly of the 5th toe,,no
HP:0001868,Autoamputation of foot,,no
HP:0001869,Deep plantar creases,Deep wrinkles in soles of feet,yes
HP:0001870,Acroosteolysis of distal phalanges (feet),,no
HP:0001871,Abnormality of blood and blood-forming tissues,Abnormality of blood and blood-forming tissues,yes
HP:0001872,Abnormality of thrombocytes,Platelet abnormalities,yes
HP:0001873,Thrombocytopenia,Low platelet count,yes
HP:0001874,Abnormality of neutrophils,Abnormality of neutrophils,yes
HP:0001875,Decreased total neutrophil count,Low blood neutrophil count,yes
HP:0001876,Pancytopenia,Low blood cell count,yes
HP:0001877,Abnormal erythrocyte morphology,,no
HP:0001878,Hemolytic anemia,,no
HP:0001879,Abnormal eosinophil morphology,,no
HP:0001880,Increased total eosinophil count,High blood eosinophil count,yes
HP:0001881,Abnormal leukocyte morphology,,no
HP:0001882,Decreased total leukocyte count,Decreased blood leukocyte number,yes
HP:0001883,Talipes,,no
HP:0001884,Talipes calcaneovalgus,,no
HP:0001885,Short 2nd toe,Short second toe,yes
HP:0001886,Foot osteomyelitis,Foot bone infection,yes
HP:0001888,Decreased total lymphocyte count,Decreased blood lymphocyte number,yes
HP:0001889,Megaloblastic anemia,,no
HP:0001890,Autoimmune hemolytic anemia,,no
HP:0001891,Iron deficiency anemia,,no
HP:0001892,Abnormal bleeding,Bleeding tendency,yes
HP:0001894,Thrombocytosis,Increased number of platelets in blood,yes
HP:0001895,Normochromic anemia,,no
HP:0001896,Reticulocytopenia,,no
HP:0001897,Normocytic anemia,,no
HP:0001898,Increased red blood cell mass,,no
HP:0001899,Increased hematocrit,,no
HP:0001900,Increased circulating hemoglobin concentration,,no
HP:0001901,Polycythemia,Increased red blood cells,yes
HP:0001902,Giant platelets,,no
HP:0001903,Anemia,Low number of red blood cells or hemoglobin,yes
HP:0001904,Autoimmune neutropenia,,no
HP:0001905,Congenital thrombocytopenia,,no
HP:0001907,Thromboembolism,,no
HP:0001908,Hypoplastic anemia,,no
HP:0001909,Leukemia,Blood cancer,yes
HP:0001911,Abnormal granulocyte morphology,,no
HP:0001912,Abnormal basophil morphology,,no
HP:0001913,Decreased total granulocyte count,,no
HP:0001915,Aplastic anemia,,no
HP:0001917,Renal amyloidosis,,no
HP:0001919,Acute kidney injury,,no
HP:0001920,Renal artery stenosis,Narrowing of kidney artery,yes
HP:0001922,Vacuolated lymphocytes,,no
HP:0001923,Reticulocytosis,Increased immature red blood cells,yes
HP:0001924,Sideroblastic anemia,,no
HP:0001927,Acanthocytosis,,no
HP:0001928,Abnormality of coagulation,,no
HP:0001929,Reduced factor XI activity,,no
HP:0001930,Nonspherocytic hemolytic anemia,,no
HP:0001931,Hypochromic anemia,,no
HP:0001933,Subcutaneous hemorrhage,Bleeding below the skin,yes
HP:0001934,Persistent bleeding after trauma,Excessive bleeding after minor trauma,yes
HP:0001935,Microcytic anemia,,no
HP:0001937,Microangiopathic hemolytic anemia,,no
HP:0001939,Abnormality of metabolism/homeostasis,Laboratory abnormality,yes
HP:0001941,Acidosis,,no
HP:0001942,Metabolic acidosis,,no
HP:0001943,Hypoglycemia,Low blood sugar,yes
HP:0001944,Dehydration,Dehydration,yes
HP:0001945,Fever,Fever,yes
HP:0001946,Ketosis,High levels of ketone bodies,yes
HP:0001947,Renal tubular acidosis,Accumulation of acid in body due to kidney problem,yes
HP:0001948,Alkalosis,,no
HP:0001949,Hypokalemic alkalosis,,no
HP:0001950,Respiratory alkalosis,,no
HP:0001951,Episodic ammonia intoxication,,no
HP:0001952,Glucose intolerance,Glucose intolerance,yes
HP:0001953,Diabetic ketoacidosis,,no
HP:0001954,Recurrent fever,Episodic fever,yes
HP:0001955,Unexplained fevers,Unexplained fevers,yes
HP:0001956,Truncal obesity,Truncal obesity,yes
HP:0001958,Nonketotic hypoglycemia,,no
HP:0001959,Polydipsia,Extreme thirst,yes
HP:0001960,Hypokalemic metabolic alkalosis,,no
HP:0001961,Hypoplastic ventricle,Underdeveloped cardiac ventricle,yes
HP:0001962,Palpitations,Missed heart beat,yes
HP:0001963,Abnormal speech discrimination,Abnormal speech discrimination,yes
HP:0001964,Aplasia/Hypoplasia of metatarsal bones,Absent/small long bone of foot,yes
HP:0001965,Abnormal scalp morphology,Abnormality of the scalp,yes
HP:0001966,Abnormal glomerular mesangium morphology,,no
HP:0001967,Diffuse mesangial sclerosis,,no
HP:0001969,Abnormal tubulointerstitial morphology,,no
HP:0001970,Tubulointerstitial nephritis,,no
HP:0001971,Hypersplenism,,no
HP:0001972,Macrocytic anemia,,no
HP:0001973,Autoimmune thrombocytopenia,,no
HP:0001974,Increased total leukocyte count,Elevated white blood count,yes
HP:0001975,Decreased platelet glycoprotein IIb-IIIa,,no
HP:0001976,Reduced antithrombin III activity,,no
HP:0001977,Abnormal thrombosis,Abnormal blood clot,yes
HP:0001978,Extramedullary hematopoiesis,,no
HP:0001980,Megaloblastic bone marrow,,no
HP:0001981,Schistocytosis,,no
HP:0001982,Sea-blue histiocytosis,,no
HP:0001984,Intolerance to protein,,no
HP:0001985,Hypoketotic hypoglycemia,,no
HP:0001986,Hypertonic dehydration,,no
HP:0001987,Hyperammonemia,High blood ammonia levels,yes
HP:0001988,Recurrent hypoglycemia,Recurrent low blood sugar levels,yes
HP:0001989,Fetal akinesia sequence,,no
HP:0001991,Aplasia/Hypoplasia of toe,Absent/small toe,yes
HP:0001992,Organic aciduria,,no
HP:0001993,Ketoacidosis,,no
HP:0001994,Renal Fanconi syndrome,,no
HP:0001995,Hyperchloremic acidosis,,no
HP:0001996,Chronic metabolic acidosis,,no
HP:0001997,Gout,,no
HP:0001998,Neonatal hypoglycemia,Low blood sugar in newborn,yes
HP:0001999,Abnormal facial shape,Abnormal facial shape,yes
HP:0002000,Short columella,,no
HP:0002002,Deep philtrum,,no
HP:0002003,Large forehead,Increased size of forehead,yes
HP:0002006,Tessier cleft,Cleft of the face,yes
HP:0002007,Frontal bossing,,no
HP:0002009,Potter facies,,no
HP:0002010,Narrow maxilla,Decreased breadth of upper jaw bones,yes
HP:0002011,Morphological central nervous system abnormality,,no
HP:0002012,Abnormality of the abdominal organs,Abnormality of the abdominal organs,yes
HP:0002013,Vomiting,Throwing up,yes
HP:0002014,Diarrhea,Diarrhea,yes
HP:0002015,Dysphagia,Poor swallowing,yes
HP:0002017,Nausea and vomiting,Nausea and vomiting,yes
HP:0002018,Nausea,Nausea,yes
HP:0002019,Constipation,Constipation,yes
HP:0002020,Gastroesophageal reflux,Acid reflux,yes
HP:0002021,Pyloric stenosis,,no
HP:0002023,Anal atresia,Absent anus,yes
HP:0002024,Malabsorption,Intestinal malabsorption,yes
HP:0002025,Anal stenosis,Narrowing of anal opening,yes
HP:0002027,Abdominal pain,Abdominal discomfort,yes
HP:0002028,Chronic diarrhea,Chronic diarrhea,yes
HP:0002031,Abnormal esophagus morphology,Abnormality of esophagus structure,yes
HP:0002032,Esophageal atresia,Birth defect in which part of esophagus did not develop,yes
HP:0002033,Poor suck,Poor suck,yes
HP:0002034,Abnormal rectum morphology,Abnormality of the rectum,yes
HP:0002035,Rectal prolapse,Rectum protrudes through anus,yes
HP:0002036,Hiatus hernia,Stomach hernia,yes
HP:0002037,Inflammation of the large intestine,Inflammation of the large intestine,yes
HP:0002038,Protein avoidance,,no
HP:0002039,Anorexia,Anorexia,yes
HP:0002040,Esophageal varix,Enlarged vein in esophagus,yes
HP:0002041,Intractable diarrhea,,no
HP:0002043,Esophageal stricture,Narrowing of esophagus due to inflammation and scar tissue,yes
HP:0002044,Zollinger-Ellison syndrome,,no
HP:0002045,Hypothermia,Abnormally low body temperature,yes
HP:0002046,Heat intolerance,Heat intolerance,yes
HP:0002047,Malignant hyperthermia,,no
HP:0002048,Renal cortical atrophy,,no
HP:0002049,Proximal renal tubular acidosis,,no
HP:0002050,"Macroorchidism, postpubertal",,no
HP:0002055,Curved linear dimple below the lower lip,,no
HP:0002056,Abnormality of the glabella,Abnormality of the area between the eyebrows,yes
HP:0002057,Prominent glabella,Prominent area between the eyebrows,yes
HP:0002058,Myopathic facies,,no
HP:0002059,Cerebral atrophy,Degeneration of cerebrum,yes
HP:0002060,Abnormal cerebral morphology,,no
HP:0002061,Lower limb spasticity,,no
HP:0002062,Abnormal pyramidal tract morphology,,no
HP:0002063,Rigidity,Muscle rigidity,yes
HP:0002064,Spastic gait,Spastic walk,yes
HP:0002066,Gait ataxia,Inability to coordinate movements when walking,yes
HP:0002067,Bradykinesia,Slow movements,yes
HP:0002068,Neuromuscular dysphagia,,no
HP:0002069,Bilateral tonic-clonic seizure,Grand mal seizures,yes
HP:0002070,Limb ataxia,,no
HP:0002071,Abnormality of extrapyramidal motor function,,no
HP:0002072,Chorea,,no
HP:0002073,Progressive cerebellar ataxia,,no
HP:0002074,Increased neuronal autofluorescent lipopigment,,no
HP:0002075,Dysdiadochokinesis,Difficulty performing quick and alternating movements,yes
HP:0002076,Migraine,Intermittent migraine headaches,yes
HP:0002077,Migraine with aura,,no
HP:0002078,Truncal ataxia,Instability or lack of coordination of central trunk muscles,yes
HP:0002079,Hypoplasia of the corpus callosum,Underdevelopment of part of brain called corpus callosum,yes
HP:0002080,Intention tremor,,no
HP:0002083,Migraine without aura,,no
HP:0002084,Encephalocele,,no
HP:0002085,Occipital encephalocele,Brain tissue sticks out through back of skull,yes
HP:0002086,Abnormality of the respiratory system,,no
HP:0002087,Abnormality of the upper respiratory tract,Abnormality of the upper respiratory tract,yes
HP:0002088,Abnormal lung morphology,Abnormality of lung structure,yes
HP:0002089,Pulmonary hypoplasia,Poorly developed lungs,yes
HP:0002090,Pneumonia,Pneumonia,yes
HP:0002091,Restrictive ventilatory defect,Stiff lung or chest wall causing decreased lung volume,yes
HP:0002092,Pulmonary arterial hypertension,Increased blood pressure in blood vessels of lungs,yes
HP:0002093,Respiratory insufficiency,Respiratory function loss,yes
HP:0002094,Dyspnea,Breathing difficulty,yes
HP:0002097,Emphysema,,no
HP:0002098,Respiratory distress,Breathing difficulties,yes
HP:0002099,Asthma,Asthma,yes
HP:0002100,Recurrent aspiration pneumonia,,no
HP:0002101,Abnormal lung lobation,,no
HP:0002102,Pleuritis,Inflammation of tissues lining lungs and chest,yes
HP:0002103,Abnormal pleura morphology,,no
HP:0002104,Apnea,,no
HP:0002105,Hemoptysis,Coughing up blood,yes
HP:0002107,Pneumothorax,Collapsed lung,yes
HP:0002108,Spontaneous pneumothorax,Spontaneous collapsed lung,yes
HP:0002110,Bronchiectasis,Permanent enlargement of the airways of the lungs,yes
HP:0002113,Pulmonary infiltrates,Lung infiltrates,yes
HP:0002119,Ventriculomegaly,,no
HP:0002120,Cerebral cortical atrophy,Decrease in size of the outer layer of the brain due to loss of brain cells,yes
HP:0002121,Generalized non-motor (absence) seizure,Brief seizures with staring spells,yes
HP:0002123,Generalized myoclonic seizure,,no
HP:0002126,Polymicrogyria,More grooves in brain,yes
HP:0002127,Abnormal upper motor neuron morphology,Abnormal shape of upper motor neuron,yes
HP:0002131,Episodic ataxia,,no
HP:0002132,Porencephalic cyst,Cavity within brain,yes
HP:0002133,Status epilepticus,Repeated seizures without recovery between them,yes
HP:0002134,Abnormal basal ganglia morphology,,no
HP:0002135,Basal ganglia calcification,,no
HP:0002136,Broad-based gait,Wide based walk,yes
HP:0002138,Subarachnoid hemorrhage,,no
HP:0002139,Arrhinencephaly,,no
HP:0002140,Ischemic stroke,,no
HP:0002141,Gait imbalance,Abnormality of balance,yes
HP:0002143,Abnormal spinal cord morphology,Abnormality of the spinal cord,yes
HP:0002144,Tethered cord,,no
HP:0002145,Frontotemporal dementia,,no
HP:0002148,Hypophosphatemia,Low blood phosphate level,yes
HP:0002149,Hyperuricemia,High blood uric acid level,yes
HP:0002150,Hypercalciuria,Elevated urine calcium levels,yes
HP:0002151,Increased circulating lactate concentration,Higher than normal levels of lactate in blood,yes
HP:0002152,Hyperproteinemia,,no
HP:0002153,Hyperkalemia,Increased circulating potassium concentration,yes
HP:0002154,Hyperglycinemia,Elevated blood glycine levels,yes
HP:0002155,Hypertriglyceridemia,Increased plasma triglycerides,yes
HP:0002156,Homocystinuria,High urine homocystine levels,yes
HP:0002157,Azotemia,,no
HP:0002159,Heparan sulfate excretion in urine,,no
HP:0002160,Hyperhomocystinemia,Elevated blood homocystine,yes
HP:0002161,Hyperlysinemia,Elevated blood lysine,yes
HP:0002162,Low posterior hairline,Low hairline at back of neck,yes
HP:0002164,Nail dysplasia,Atypical nail growth,yes
HP:0002165,Nail pterygium,,no
HP:0002166,Impaired vibration sensation in the lower limbs,Decreased lower limb vibratory sense,yes
HP:0002167,Abnormal speech pattern,,no
HP:0002168,Scanning speech,Explosive speech,yes
HP:0002169,Clonus,,no
HP:0002170,Intracranial hemorrhage,Bleeding within the skull,yes
HP:0002171,Gliosis,,no
HP:0002172,Postural instability,Balance impairment,yes
HP:0002173,Hypoglycemic seizures,,no
HP:0002174,Postural tremor,,no
HP:0002176,Spinal cord compression,Pressure on spinal cord,yes
HP:0002179,Opisthotonus,,no
HP:0002180,Neurodegeneration,Ongoing loss of nerve cells,yes
HP:0002181,Cerebral edema,Brain swelling,yes
HP:0002183,Phonophobia,Fear of loud sounds,yes
HP:0002185,Neurofibrillary tangles,,no
HP:0002186,Apraxia,,no
HP:0002187,Profound intellectual disability,IQ less than 20,yes
HP:0002188,Delayed CNS myelination,,no
HP:0002190,Choroid plexus cyst,,no
HP:0002191,Progressive spasticity,,no
HP:0002193,Pseudobulbar affect,,no
HP:0002194,Delayed gross motor development,Delayed motor skills,yes
HP:0002195,Dysgenesis of the cerebellar vermis,,no
HP:0002196,Myelopathy,,no
HP:0002197,Generalized-onset seizure,,no
HP:0002198,Dilated fourth ventricle,,no
HP:0002199,Hypocalcemic seizures,Low calcium seizures,yes
HP:0002200,Pseudobulbar signs,,no
HP:0002202,Pleural effusion,Fluid around lungs,yes
HP:0002203,Respiratory paralysis,,no
HP:0002204,Pulmonary embolism,Blood clot in artery of lung,yes
HP:0002205,Recurrent respiratory infections,Frequent respiratory infections,yes
HP:0002206,Pulmonary fibrosis,Pulmonary scarring,yes
HP:0002207,Diffuse reticular or finely nodular infiltrations,,no
HP:0002208,Coarse hair,Coarse hair,yes
HP:0002209,Sparse scalp hair,Reduced amount of scalp hair,yes
HP:0002211,White forelock,White part of hair above forehead,yes
HP:0002212,Curly hair,Curly hair,yes
HP:0002213,Fine hair,Fine hair,yes
HP:0002215,Sparse axillary hair,Limited armpit hair,yes
HP:0002216,Premature graying of hair,Early graying,yes
HP:0002217,Slow-growing hair,Slow growing hair,yes
HP:0002218,Silver-gray hair,Silver-gray hair,yes
HP:0002219,Facial hypertrichosis,Increased facial hair growth,yes
HP:0002220,Melanin pigment aggregation in hair shafts,,no
HP:0002221,Absent axillary hair,,no
HP:0002223,Absent eyebrow,Absent eyebrow,yes
HP:0002224,Woolly hair,Afro-textured hair,yes
HP:0002225,Sparse pubic hair,Decreased sexual hair,yes
HP:0002226,White eyebrow,Blonde eyebrow,yes
HP:0002227,White eyelashes,Blonde eyelashes,yes
HP:0002230,Generalized hirsutism,Excessive hairiness over body,yes
HP:0002231,Sparse body hair,Sparse body hair,yes
HP:0002232,Patchy alopecia,Patchy baldness,yes
HP:0002234,Early balding,Early balding,yes
HP:0002235,Pili canaliculi,,no
HP:0002236,Frontal upsweep of hair,Cowlick,yes
HP:0002239,Gastrointestinal hemorrhage,Gastrointestinal bleeding,yes
HP:0002240,Hepatomegaly,Enlarged liver,yes
HP:0002242,Abnormal intestine morphology,Abnormality of the intestine,yes
HP:0002243,Protein-losing enteropathy,,no
HP:0002244,Abnormal small intestine morphology,,no
HP:0002245,Meckel diverticulum,,no
HP:0002246,Abnormal duodenum morphology,,no
HP:0002247,Duodenal atresia,Absence or narrowing of first part of small bowel,yes
HP:0002248,Hematemesis,Vomiting blood,yes
HP:0002249,Melena,Black feces,yes
HP:0002250,Abnormal large intestine morphology,Abnormality of the large intestine,yes
HP:0002251,Aganglionic megacolon,Enlarged colon lacking nerve cells,yes
HP:0002253,Colonic diverticula,,no
HP:0002254,Intermittent diarrhea,,no
HP:0002256,Small bowel diverticula,,no
HP:0002257,Chronic rhinitis,,no
HP:0002263,Exaggerated cupid's bow,Cupid bow upper lip,yes
HP:0002265,Large fleshy ears,Large fleshy ears,yes
HP:0002266,Focal clonic seizure,,no
HP:0002267,Exaggerated startle response,,no
HP:0002268,Paroxysmal dystonia,,no
HP:0002269,Abnormality of neuronal migration,,no
HP:0002270,Abnormality of the autonomic nervous system,,no
HP:0002273,Tetraparesis,,no
HP:0002277,Horner syndrome,,no
HP:0002280,Enlarged cisterna magna,,no
HP:0002282,Gray matter heterotopia,,no
HP:0002283,Global brain atrophy,Generalized brain degeneration,yes
HP:0002286,Fair hair,Blond hair,yes
HP:0002287,Progressive alopecia,,no
HP:0002289,Alopecia universalis,,no
HP:0002290,Poliosis,Patch of white hair,yes
HP:0002292,Frontal balding,Frontal balding,yes
HP:0002293,Alopecia of scalp,Absence of scalp hair,yes
HP:0002296,Progressive hypotrichosis,,no
HP:0002297,Red hair,Ginger hair color,yes
HP:0002298,Absent hair,Absent hair,yes
HP:0002299,Brittle hair,Brittle hair,yes
HP:0002300,Mutism,Inability to speak,yes
HP:0002301,Hemiplegia,Paralysis on one side of body,yes
HP:0002304,Akinesia,,no
HP:0002305,Athetosis,"Involuntary writhing movements in fingers, hands, toes, and feet",yes
HP:0002307,Drooling,Dribbling,yes
HP:0002308,Chiari malformation,,no
HP:0002310,Orofacial dyskinesia,,no
HP:0002311,Incoordination,Difficulties in coordination,yes
HP:0002312,Clumsiness,Clumsiness,yes
HP:0002313,Spastic paraparesis,,no
HP:0002314,Degeneration of the lateral corticospinal tracts,,no
HP:0002315,Headache,Headache,yes
HP:0002317,Unsteady gait,Unsteady walk,yes
HP:0002318,Cervical myelopathy,,no
HP:0002321,Vertigo,Dizziness,yes
HP:0002322,Resting tremor,Resting tremor,yes
HP:0002323,Anencephaly,,no
HP:0002324,Hydranencephaly,,no
HP:0002326,Transient ischemic attack,Mini stroke,yes
HP:0002329,Drowsiness,Drowsiness,yes
HP:0002330,Sleep attack,,no
HP:0002331,Recurrent paroxysmal headache,,no
HP:0002332,Lack of peer relationships,,no
HP:0002333,Motor deterioration,Progressive degeneration of movement,yes
HP:0002334,Abnormal cerebellar vermis morphology,,no
HP:0002335,Agenesis of cerebellar vermis,,no
HP:0002339,Abnormal caudate nucleus morphology,,no
HP:0002340,Caudate atrophy,,no
HP:0002341,Cervical cord compression,,no
HP:0002342,Moderate intellectual disability,IQ between 34 and 49,yes
HP:0002343,Normal pressure hydrocephalus,,no
HP:0002344,Progressive neurologic deterioration,Worsening neurological symptoms,yes
HP:0002345,Action tremor,,no
HP:0002346,Head tremor,Head tremor,yes
HP:0002349,Focal aware seizure,,no
HP:0002350,Cerebellar cyst,,no
HP:0002352,Leukoencephalopathy,,no
HP:0002353,EEG abnormality,,no
HP:0002354,Memory impairment,Amnesia,yes
HP:0002356,Writer's cramp,Writer's cramp,yes
HP:0002359,Frequent falls,Frequent falls,yes
HP:0002360,Sleep disturbance,Difficulty sleeping,yes
HP:0002361,Psychomotor deterioration,,no
HP:0002362,Shuffling gait,Shuffled walk,yes
HP:0002363,Abnormal brainstem morphology,Abnormal shape of brainstem,yes
HP:0002365,Hypoplasia of the brainstem,Small brainstem,yes
HP:0002366,Abnormal lower motor neuron morphology,,no
HP:0002367,Visual hallucination,Visual hallucinations,yes
HP:0002371,Loss of speech,Loss of speech,yes
HP:0002372,Normal interictal EEG,,no
HP:0002373,Febrile seizure (within the age range of 3 months to 6 years),,no
HP:0002374,Diminished movement,Diminished movement,yes
HP:0002375,Hypokinesia,Decreased muscle movement,yes
HP:0002376,Developmental regression,Loss of developmental milestones,yes
HP:0002378,Hand tremor,Hand tremor,yes
HP:0002380,Fasciculations,Muscle twitch,yes
HP:0002381,Aphasia,Difficulty finding words,yes
HP:0002383,Infectious encephalitis,Brain inflammation,yes
HP:0002384,Focal impaired awareness seizure,,no
HP:0002385,Paraparesis,Partial paralysis of legs,yes
HP:0002389,Cavum septum pellucidum,,no
HP:0002390,Spinal arteriovenous malformation,,no
HP:0002392,EEG with polyspike wave complexes,,no
HP:0002395,Lower limb hyperreflexia,Overactive lower leg reflex,yes
HP:0002396,Cogwheel rigidity,,no
HP:0002398,Degeneration of anterior horn cells,,no
HP:0002401,Stroke-like episode,,no
HP:0002403,Positive Romberg sign,,no
HP:0002404,Thickened superior cerebellar peduncle,,no
HP:0002406,Limb dysmetria,Uncoordinated limb movement,yes
HP:0002408,Cerebral arteriovenous malformation,,no
HP:0002410,Aqueductal stenosis,,no
HP:0002411,Myokymia,,no
HP:0002414,Spina bifida,Split spine,yes
HP:0002415,Leukodystrophy,,no
HP:0002416,Subependymal cysts,,no
HP:0002418,Abnormal midbrain morphology,Abnormal shape of midbrain,yes
HP:0002419,Molar tooth sign on MRI,,no
HP:0002421,Poor head control,Poor head control,yes
HP:0002423,Long-tract sign,,no
HP:0002425,Anarthria,Loss of articulate speech,yes
HP:0002427,Expressive aphasia,Loss of expressive speech,yes
HP:0002435,Meningocele,,no
HP:0002436,Occipital meningocele,,no
HP:0002439,Frontolimbic dementia,,no
HP:0002442,Dyscalculia,Difficulty making arithmetical calculations,yes
HP:0002444,Hypothalamic hamartoma,,no
HP:0002445,Tetraplegia,Paralysis of all four limbs,yes
HP:0002446,Astrocytosis,,no
HP:0002448,Progressive encephalopathy,Progressive brain disease,yes
HP:0002450,Abnormal motor neuron morphology,Abnormal shape of motor neuron,yes
HP:0002451,Limb dystonia,,no
HP:0002453,Abnormal globus pallidus morphology,,no
HP:0002454,Eye of the tiger anomaly of globus pallidus,,no
HP:0002457,Abnormal head movements,Abnormal head movements,yes
HP:0002460,Distal muscle weakness,Weakness of outermost muscles,yes
HP:0002461,Cerebellar dentate nucleus calcification,,no
HP:0002463,Language impairment,,no
HP:0002464,Spastic dysarthria,,no
HP:0002465,Poor speech,Difficulty speaking,yes
HP:0002470,Nonprogressive cerebellar ataxia,,no
HP:0002472,Small cerebral cortex,,no
HP:0002474,Expressive language delay,Communication delay,yes
HP:0002475,Myelomeningocele,,no
HP:0002476,Primitive reflex,,no
HP:0002478,Progressive spastic quadriplegia,,no
HP:0002480,Hepatic encephalopathy,,no
HP:0002483,Bulbar signs,,no
HP:0002486,Myotonia,,no
HP:0002487,Hyperkinetic movements,Hyperactive movements,yes
HP:0002488,Acute leukemia,Acute blood cancer,yes
HP:0002490,Increased CSF lactate,,no
HP:0002491,Spasticity of facial muscles,Increased stiffness of facial muscles,yes
HP:0002492,Abnormal corticospinal tract morphology,,no
HP:0002493,Upper motor neuron dysfunction,,no
HP:0002494,Abnormal rapid eye movement sleep,,no
HP:0002495,Impaired vibratory sensation,Decreased vibration sense,yes
HP:0002497,Spastic ataxia,,no
HP:0002500,Abnormal cerebral white matter morphology,,no
HP:0002501,Spasticity of pharyngeal muscles,,no
HP:0002503,Spinocerebellar tract degeneration,,no
HP:0002504,Calcification of the small brain vessels,,no
HP:0002505,Loss of ambulation,Loss of ability to walk,yes
HP:0002506,Diffuse cerebral atrophy,,no
HP:0002507,Semilobar holoprosencephaly,,no
HP:0002508,Brainstem dysplasia,,no
HP:0002509,Limb hypertonia,Increased muscle tone of arm or leg,yes
HP:0002510,Spastic tetraplegia,,no
HP:0002511,Alzheimer disease,Alzheimer disease,yes
HP:0002512,Brain stem compression,,no
HP:0002514,Cerebral calcification,Abnormal deposits of calcium in the brain,yes
HP:0002515,Waddling gait,Waddling gait,yes
HP:0002516,Increased intracranial pressure,Rise in pressure inside skull,yes
HP:0002518,Abnormal periventricular white matter morphology,,no
HP:0002519,Hypnagogic hallucination,,no
HP:0002521,Hypsarrhythmia,,no
HP:0002522,Areflexia of lower limbs,,no
HP:0002524,Cataplexy,,no
HP:0002526,Deficit in nonword repetition,,no
HP:0002527,Falls,Falls,yes
HP:0002528,Granulovacuolar degeneration,,no
HP:0002529,Neuronal loss in central nervous system,Loss of brain cells,yes
HP:0002530,Axial dystonia,,no
HP:0002533,Abnormal posturing,,no
HP:0002536,Abnormal cortical gyration,,no
HP:0002538,Abnormal cerebral cortex morphology,,no
HP:0002539,Cortical dysplasia,,no
HP:0002540,Inability to walk,Inability to walk,yes
HP:0002542,Olivopontocerebellar atrophy,,no
HP:0002544,Retrocollis,,no
HP:0002545,Patchy demyelination of subcortical white matter,,no
HP:0002546,Incomprehensible speech,Incomprehensible speech,yes
HP:0002548,Parkinsonism with favorable response to dopaminergic medication,,no
HP:0002549,Deficit in phonologic short-term memory,,no
HP:0002550,Absent facial hair,Absent facial hair,yes
HP:0002552,Trichodysplasia,,no
HP:0002553,Highly arched eyebrow,Arched eyebrows,yes
HP:0002555,Absent pubic hair,Absent pubic hair,yes
HP:0002557,Hypoplastic nipples,Small nipples,yes
HP:0002558,Supernumerary nipple,Accessory nipple,yes
HP:0002561,Absent nipple,Absent nipple,yes
HP:0002562,Low-set nipples,Low-set nipples,yes
HP:0002563,Constrictive pericarditis,,no
HP:0002566,Intestinal malrotation,,no
HP:0002570,Steatorrhea,Fat in feces,yes
HP:0002571,Achalasia,,no
HP:0002572,Episodic vomiting,Episodic vomiting,yes
HP:0002573,Hematochezia,Rectal bleeding,yes
HP:0002574,Episodic abdominal pain,Intermittent abdominal pain,yes
HP:0002575,Tracheoesophageal fistula,Abnormal connection between trachea and esophagus,yes
HP:0002576,Intussusception,,no
HP:0002577,Abnormal stomach morphology,,no
HP:0002578,Gastroparesis,Delayed gastric emptying,yes
HP:0002579,Gastrointestinal dysmotility,,no
HP:0002580,Volvulus,,no
HP:0002582,Atrophic gastritis,,no
HP:0002583,Colitis,,no
HP:0002584,Intestinal bleeding,Intestinal bleeding,yes
HP:0002585,Abnormal peritoneum morphology,,no
HP:0002586,Peritonitis,,no
HP:0002587,Projectile vomiting,Projectile vomiting,yes
HP:0002588,Duodenal ulcer,,no
HP:0002589,Gastrointestinal atresia,,no
HP:0002590,Paralytic ileus,,no
HP:0002591,Polyphagia,Increased appetite,yes
HP:0002592,Gastric ulcer,Stomach ulcer,yes
HP:0002593,Intestinal lymphangiectasia,,no
HP:0002594,Pancreatic hypoplasia,Underdeveloped pancreas,yes
HP:0002595,Ileus,,no
HP:0002597,Abnormality of the vasculature,Abnormality of blood vessels,yes
HP:0002599,Head titubation,,no
HP:0002600,Hyporeflexia of lower limbs,,no
HP:0002601,Paresis of extensor muscles of the big toe,,no
HP:0002604,Gastrointestinal telangiectasia,"Small, enlarged blood vessels near skin",yes
HP:0002605,Hepatic necrosis,,no
HP:0002607,Bowel incontinence,Loss of bowel control,yes
HP:0002608,Celiac disease,Celiac disease,yes
HP:0002611,Cholestatic liver disease,,no
HP:0002612,Congenital hepatic fibrosis,Excessive buildup of connective tissue and scarring of liver at birth,yes
HP:0002613,Biliary cirrhosis,,no
HP:0002614,Hepatic periportal necrosis,,no
HP:0002615,Hypotension,Low blood pressure,yes
HP:0002616,Aortic root aneurysm,Bulge in wall of root of large artery that carries blood away from heart,yes
HP:0002617,Vascular dilatation,Aneurysm,yes
HP:0002619,Varicose veins,,no
HP:0002621,Atherosclerosis,Narrowing and hardening of arteries,yes
HP:0002623,Overriding aorta,,no
HP:0002624,Abnormal venous morphology,Abnormal vein,yes
HP:0002625,Deep venous thrombosis,Blood clot in a deep vein,yes
HP:0002626,Venous varicosities of celiac and mesenteric vessels,,no
HP:0002627,Right aortic arch with mirror image branching,,no
HP:0002629,Gastrointestinal arteriovenous malformation,,no
HP:0002630,Fat malabsorption,,no
HP:0002632,Low-to-normal blood pressure,Low-to-normal blood pressure,yes
HP:0002633,Vasculitis,Inflammation of blood vessel,yes
HP:0002634,Arteriosclerosis,Hardened artery wall,yes
HP:0002635,Type IV atherosclerotic lesion,,no
HP:0002636,Dilatation of an abdominal artery,,no
HP:0002637,Cerebral ischemia,Disruption of blood oxygen supply to brain,yes
HP:0002638,Superficial thrombophlebitis,,no
HP:0002639,Budd-Chiari syndrome,,no
HP:0002640,Hypertension associated with pheochromocytoma,,no
HP:0002641,Peripheral thrombosis,Peripheral blood clot,yes
HP:0002642,Arteriovenous fistulas of celiac and mesenteric vessels,,no
HP:0002643,Neonatal respiratory distress,Infantile respiratory distress,yes
HP:0002644,Abnormal pelvic girdle bone morphology,Abnormal shape of pelvic girdle bone,yes
HP:0002645,Wormian bones,Extra bones within cranial sutures,yes
HP:0002647,Aortic dissection,Tear in inner wall of large artery that carries blood away from heart,yes
HP:0002650,Scoliosis,,no
HP:0002651,Spondyloepimetaphyseal dysplasia,,no
HP:0002652,Skeletal dysplasia,Abnormal skeletal development,yes
HP:0002653,Bone pain,Bone pain,yes
HP:0002654,Multiple epiphyseal dysplasia,,no
HP:0002655,Spondyloepiphyseal dysplasia,,no
HP:0002656,Epiphyseal dysplasia,Abnormal development of end part of bone,yes
HP:0002657,Spondylometaphyseal dysplasia,,no
HP:0002659,Increased susceptibility to fractures,Abnormal susceptibility to fractures,yes
HP:0002661,Painless fractures due to injury,Painless fractures due to injury,yes
HP:0002663,Delayed epiphyseal ossification,Delayed maturation of end part of long bone,yes
HP:0002664,Neoplasm,Abnormal tissue mass,yes
HP:0002665,Lymphoma,Cancer of lymphatic system,yes
HP:0002666,Pheochromocytoma,,no
HP:0002667,Nephroblastoma,,no
HP:0002668,Paraganglioma,,no
HP:0002669,Osteosarcoma,Bone cell cancer,yes
HP:0002671,Basal cell carcinoma,,no
HP:0002672,Gastrointestinal carcinoma,,no
HP:0002673,Coxa valga,,no
HP:0002676,Cloverleaf skull,Cloverleaf cranium shape,yes
HP:0002677,Small foramen magnum,Little foramen magnum,yes
HP:0002678,Skull asymmetry,Abnormality of skull shape,yes
HP:0002679,Abnormal sella turcica morphology,,no
HP:0002680,J-shaped sella turcica,,no
HP:0002681,Deformed sella turcica,,no
HP:0002682,Broad skull,Broad skull,yes
HP:0002683,Abnormal calvaria morphology,Abnormality of cranium,yes
HP:0002684,Thickened calvaria,Increased thickness of skull cap,yes
HP:0002687,Abnormality of frontal sinus,Abnormality of the forehead sinus,yes
HP:0002688,Absent frontal sinuses,,no
HP:0002689,Absent paranasal sinuses,Missing paranasal sinuses,yes
HP:0002690,Large sella turcica,Big sella turcica,yes
HP:0002691,Platybasia,Flattening of the skull base,yes
HP:0002692,Hypoplastic facial bones,Decreased size of facial bones,yes
HP:0002693,Abnormal skull base morphology,Abnormality of the skull base,yes
HP:0002694,Sclerosis of skull base,Dense bone of skull base,yes
HP:0002696,Abnormal parietal bone morphology,,no
HP:0002697,Parietal foramina,Holes in parietal bones,yes
HP:0002699,Abnormal foramen magnum morphology,,no
HP:0002700,Large foramen magnum,Big foramen magnum,yes
HP:0002703,Abnormality of skull ossification,Abnormality of bone formation of cranium,yes
HP:0002705,"High, narrow palate","High, narrow palate",yes
HP:0002707,Palate telangiectasia,Palatal spider veins,yes
HP:0002708,Prominent median palatal raphe,Prominent central ridge on roof of the mouth,yes
HP:0002710,Commissural lip pit,Lip pits at corners of the mouth,yes
HP:0002711,Exaggerated median tongue furrow,Deep central lingual groove,yes
HP:0002714,Downturned corners of mouth,Downturned corners of mouth,yes
HP:0002715,Abnormality of the immune system,Abnormality of the immune system,yes
HP:0002716,Lymphadenopathy,Swollen lymph nodes,yes
HP:0002717,Adrenal overactivity,,no
HP:0002718,Recurrent bacterial infections,"Bacterial infections, recurrent",yes
HP:0002719,Recurrent infections,Frequent infections,yes
HP:0002720,Decreased circulating IgA concentration,,no
HP:0002721,Immunodeficiency,Decreased immune function,yes
HP:0002722,Recurrent abscess formation,,no
HP:0002723,Absence of bactericidal oxidative respiratory burst in phagocytes,,no
HP:0002724,Recurrent Aspergillus infection,,no
HP:0002725,Systemic lupus erythematosus,,no
HP:0002726,Recurrent Staphylococcus aureus infection,,no
HP:0002728,Recurrent mucocutaneous candidiasis,,no
HP:0002729,Follicular hyperplasia,,no
HP:0002730,Chronic noninfectious lymphadenopathy,,no
HP:0002731,Decreased T cell apoptosis,,no
HP:0002732,Lymph node hypoplasia,Small lymph nodes,yes
HP:0002733,Abnormal lymph node morphology,Abnormal lymph node histology,yes
HP:0002737,Thick skull base,Increased thickness of bone of skull base,yes
HP:0002738,Hypoplastic frontal sinuses,,no
HP:0002740,Recurrent Escherichia coli infection,,no
HP:0002741,Recurrent Serratia infection,,no
HP:0002742,Recurrent Klebsiella infection,,no
HP:0002743,Recurrent enteroviral infections,,no
HP:0002745,Oral leukoplakia,Oral white patch,yes
HP:0002747,Respiratory insufficiency due to muscle weakness,Decreased lung function due to weak breathing muscles,yes
HP:0002748,Rickets,Weak and soft bones,yes
HP:0002749,Osteomalacia,Softening of the bones,yes
HP:0002750,Delayed skeletal maturation,Delayed bone maturation,yes
HP:0002751,Kyphoscoliosis,,no
HP:0002752,Sparse bone trabeculae,,no
HP:0002753,Thin bony cortex,,no
HP:0002754,Osteomyelitis,Bone infection,yes
HP:0002756,Pathologic fracture,Spontaneous fracture,yes
HP:0002757,Recurrent fractures,Increased fracture rate,yes
HP:0002758,Osteoarthritis,Degenerative joint disease,yes
HP:0002761,Generalized joint hypermobility,Hypermobility of all joints,yes
HP:0002762,Multiple exostoses,,no
HP:0002763,Abnormal cartilage morphology,Abnormal shape of cartilage,yes
HP:0002777,Tracheal stenosis,Narrowing of windpipe,yes
HP:0002778,Abnormal tracheal morphology,,no
HP:0002779,Tracheomalacia,Floppy windpipe,yes
HP:0002780,Bronchomalacia,,no
HP:0002781,Upper airway obstruction,Upper airway obstruction,yes
HP:0002783,Recurrent lower respiratory tract infections,Recurrent chest infections,yes
HP:0002786,Tracheobronchomalacia,,no
HP:0002787,Tracheal calcification,,no
HP:0002788,Recurrent upper respiratory tract infections,Recurrent colds,yes
HP:0002789,Tachypnea,Increased respiratory rate or depth of breathing,yes
HP:0002790,Neonatal breathing dysregulation,Impaired breathing in newborn,yes
HP:0002791,Hypoventilation,Slow breathing,yes
HP:0002792,Reduced vital capacity,,no
HP:0002793,Abnormal pattern of respiration,Abnormal pattern of respiration,yes
HP:0002795,Abnormal respiratory system physiology,Functional respiratory abnormality,yes
HP:0002797,Osteolysis,Breakdown of bone,yes
HP:0002803,Congenital contracture,,no
HP:0002804,Arthrogryposis multiplex congenita,,no
HP:0002805,Accelerated bone age after puberty,Accelerated bone age after puberty,yes
HP:0002808,Kyphosis,Hunched back,yes
HP:0002810,Dumbbell-shaped metaphyses,Dumbbell shaped wide portion of long bone,yes
HP:0002812,Coxa vara,,no
HP:0002813,Abnormal limb bone morphology,Abnormal shape of limb bone,yes
HP:0002814,Abnormality of the lower limb,Abnormality of the lower limb,yes
HP:0002815,Abnormality of the knee,Abnormality of the knee,yes
HP:0002816,Genu recurvatum,Back knee,yes
HP:0002817,Abnormality of the upper limb,Abnormality of the upper limb,yes
HP:0002818,Abnormal morphology of the radius,,no
HP:0002821,Neuropathic arthropathy,,no
HP:0002822,Hyperplasia of the femoral trochanters,,no
HP:0002823,Abnormal femur morphology,Abnormality of the thighbone,yes
HP:0002825,Caudal appendage,Human tail,yes
HP:0002826,Halberd-shaped pelvis,,no
HP:0002827,Hip dislocation,Dislocated hips,yes
HP:0002828,Multiple joint contractures,,no
HP:0002829,Arthralgia,Joint pain,yes
HP:0002831,Long coccyx,Long tailbone,yes
HP:0002832,Calcific stippling,,no
HP:0002833,Cystic angiomatosis of bone,,no
HP:0002834,Flared femoral metaphysis,,no
HP:0002835,Aspiration,,no
HP:0002836,Bladder exstrophy,,no
HP:0002837,Recurrent bronchitis,,no
HP:0002839,Urinary bladder sphincter dysfunction,,no
HP:0002840,Lymphadenitis,Inflammation of the lymph nodes,yes
HP:0002841,Recurrent fungal infections,Recurrent fungal infections,yes
HP:0002842,Recurrent Burkholderia cepacia infection,,no
HP:0002843,Abnormal T cell morphology,,no
HP:0002846,Abnormal B cell morphology,,no
HP:0002847,Impaired memory B cell generation,,no
HP:0002848,Decreased specific anti-polysaccharide antibody concentration,,no
HP:0002849,Absence of lymph node germinal center,,no
HP:0002850,Decreased circulating IgM concentration,,no
HP:0002851,Increased double-negative T cell number,,no
HP:0002853,Increased HLA-DR+ CD4+ T cell proportion,,no
HP:0002857,Genu valgum,Knock knees,yes
HP:0002858,Meningioma,Noncancerous growth of membranes covering brain,yes
HP:0002859,Rhabdomyosarcoma,,no
HP:0002860,Squamous cell carcinoma,,no
HP:0002861,Melanoma,Cancer of skin pigment cells,yes
HP:0002862,Bladder carcinoma,,no
HP:0002863,Myelodysplasia,,no
HP:0002864,Paraganglioma of head and neck,,no
HP:0002865,Medullary thyroid carcinoma,,no
HP:0002866,Hypoplastic iliac wing,,no
HP:0002867,Abnormal ilium morphology,,no
HP:0002868,Narrow iliac wing,,no
HP:0002869,Flared iliac wing,,no
HP:0002870,Obstructive sleep apnea,,no
HP:0002871,Central apnea,,no
HP:0002872,"Apneic episodes precipitated by illness, fatigue, stress",,no
HP:0002875,Exertional dyspnea,Exertional breathlessness,yes
HP:0002876,Episodic tachypnea,,no
HP:0002877,Nocturnal hypoventilation,,no
HP:0002878,Respiratory failure,Respiratory failure,yes
HP:0002879,Anisospondyly,,no
HP:0002882,Sudden episodic apnea,,no
HP:0002883,Hyperventilation,Rapid breathing,yes
HP:0002884,Hepatoblastoma,,no
HP:0002885,Medulloblastoma,,no
HP:0002886,Vagal paraganglioma,,no
HP:0002888,Ependymoma,,no
HP:0002890,Thyroid carcinoma,,no
HP:0002891,Uterine leiomyosarcoma,,no
HP:0002893,Pituitary adenoma,Noncancerous tumor in pituitary gland,yes
HP:0002894,Neoplasm of the pancreas,Cancer of the pancreas,yes
HP:0002895,Papillary thyroid carcinoma,,no
HP:0002896,Neoplasm of the liver,Liver cancer,yes
HP:0002897,Parathyroid adenoma,,no
HP:0002898,Embryonal neoplasm,,no
HP:0002900,Hypokalemia,Low blood potassium levels,yes
HP:0002901,Hypocalcemia,Low blood calcium levels,yes
HP:0002902,Hyponatremia,Low blood sodium levels,yes
HP:0002904,Hyperbilirubinemia,High blood bilirubin levels,yes
HP:0002905,Hyperphosphatemia,High blood phosphate levels,yes
HP:0002907,Microscopic hematuria,Small amount of blood in urine,yes
HP:0002908,Conjugated hyperbilirubinemia,,no
HP:0002909,Generalized aminoaciduria,,no
HP:0002910,Elevated circulating hepatic transaminase concentration,High liver enzymes,yes
HP:0002912,Methylmalonic acidemia,,no
HP:0002913,Myoglobinuria,,no
HP:0002914,Hyperchloriduria,Increased urinary chloride,yes
HP:0002916,Abnormality of chromosome segregation,,no
HP:0002917,Hypomagnesemia,Low blood magnesium levels,yes
HP:0002918,Hypermagnesemia,High blood magnesium levels,yes
HP:0002919,Ketonuria,,no
HP:0002920,Decreased circulating ACTH concentration,,no
HP:0002921,Abnormal cerebrospinal fluid morphology,,no
HP:0002922,Increased CSF protein concentration,,no
HP:0002923,Rheumatoid factor positive,,no
HP:0002925,Elevated circulating thyroid-stimulating hormone concentration,,no
HP:0002926,Abnormality of thyroid physiology,Abnormal thyroid function,yes
HP:0002927,Histidinuria,High urine histidine levels,yes
HP:0002928,Decreased activity of the pyruvate dehydrogenase complex,,no
HP:0002929,Leydig cell insensitivity to gonadotropin,,no
HP:0002930,Impaired sensitivity to thyroid hormone,,no
HP:0002932,Aldehyde oxidase deficiency,,no
HP:0002933,Ventral hernia,,no
HP:0002936,Distal sensory impairment,Decreased sensation in extremities,yes
HP:0002937,Hemivertebrae,Missing part of vertebrae,yes
HP:0002938,Lumbar hyperlordosis,Excessive inward curvature of lower spine,yes
HP:0002942,Thoracic kyphosis,,no
HP:0002943,Thoracic scoliosis,,no
HP:0002944,Thoracolumbar scoliosis,,no
HP:0002945,Intervertebral space narrowing,,no
HP:0002946,Supernumerary vertebrae,,no
HP:0002947,Cervical kyphosis,Rounded neck,yes
HP:0002948,Vertebral fusion,,no
HP:0002949,Fused cervical vertebrae,Fused neck,yes
HP:0002951,Partial absence of cerebellar vermis,,no
HP:0002953,Vertebral compression fracture,Compression fracture of a vertebral body,yes
HP:0002955,Granulomatosis,,no
HP:0002958,Immune dysregulation,Immune dysregulation,yes
HP:0002959,Impaired Ig class switch recombination,,no
HP:0002960,Autoimmunity,Autoimmune disease,yes
HP:0002965,Cutaneous anergy,,no
HP:0002967,Cubitus valgus,Outward turned elbows,yes
HP:0002970,Genu varum,Outward bow-leggedness,yes
HP:0002972,Reduced delayed hypersensitivity,,no
HP:0002973,Abnormal forearm morphology,Abnormality of the forearm,yes
HP:0002974,Radioulnar synostosis,Fused forearm bones,yes
HP:0002977,Aplasia/Hypoplasia involving the central nervous system,Absent/underdeveloped central nervous system tissue,yes
HP:0002979,Bowing of the legs,Bowed legs,yes
HP:0002980,Femoral bowing,Bowed thighbone,yes
HP:0002982,Tibial bowing,Bowed shankbone,yes
HP:0002983,Micromelia,Smaller or shorter than typical limbs,yes
HP:0002984,Hypoplasia of the radius,Underdeveloped outer large forearm bone,yes
HP:0002986,Radial bowing,Bowing of outer large bone of the forearm,yes
HP:0002987,Elbow flexion contracture,,no
HP:0002990,Fibular aplasia,Absent calf bone,yes
HP:0002991,Abnormal fibula morphology,Abnormality of the calf bone,yes
HP:0002992,Abnormal tibia morphology,Abnormality of the shankbone,yes
HP:0002996,Limited elbow movement,Decreased elbow mobility,yes
HP:0002999,Patellar dislocation,Dislocated kneecap,yes
HP:0003001,Glomus jugular tumor,,no
HP:0003002,Breast carcinoma,Breast cancer,yes
HP:0003003,Colon cancer,Colon cancer,yes
HP:0003005,Ganglioneuroma,,no
HP:0003006,Neuroblastoma,Cancer of early nerve cells,yes
HP:0003010,Prolonged bleeding time,Prolonged bleeding time,yes
HP:0003011,Abnormality of the musculature,Muscular abnormality,yes
HP:0003013,Bulging epiphyses,Bulging end part of bone,yes
HP:0003015,Flared metaphysis,Flared wide portion of long bone,yes
HP:0003016,Metaphyseal widening,Broad wide portion of long bone,yes
HP:0003019,Abnormality of the wrist,Abnormalities of the wrists,yes
HP:0003020,Enlargement of the wrists,Enlargement of the wrists,yes
HP:0003021,Metaphyseal cupping,,no
HP:0003022,Hypoplasia of the ulna,Underdeveloped inner large forearm bone,yes
HP:0003023,Bowing of limbs due to multiple fractures,,no
HP:0003025,Metaphyseal irregularity,Irregular wide portion of a long bone,yes
HP:0003026,Short long bone,Long bone shortening,yes
HP:0003027,Mesomelia,Disproportionately short middle portion of limb,yes
HP:0003028,Abnormality of the ankle,,no
HP:0003029,Enlargement of the ankles,Enlargement of the ankles,yes
HP:0003031,Ulnar bowing,Curving of inner forearm bone,yes
HP:0003034,Diaphyseal sclerosis,Increased bone density in shaft of long bone,yes
HP:0003037,Enlarged joints,Enlarged joints,yes
HP:0003038,Fibular hypoplasia,Short calf bone,yes
HP:0003040,Arthropathy,Disease of the joints,yes
HP:0003041,Humeroradial synostosis,Fusion of upper and lower arm bones,yes
HP:0003042,Elbow dislocation,Dislocations of the elbows,yes
HP:0003043,Abnormal shoulder morphology,Abnormality of the shoulder,yes
HP:0003044,Shoulder flexion contracture,,no
HP:0003045,Abnormal patella morphology,Abnormal kneecap,yes
HP:0003048,Radial head subluxation,,no
HP:0003049,Ulnar deviation of the wrist,,no
HP:0003051,Enlarged metaphyses,Enlarged wide portion of a long bone,yes
HP:0003053,Epiphyseal deformities of tubular bones,,no
HP:0003057,Tetraamelia,,no
HP:0003059,Abnormality of the radioulnar joints,,no
HP:0003065,Patellar hypoplasia,Small kneecap,yes
HP:0003066,Limited knee extension,Limited knee straightening,yes
HP:0003067,Madelung deformity,,no
HP:0003068,Madelung-like forearm deformities,,no
HP:0003070,Elbow ankylosis,,no
HP:0003071,Flattened epiphysis,Flat end part of bone,yes
HP:0003072,Hypercalcemia,High blood calcium levels,yes
HP:0003073,Hypoalbuminemia,Low albumin,yes
HP:0003074,Hyperglycemia,High blood sugar,yes
HP:0003075,Hypoproteinemia,Decreased protein levels in blood,yes
HP:0003076,Glycosuria,Glucose in urine,yes
HP:0003077,Hyperlipidemia,Elevated lipids in blood,yes
HP:0003079,Defective DNA repair after ultraviolet radiation damage,,no
HP:0003080,Hydroxyprolinuria,Elevated urinary hydroxyproline,yes
HP:0003081,Increased urinary potassium,Increased urinary potassium,yes
HP:0003083,Dislocated radial head,,no
HP:0003084,Recurrent long bone fractures,,no
HP:0003085,Long fibula,Long calf bone,yes
HP:0003086,Acromesomelia,,no
HP:0003088,Premature osteoarthritis,Premature arthritis,yes
HP:0003089,Hamstring contractures,Hamstring contractures,yes
HP:0003090,Hypoplasia of the capital femoral epiphysis,Small innermost thighbone end part,yes
HP:0003093,Limited hip extension,Limited hip extension,yes
HP:0003095,Septic arthritis,Infected joint,yes
HP:0003097,Short femur,Short thighbone,yes
HP:0003099,Fibular overgrowth,Overgrowth of calf bone,yes
HP:0003100,Slender long bone,Long bones slender,yes
HP:0003102,Increased carrying angle,,no
HP:0003103,Abnormal cortical bone morphology,,no
HP:0003105,Protuberances at ends of long bones,Protuberances at ends of long bones,yes
HP:0003106,Subperiosteal bone resorption,,no
HP:0003107,Abnormal circulating cholesterol concentration,Abnormality of cholesterol metabolism,yes
HP:0003108,Hyperglycinuria,High urine glycine levels,yes
HP:0003109,Hyperphosphaturia,High urine phosphate levels,yes
HP:0003110,Abnormality of urine homeostasis,Pee issues,yes
HP:0003111,Abnormal circulating electrolyte concentration,Electrolyte disorders,yes
HP:0003112,Abnormal circulating amino acid concentration,Abnormality of serum amino acid levels,yes
HP:0003113,Hypochloremia,Low blood chloride levels,yes
HP:0003115,Abnormal EKG,Abnormal ECG,yes
HP:0003117,Abnormal circulating hormone concentration,Abnormality of circulating hormone level,yes
HP:0003118,Increased circulating cortisol level,Increased circulating cortisol level,yes
HP:0003119,Abnormal circulating lipid concentration,,no
HP:0003121,Limb joint contracture,Limb contractures,yes
HP:0003124,Hypercholesterolemia,Elevated serum cholesterol,yes
HP:0003125,Reduced factor VIII activity,,no
HP:0003126,Low-molecular-weight proteinuria,,no
HP:0003127,Hypocalciuria,Low urine calcium levels,yes
HP:0003128,Lactic acidosis,Increased lactate in body,yes
HP:0003130,Abnormal peripheral myelination,,no
HP:0003131,Cystinuria,High urine cystine levels,yes
HP:0003133,Abnormal spinocerebellar tract morphology,,no
HP:0003134,Abnormality of peripheral nerve conduction,,no
HP:0003137,Prolinuria,,no
HP:0003138,Increased blood urea nitrogen,Increased blood urea nitrogen,yes
HP:0003139,Panhypogammaglobulinemia,,no
HP:0003140,T-wave inversion in the right precordial leads,,no
HP:0003141,Elevated circulating LDL-C concentration,Increased circulating LDL level,yes
HP:0003144,Increased serum serotonin,Increased serum serotonin,yes
HP:0003145,Decreased circulating adenosylcobalamin concentration,,no
HP:0003146,Hypocholesterolemia,Decreased circulating cholesterol level,yes
HP:0003148,Elevated serum acid phosphatase,Acid phosphatase elevated,yes
HP:0003149,Hyperuricosuria,High urine uric acid level,yes
HP:0003150,Glutaric aciduria,,no
HP:0003153,Cystathioninuria,High urine cystathionine levels,yes
HP:0003154,Increased circulating ACTH level,High blood corticotropin levels,yes
HP:0003155,Elevated circulating alkaline phosphatase concentration,Elevated alkaline phosphatase,yes
HP:0003158,Hyposthenuria,,no
HP:0003159,Hyperoxaluria,High urine oxalate levels,yes
HP:0003160,Abnormal isoelectric focusing of serum transferrin,,no
HP:0003161,4-Hydroxyphenylpyruvic aciduria,,no
HP:0003162,Fasting hypoglycemia,Low blood sugar when fasting,yes
HP:0003163,Elevated urinary delta-aminolevulinic acid,Elevated urinary delta-aminolevulinic acid,yes
HP:0003164,Gonadotropin-releasing hormone deficiency,,no
HP:0003165,Elevated circulating parathyroid hormone level,,no
HP:0003166,Increased urinary taurine,Increased urinary taurine,yes
HP:0003167,Carnosinuria,High urine carnosine levels,yes
HP:0003168,Dibasicaminoaciduria,,no
HP:0003170,Abnormal acetabulum morphology,Abnormality of the hipbone socket,yes
HP:0003172,Abnormal pubic bone morphology,Abnormality of the pubic bone,yes
HP:0003173,Hypoplastic pubic bone,,no
HP:0003174,Abnormal ischium morphology,,no
HP:0003175,Hypoplastic ischia,,no
HP:0003177,Squared iliac bones,,no
HP:0003179,Protrusio acetabuli,Abnormally indented hip sockets,yes
HP:0003180,Flat acetabular roof,,no
HP:0003182,Shallow acetabular fossae,,no
HP:0003183,Wide pubic symphysis,,no
HP:0003184,Decreased hip abduction,,no
HP:0003185,Short greater sciatic notch,,no
HP:0003186,Inverted nipples,Inverted nipples,yes
HP:0003187,Breast hypoplasia,Underdeveloped breasts,yes
HP:0003189,Long nose,Elongated nose,yes
HP:0003191,Cleft ala nasi,Cleft nostril,yes
HP:0003193,Allergic rhinitis,Hay fever,yes
HP:0003194,Short nasal bridge,Decreased length of bridge of nose,yes
HP:0003196,Short nose,Decreased length of nose,yes
HP:0003198,Myopathy,Muscle tissue disease,yes
HP:0003199,Decreased muscle mass,Decreased muscle mass,yes
HP:0003200,Ragged-red muscle fibers,,no
HP:0003201,Rhabdomyolysis,Breakdown of skeletal muscle,yes
HP:0003202,Skeletal muscle atrophy,Muscle degeneration,yes
HP:0003203,Decreased neutrophil oxidative burst,,no
HP:0003204,Intracellular accumulation of autofluorescent lipopigment storage material,,no
HP:0003205,Curvilinear intracellular accumulation of autofluorescent lipopigment storage material,,no
HP:0003206,Decreased activity of NADPH oxidase,,no
HP:0003207,Arterial calcification,,no
HP:0003208,Fingerprint intracellular accumulation of autofluorescent lipopigment storage material,,no
HP:0003209,Decreased pyruvate carboxylase activity,,no
HP:0003210,Decreased methylmalonyl-CoA mutase activity,,no
HP:0003212,Increased circulating IgE concentration,,no
HP:0003213,Deficient excision of UV-induced pyrimidine dimers in DNA,,no
HP:0003214,Prolonged G2 phase of cell cycle,,no
HP:0003215,Elevated urinary dicarboxylic acid level,,no
HP:0003216,Generalized amyloid deposition,,no
HP:0003217,Hyperglutaminemia,High plasma glutamine,yes
HP:0003218,Oroticaciduria,High urine orotic acid levels,yes
HP:0003219,Ethylmalonic aciduria,,no
HP:0003220,Abnormality of chromosome stability,,no
HP:0003221,Chromosomal breakage induced by crosslinking agents,,no
HP:0003223,Decreased circulating methylcobalamin concentration,,no
HP:0003224,Increased cellular sensitivity to UV light,,no
HP:0003225,Reduced coagulation factor V activity,,no
HP:0003226,Rectilinear intracellular accumulation of autofluorescent lipopigment storage material,,no
HP:0003228,Hypernatremia,High blood sodium levels,yes
HP:0003231,Hypertyrosinemia,Increased tyrosine in blood,yes
HP:0003232,Mitochondrial malic enzyme reduced,,no
HP:0003233,Decreased circulating HDL-C concentration,Decreased circulating high-density lipoprotein cholesterol,yes
HP:0003234,Decreased circulating carnitine concentration,Carnitine deficiency,yes
HP:0003235,Hypermethioninemia,Increased methionine in blood,yes
HP:0003236,Elevated circulating creatine kinase activity,Elevated blood creatine phosphokinase,yes
HP:0003237,Increased circulating IgG concentration,,no
HP:0003238,Hyperpepsinogenemia I,,no
HP:0003239,Phosphoethanolaminuria,High urine phosphoethanolamine levels,yes
HP:0003240,Increased phosphoribosylpyrophosphate synthetase level,,no
HP:0003241,External genital hypoplasia,Underdevelopment of external reproductive organs,yes
HP:0003244,Penile hypospadias,,no
HP:0003246,Prominent scrotal raphe,,no
HP:0003247,Overgrowth of external genitalia,Overgrowth of external genitalia,yes
HP:0003248,Gonadal tissue inappropriate for external genitalia or chromosomal sex,,no
HP:0003249,Genital ulcers,Genital ulcers,yes
HP:0003250,Aplasia of the vagina,Absent vagina,yes
HP:0003251,Male infertility,Male infertility,yes
HP:0003256,Abnormality of the coagulation cascade,,no
HP:0003258,Glyoxalase deficiency,,no
HP:0003259,Elevated circulating creatinine concentration,Elevated creatinine,yes
HP:0003260,Hydroxyprolinemia,High blood hydroxyproline levels,yes
HP:0003261,Increased circulating IgA concentration,,no
HP:0003262,Anti-smooth muscle antibody positivity,,no
HP:0003264,Deficiency of N-acetylglucosamine-1-phosphotransferase,,no
HP:0003265,Neonatal hyperbilirubinemia,,no
HP:0003267,Reduced orotidine 5-prime phosphate decarboxylase level,,no
HP:0003268,Argininuria,High urine arginine levels,yes
HP:0003269,Sudanophilic leukodystrophy,,no
HP:0003270,Abdominal distention,Abdominal bloating,yes
HP:0003271,Visceromegaly,,no
HP:0003272,Abnormal hip bone morphology,Abnormality of the hip bone,yes
HP:0003273,Hip contracture,,no
HP:0003274,Hypoplastic acetabulae,,no
HP:0003275,Narrow pelvis bone,Narrow pelvis,yes
HP:0003276,Pelvic bone exostoses,,no
HP:0003277,Constricted iliac wing,,no
HP:0003278,Square pelvis bone,Square pelvis,yes
HP:0003279,Coxa magna,,no
HP:0003281,Increased circulating ferritin concentration,Elevated serum ferritin,yes
HP:0003282,Decreased circulating alkaline phosphatase activity,Decreased serum alkaline phosphatase,yes
HP:0003286,Cystathioninemia,High blood cystathionine levels,yes
HP:0003287,Abnormality of mitochondrial metabolism,,no
HP:0003292,Decreased serum leptin,Decreased serum leptin,yes
HP:0003296,Hyperthreoninuria,High urine threonine levels,yes
HP:0003297,Hyperlysinuria,High urine lysine levels,yes
HP:0003298,Spina bifida occulta,,no
HP:0003300,Ovoid vertebral bodies,,no
HP:0003301,Irregular vertebral endplates,,no
HP:0003302,Spondylolisthesis,Displacement of one backbone compared to another,yes
HP:0003304,Spondylolysis,,no
HP:0003305,Block vertebrae,,no
HP:0003306,Spinal rigidity,Reduced spine movement,yes
HP:0003307,Hyperlordosis,Prominent swayback,yes
HP:0003308,Cervical subluxation,,no
HP:0003309,Ovoid thoracolumbar vertebrae,,no
HP:0003310,Abnormal odontoid process morphology,,no
HP:0003311,Hypoplasia of the odontoid process,,no
HP:0003312,Abnormal vertebral body morphology,,no
HP:0003316,Butterfly vertebrae,Butterfly vertebrae,yes
HP:0003318,Cervical spine hypermobility,,no
HP:0003319,Abnormality of the cervical spine,Abnormal cervical spine,yes
HP:0003320,C1-C2 subluxation,,no
HP:0003321,Biconcave flattened vertebrae,,no
HP:0003323,Progressive muscle weakness,,no
HP:0003324,Generalized muscle weakness,,no
HP:0003325,Limb-girdle muscle weakness,,no
HP:0003326,Myalgia,Muscle ache,yes
HP:0003327,Axial muscle weakness,,no
HP:0003328,Abnormal hairshaft morphology,,no
HP:0003329,Hair shafts flattened at irregular intervals and twisted through 180 degrees about their axes,,no
HP:0003330,Abnormal bone structure,,no
HP:0003332,Absent primary metaphyseal spongiosa,,no
HP:0003333,Elevated circulating beta-hexosaminidase activity,,no
HP:0003334,Elevated circulating catecholamine level,,no
HP:0003336,Abnormal enchondral ossification,,no
HP:0003337,Reduced prothrombin consumption,,no
HP:0003338,Focal necrosis of right ventricular muscle cells,,no
HP:0003339,Pyrimidine-responsive megaloblastic anemia,,no
HP:0003341,Lamina lucida cleavage,,no
HP:0003343,Reduced glutathione synthetase level,,no
HP:0003344,3-Methylglutaric aciduria,,no
HP:0003345,Elevated urinary norepinephrine level,,no
HP:0003348,Hyperalaninemia,Increased blood alanine,yes
HP:0003349,Low cholesterol esterification rate,,no
HP:0003351,Decreased circulating renin concentration,,no
HP:0003352,Endopolyploidy on chromosome studies of bone marrow,,no
HP:0003353,Propionyl-CoA carboxylase deficiency,,no
HP:0003354,Hyperthreoninemia,High blood threonine levels,yes
HP:0003355,Aminoaciduria,Abnormal urinary amino-acid findings,yes
HP:0003357,Thymic hormone decreased,,no
HP:0003358,Elevated intracellular cystine,,no
HP:0003359,Decreased urinary sulfate,Decreased urinary sulfate,yes
HP:0003361,Tryptophanuria,High urine tryptophan levels,yes
HP:0003362,Elevated circulating VLDL-C concentration,,no
HP:0003363,Abdominal situs inversus,,no
HP:0003365,Arthralgia of the hip,Hip joint pain,yes
HP:0003366,Abnormal femoral neck/head morphology,Abnormal neck or head of thigh bone,yes
HP:0003367,Abnormal femoral neck morphology,Abnormal neck of thigh bone,yes
HP:0003368,Abnormal femoral head morphology,Abnormal head of thigh bone,yes
HP:0003370,Flat capital femoral epiphysis,Flat end part of innermost thighbone,yes
HP:0003371,Enlargement of the proximal femoral epiphysis,Enlarged end part of innermost thighbone,yes
HP:0003375,Narrow greater sciatic notch,,no
HP:0003376,Steppage gait,High stepping,yes
HP:0003378,Axonal degeneration/regeneration,,no
HP:0003380,Decreased number of peripheral myelinated nerve fibers,,no
HP:0003382,Hypertrophic nerve changes,,no
HP:0003383,Onion bulb formation,,no
HP:0003384,Peripheral axonal atrophy,,no
HP:0003387,Decreased number of large peripheral myelinated nerve fibers,,no
HP:0003388,Easy fatigability,Tired easily,yes
HP:0003390,Sensory axonal neuropathy,,no
HP:0003391,Gowers sign,,no
HP:0003392,First dorsal interossei muscle weakness,,no
HP:0003393,Thenar muscle atrophy,,no
HP:0003394,Muscle spasm,,no
HP:0003396,Syringomyelia,Fluid-filled cyst in spinal cord,yes
HP:0003397,Generalized hypotonia due to defect at the neuromuscular junction,,no
HP:0003398,Abnormal synaptic transmission at the neuromuscular junction,,no
HP:0003400,Basal lamina onion bulb formation,,no
HP:0003401,Paresthesia,Pins and needles feeling,yes
HP:0003402,Decreased miniature endplate potentials,,no
HP:0003403,EMG: decremental response of compound muscle action potential to repetitive nerve stimulation,,no
HP:0003405,Diffuse axonal swelling,,no
HP:0003406,Peripheral nerve compression,,no
HP:0003409,Distal sensory impairment of all modalities,,no
HP:0003411,Proximal femoral metaphyseal irregularity,,no
HP:0003413,Atlantoaxial abnormality,,no
HP:0003414,Atlantoaxial dislocation,,no
HP:0003416,Spinal canal stenosis,Narrow spinal canal,yes
HP:0003417,Coronal cleft vertebrae,,no
HP:0003418,Back pain,Back pain,yes
HP:0003419,Low back pain,Lumbago,yes
HP:0003422,Vertebral segmentation defect,,no
HP:0003423,Thoracolumbar kyphoscoliosis,,no
HP:0003426,First dorsal interossei muscle atrophy,,no
HP:0003427,Thenar muscle weakness,,no
HP:0003429,CNS hypomyelination,,no
HP:0003431,Decreased motor nerve conduction velocity,,no
HP:0003434,Sensory ataxic neuropathy,,no
HP:0003435,Cold-induced hand cramps,,no
HP:0003436,Prolonged miniature endplate currents,,no
HP:0003438,Absent Achilles reflex,Absent ankle reflexes,yes
HP:0003440,Horizontal sacrum,,no
HP:0003443,Decreased size of nerve terminals,,no
HP:0003444,EMG: chronic denervation signs,,no
HP:0003445,EMG: neuropathic changes,,no
HP:0003447,Axonal loss,,no
HP:0003448,Decreased sensory nerve conduction velocity,,no
HP:0003449,Cold-induced muscle cramps,,no
HP:0003450,Axonal regeneration,,no
HP:0003451,Increased rate of premature chromosome condensation,,no
HP:0003452,Elevated circulating iron concentration,,no
HP:0003453,Antineutrophil antibody positivity,,no
HP:0003454,Platelet antibody positive,,no
HP:0003455,Elevated circulating long chain fatty acid concentration,,no
HP:0003456,Low urinary cyclic AMP response to PTH administration,,no
HP:0003457,EMG abnormality,,no
HP:0003458,EMG: myopathic abnormalities,,no
HP:0003459,Polyclonal elevation of circulating IgM concentration,,no
HP:0003460,Chronic decreased circulating IgA concentration,,no
HP:0003461,Increased urinary O-linked sialopeptides,,no
HP:0003462,Elevated 8-dehydrocholesterol,,no
HP:0003463,Increased extraneuronal autofluorescent lipopigment,,no
HP:0003465,Elevated 8(9)-cholestenol,,no
HP:0003466,Paradoxical increased cortisol secretion on dexamethasone suppression test,,no
HP:0003467,Atlantoaxial instability,,no
HP:0003468,Abnormal vertebral morphology,,no
HP:0003469,Peripheral dysmyelination,,no
HP:0003470,Paralysis,Inability to move,yes
HP:0003472,Hypocalcemic tetany,,no
HP:0003473,Fatigable weakness,,no
HP:0003474,Somatic sensory dysfunction,,no
HP:0003477,Peripheral axonal neuropathy,,no
HP:0003481,Segmental peripheral demyelination/remyelination,,no
HP:0003482,EMG: axonal abnormality,,no
HP:0003484,Upper limb muscle weakness,Decreased arm strength,yes
HP:0003487,Babinski sign,,no
HP:0003489,Acute episodes of neuropathic symptoms,,no
HP:0003491,Elevated urine pyrophosphate,,no
HP:0003493,Antinuclear antibody positivity,,no
HP:0003495,GM2-ganglioside accumulation,,no
HP:0003496,Increased circulating IgM concentration,,no
HP:0003498,Disproportionate short stature,,no
HP:0003502,Mild short stature,,no
HP:0003508,Proportionate short stature,,no
HP:0003510,Severe short stature,Dwarfism,yes
HP:0003513,Reduced ratio of renal calcium clearance to creatinine clearance,Reduced ration of kidney calcium clearance to creatinine clearance,yes
HP:0003514,Deficiency or absence of cytochrome b(-245),,no
HP:0003517,Birth length greater than 97th percentile,,no
HP:0003521,Disproportionate short-trunk short stature,Disproportionate short-trunked dwarfism,yes
HP:0003524,Decreased methionine synthase activity,,no
HP:0003526,Orotic acid crystalluria,,no
HP:0003527,Hyperprostaglandinuria,High urine prostaglandin levels,yes
HP:0003528,Elevated circulating calcitonin concentration,Elevated calcitonin,yes
HP:0003529,Parathormone-independent increased renal tubular calcium reabsorption,,no
HP:0003530,Elevated circulating glutaric acid concentration,,no
HP:0003532,Ornithinuria,,no
HP:0003534,Reduced xanthine dehydrogenase level,,no
HP:0003535,3-Methylglutaconic aciduria,,no
HP:0003536,Decreased fumarate hydratase activity,,no
HP:0003537,Hypouricemia,Low blood uric acid levels,yes
HP:0003538,Increased iduronate sulfatase level,,no
HP:0003540,Impaired platelet aggregation,,no
HP:0003541,Urinary glycosaminoglycan excretion,,no
HP:0003542,Increased circulating pyruvate concentration,,no
HP:0003546,Exercise intolerance,Decreased ability to exercise,yes
HP:0003547,Shoulder girdle muscle weakness,Weak shoulder muscles,yes
HP:0003548,Subsarcolemmal accumulations of abnormally shaped mitochondria,,no
HP:0003549,Abnormality of connective tissue,,no
HP:0003550,Predominantly lower limb lymphedema,,no
HP:0003551,Difficulty climbing stairs,Difficulty walking up stairs,yes
HP:0003552,Muscle stiffness,,no
HP:0003554,Type 2 muscle fiber atrophy,,no
HP:0003555,Muscle fiber splitting,,no
HP:0003557,Increased variability in muscle fiber diameter,,no
HP:0003558,Viral infection-induced rhabdomyolysis,,no
HP:0003559,Muscle hyperirritability,,no
HP:0003560,Muscular dystrophy,,no
HP:0003561,Birth length less than 3rd percentile,,no
HP:0003562,Abnormal metaphyseal vascular invasion,,no
HP:0003563,Decreased circulating LDL-C concentration,,no
HP:0003564,Folate-dependent fragile site at Xq28,,no
HP:0003565,Elevated erythrocyte sedimentation rate,High ESR,yes
HP:0003566,Increased serum prostaglandin E2,,no
HP:0003568,Decreased glucosephosphate isomerase level,,no
HP:0003570,Molybdenum cofactor deficiency,,no
HP:0003572,Decreased circulating citrulline concentration,,no
HP:0003573,Increased total bilirubin,High bili total,yes
HP:0003574,Positive regitine blocking test,,no
HP:0003575,Increased intracellular sodium,,no
HP:0003606,Absent urinary urothione,,no
HP:0003607,4-hydroxyphenylacetic aciduria,,no
HP:0003609,Foam cells with lamellar inclusion bodies,,no
HP:0003612,Positive ferric chloride test,,no
HP:0003613,Antiphospholipid antibody positivity,,no
HP:0003614,Trimethylaminuria,High urine trimethylamine levels,yes
HP:0003634,Amyoplasia,Absent muscles since birth,yes
HP:0003635,Loss of subcutaneous adipose tissue in limbs,Loss of fat tissue below the skin in limbs,yes
HP:0003637,Reduced circulating 4-Hydroxyphenylpyruvate dioxygenase activity,,no
HP:0003639,Elevated urinary epinephrine level,,no
HP:0003640,CNS foam cells,,no
HP:0003641,Hemoglobinuria,Hemoglobin in urine,yes
HP:0003642,Type I transferrin isoform profile,,no
HP:0003643,Sulfite oxidase deficiency,,no
HP:0003645,Prolonged partial thromboplastin time,,no
HP:0003646,Bicarbonaturia,,no
HP:0003647,Electron transfer flavoprotein-ubiquinone oxidoreductase defect,,no
HP:0003648,Lacticaciduria,High urine lactic acid levels,yes
HP:0003651,Foam cells,,no
HP:0003652,Recurrent myoglobinuria,,no
HP:0003653,Cellular metachromasia,,no
HP:0003654,Reduced dihydropyrimidine dehydrogenase level,,no
HP:0003655,Reduced level of N-acetylglucosaminyltransferase II,,no
HP:0003656,Decreased beta-glucocerebrosidase level,,no
HP:0003657,Vascular granular osmiophilic material deposition,,no
HP:0003658,Hypomethioninemia,Decreased plasma methionine,yes
HP:0003687,Centrally nucleated skeletal muscle fibers,,no
HP:0003688,Cytochrome C oxidase-negative muscle fibers,,no
HP:0003689,Multiple mitochondrial DNA deletions,,no
HP:0003690,Limb muscle weakness,Limb muscle weakness,yes
HP:0003691,Scapular winging,Winged shoulder blade,yes
HP:0003693,Distal amyotrophy,Distal muscle wasting,yes
HP:0003694,Late-onset proximal muscle weakness,,no
HP:0003697,Scapuloperoneal amyotrophy,,no
HP:0003698,Difficulty standing,Difficulty in standing,yes
HP:0003700,Generalized amyotrophy,Diffuse skeletal muscle wasting,yes
HP:0003701,Proximal muscle weakness,Proximal neurogenic muscle weakness,yes
HP:0003704,Scapuloperoneal weakness,,no
HP:0003707,Calf muscle pseudohypertrophy,,no
HP:0003710,Exercise-induced muscle cramps,Exercise-induced muscle cramping,yes
HP:0003712,Skeletal muscle hypertrophy,Increased skeletal muscle cells,yes
HP:0003713,Muscle fiber necrosis,,no
HP:0003715,Myofibrillar myopathy,,no
HP:0003716,Generalized muscular appearance from birth,,no
HP:0003717,Minimal subcutaneous fat,Minimal fat below the skin,yes
HP:0003719,Muscle mounding,,no
HP:0003720,Generalized muscle hypertrophy,Generalized increase in muscle cell size,yes
HP:0003722,Neck flexor weakness,Neck flexion weakness,yes
HP:0003724,Shoulder girdle muscle atrophy,Shoulder girdle muscle wasting,yes
HP:0003725,Firm muscles,,no
HP:0003729,Enteroviral dermatomyositis syndrome,,no
HP:0003730,EMG: myotonic runs,,no
HP:0003731,Quadriceps muscle weakness,Quadriceps weakness,yes
HP:0003733,Thigh hypertrophy,Increased thigh size,yes
HP:0003736,Autophagic vacuoles,,no
HP:0003737,Mitochondrial myopathy,,no
HP:0003738,Exercise-induced myalgia,Exercise-induced muscle pain,yes
HP:0003739,Myoclonic spasms,,no
HP:0003740,Myotonia with warm-up phenomenon,,no
HP:0003749,Pelvic girdle muscle weakness,,no
HP:0003750,Increased muscle fatiguability,,no
HP:0003752,Episodic flaccid weakness,,no
HP:0003755,Type 1 fibers relatively smaller than type 2 fibers,,no
HP:0003756,Skeletal myopathy,,no
HP:0003758,Reduced subcutaneous adipose tissue,Reduced fat tissue below the skin,yes
HP:0003759,Hypoplasia of lymphatic vessels,Underdeveloped lymphatic vessels,yes
HP:0003760,Percussion-induced rapid rolling muscle contractions,,no
HP:0003761,Calcinosis,Calcium buildup in soft tissues of body,yes
HP:0003762,Uterus didelphys,Double uterus,yes
HP:0003763,Bruxism,Teeth grinding,yes
HP:0003764,Nevus,Mole,yes
HP:0003765,Psoriasiform dermatitis,,no
HP:0003768,Periodic paralysis,,no
HP:0003771,Pulp calcification,Pulp stones,yes
HP:0003774,Stage 5 chronic kidney disease,"Renal failure, endstage",yes
HP:0003777,Pili torti,Flattened and twisted hair,yes
HP:0003778,Short mandibular rami,,no
HP:0003781,Excessive salivation,Excessive salivation,yes
HP:0003782,Eunuchoid habitus,,no
HP:0003784,Type 1 collagen overmodification,,no
HP:0003785,Decreased CSF homovanillic acid concentration,,no
HP:0003787,Type 1 and type 2 muscle fiber minicore regions,,no
HP:0003789,Minicore myopathy,,no
HP:0003791,Deposits immunoreactive to beta-amyloid protein,,no
HP:0003795,Short middle phalanx of toe,Short middle bones (feet),yes
HP:0003796,Irregular iliac crest,,no
HP:0003797,Limb-girdle muscle atrophy,Wasting of limb-girdle muscle,yes
HP:0003798,Nemaline bodies,,no
HP:0003799,Marked delay in bone age,Marked delay in bone age,yes
HP:0003800,Muscle abnormality related to mitochondrial dysfunction,,no
HP:0003803,Type 1 muscle fiber predominance,,no
HP:0003805,Rimmed vacuoles,,no
HP:0003808,Abnormal muscle tone,Abnormal muscle tone,yes
HP:0003809,Reduced intrathoracic adipose tissue,,no
HP:0003810,Late-onset distal muscle weakness,,no
HP:0003832,Abnormality of the tibial plateaux,,no
HP:0003834,Shoulder dislocation,Shoulder dislocation,yes
HP:0003835,Shoulder subluxation,Partial shoulder dislocation,yes
HP:0003836,Stippled calcification of the shoulder,,no
HP:0003839,Abnormal upper limb epiphysis morphology,Abnormal shape of end part of upper limb long bones,yes
HP:0003840,Delayed upper limb epiphyseal ossification,Delayed maturation of the end part of the upper limb bone,yes
HP:0003850,Upper-limb metaphyseal irregularity,Irregular wide portion of upper limb bones,yes
HP:0003855,Spurred metaphyses of the upper limbs,Spurred wide portion of upper limb bone,yes
HP:0003856,Upper limb metaphyseal widening,Broad wide portion of upper limb bone,yes
HP:0003862,Absent humerus,Absent long bone in upper arm,yes
HP:0003863,Angulated humerus,Angulated long bone in upper arm,yes
HP:0003864,Bifid humerus,Notched long bone in upper arm,yes
HP:0003865,Bowed humerus,Bowed long bone in upper arm,yes
HP:0003871,Deformed humerus,Deformed long bone in upper arm,yes
HP:0003874,Humerus varus,,no
HP:0003879,Humeral pseudarthrosis,False joint (long bone in upper arm),yes
HP:0003883,Tapered humerus,Tapered long bone of upper arm,yes
HP:0003886,Wide humerus,Wide long bone of upper arm,yes
HP:0003887,Abnormal humeral head morphology,Abnormal head of long bone in upper arm,yes
HP:0003890,Prominent deltoid tuberosities,,no
HP:0003902,Epiphyseal stippling of the humerus,,no
HP:0003907,Abnormal humeral metaphysis morphology,Abnormality of the wide portion of the long bone in upper arm,yes
HP:0003908,Corner fracture of metaphysis,,no
HP:0003909,Cortical subperiosteal resorption of humeral metaphyses,,no
HP:0003911,Flared humeral metaphysis,Flared wide portion of long bone of upper arm,yes
HP:0003918,Sclerotic humeral metaphysis,Hardening of wide portion of long bone of upper arm,yes
HP:0003926,Abnormal humeral diaphysis morphology,Abnormality of shaft of long bone in upper arm,yes
HP:0003940,Osteoarthritis of the elbow,,no
HP:0003941,Stippled calcification of the elbow,,no
HP:0003943,Abnormality of the joint spaces of the elbow,Abnormality of the joint spaces of the elbow,yes
HP:0003944,Narrow joint spaces of the elbow,Narrow joint spaces of the elbow,yes
HP:0003945,Irregular articular surfaces of the elbow joints,,no
HP:0003946,Abnormal elbow epiphysis morphology,Abnormality of end part of the elbow bone,yes
HP:0003950,Flared elbow metaphyses,Flared wide portion of elbow bone,yes
HP:0003951,Distal humeral metaphyseal irregularity,Irregular wide portion of elbow bone,yes
HP:0003952,Sclerotic foci of metaphyses of the elbow,,no
HP:0003956,Bowed forearm bones,Bowed forearm bones,yes
HP:0003961,Fractured forearm bone,,no
HP:0003967,Sclerotic forearm bones,Increased bone density of forearm bones,yes
HP:0003974,Absent radius,Missing outer large bone of forearm,yes
HP:0003977,Deformed radius,,no
HP:0003979,Lytic defects of the radius,,no
HP:0003982,Aplasia of the ulna,,no
HP:0003985,Exostoses of the ulna,,no
HP:0003986,Exostoses of the radius,,no
HP:0003988,Long ulna,,no
HP:0003991,Osteosclerosis of the ulna,,no
HP:0003992,Slender ulna,,no
HP:0003993,Broad ulna,,no
HP:0003994,Dislocated wrist,Dislocated wrist,yes
HP:0003995,Abnormality of the radial head,,no
HP:0003997,Hypoplastic radial head,,no
HP:0003999,Abnormal radial epiphysis morphology,,no
HP:0004000,Cone-shaped distal radial epiphysis,,no
HP:0004002,Flattened radial epiphyses,,no
HP:0004012,Premature fusion of the radial epiphyseal plates,,no
HP:0004018,Flared radial metaphysis,,no
HP:0004019,Radial metaphyseal irregularity,,no
HP:0004026,Broad radial metaphysis,,no
HP:0004027,Abnormality of radial diaphysis,,no
HP:0004037,Abnormal ulnar epiphysis morphology,,no
HP:0004039,Abnormal ulnar metaphysis morphology,,no
HP:0004042,Ulnar metaphyseal irregularity,,no
HP:0004050,Absent hand,Absent hand,yes
HP:0004054,Sclerosis of hand bone,Increased bone density in hand bone,yes
HP:0004057,Mitten deformity,,no
HP:0004058,Hand monodactyly,,no
HP:0004060,Trident hand,,no
HP:0004095,Curved fingers,Curved fingers,yes
HP:0004097,Deviation of finger,Atypical position of finger,yes
HP:0004099,Macrodactyly,Finger overgrowth,yes
HP:0004112,Midline nasal groove,Central nasal groove,yes
HP:0004122,Midline defect of the nose,Central cleft of nose,yes
HP:0004132,Dimple on nasal tip,Dimple on nasal tip,yes
HP:0004150,Abnormal 3rd finger morphology,,no
HP:0004180,Short distal phalanx of the 3rd finger,Short outermost bone of the middle finger,yes
HP:0004197,Fourth finger symphalangism,Fused ring finger bones,yes
HP:0004207,Abnormal 5th finger morphology,Abnormality of the little finger,yes
HP:0004209,Clinodactyly of the 5th finger,Curvature of little finger,yes
HP:0004218,Fifth finger symphalangism,Fused little finger bones,yes
HP:0004220,Short middle phalanx of the 5th finger,Short middle bone of the little finger,yes
HP:0004227,Short distal phalanx of the 5th finger,Short outermost little finger bone,yes
HP:0004231,Carpal bone aplasia,Absent wrist bone,yes
HP:0004232,Accessory carpal bones,Extra wrist bones,yes
HP:0004233,Advanced ossification of carpal bones,Accelerated wrist bone maturation,yes
HP:0004236,Irregular carpal bones,Irregular wrist bones,yes
HP:0004237,Large carpal bones,Large wrist bones,yes
HP:0004240,Sclerotic foci within carpal bones,Hardened spots within wrist bones,yes
HP:0004241,Stippled calcification in carpal bones,,no
HP:0004242,Broad carpal bones,Wide wrist bones,yes
HP:0004243,Abnormal scaphoid morphology,,no
HP:0004251,Lunate-triquetral fusion,,no
HP:0004252,Abnormal trapezium morphology,,no
HP:0004253,Absent trapezium,,no
HP:0004268,Osteoarthritis of the small joints of the hand,,no
HP:0004269,Subluxation of the small joints of the hand,Partial dislocation of small joints of hand,yes
HP:0004273,Cupped metaphyses of hand bones,Cupped wide portion of hand bones,yes
HP:0004275,Duplication of hand bones,Duplication of hand bones,yes
HP:0004276,Exostoses of hand bones,,no
HP:0004279,Short palm,Short hands,yes
HP:0004280,Irregular ossification of hand bones,Irregular maturation of hand bones,yes
HP:0004283,Narrow palm,Narrow palm,yes
HP:0004288,Pseudoepiphyses of hand bones,,no
HP:0004289,Sclerotic foci in hand bones,,no
HP:0004295,Abnormal gastric mucosa morphology,Abnormality of the mucous membrane layer of stomach,yes
HP:0004296,Abnormal gastrointestinal vascular morphology,Abnormality of GI blood vessels,yes
HP:0004297,Abnormality of the biliary system,,no
HP:0004298,Abnormal abdominal wall morphology,Abnormality of the abdominal wall,yes
HP:0004299,Hernia of the abdominal wall,,no
HP:0004302,Functional motor deficit,,no
HP:0004303,Abnormal muscle fiber morphology,,no
HP:0004305,Involuntary movements,Involuntary movements,yes
HP:0004306,Abnormal endocardium morphology,,no
HP:0004307,Abnormal anatomic location of the heart,,no
HP:0004308,Ventricular arrhythmia,,no
HP:0004309,Ventricular preexcitation,,no
HP:0004311,Abnormal macrophage morphology,,no
HP:0004312,Abnormal reticulocyte morphology,,no
HP:0004313,Decreased circulating immunoglobulin concentration,Decreased circulating antibody level,yes
HP:0004315,Decreased circulating IgG concentration,,no
HP:0004319,Decreased circulating aldosterone concentration,Low blood aldosterone level,yes
HP:0004320,Vaginal fistula,,no
HP:0004321,Bladder fistula,,no
HP:0004322,Short stature,Decreased body height,yes
HP:0004323,Abnormality of body weight,Abnormality of body weight,yes
HP:0004324,Increased body weight,Increased body weight,yes
HP:0004325,Decreased body weight,Decreased body weight,yes
HP:0004326,Cachexia,Wasting syndrome,yes
HP:0004327,Abnormal vitreous humor morphology,,no
HP:0004328,Abnormal anterior eye segment morphology,,no
HP:0004329,Abnormal posterior eye segment morphology,,no
HP:0004330,Increased skull ossification,Increased calcification of skull,yes
HP:0004331,Decreased skull ossification,Decreased bone formation of skull,yes
HP:0004332,Abnormal lymphocyte morphology,,no
HP:0004333,Bone-marrow foam cells,,no
HP:0004334,Dermal atrophy,Skin degeneration,yes
HP:0004336,Myelin outfoldings,,no
HP:0004337,Abnormality of amino acid metabolism,,no
HP:0004341,Abnormal vitamin B12 concentration,,no
HP:0004343,Abnormal glycosphingolipid metabolism,,no
HP:0004345,Ganglioside accumulation,,no
HP:0004347,Weakness of muscles of respiration,,no
HP:0004348,Abnormality of bone mineral density,,no
HP:0004349,Reduced bone mineral density,Low solidness and mass of the bones,yes
HP:0004354,Abnormal circulating carboxylic acid concentration,,no
HP:0004357,Abnormal circulating leucine concentration,,no
HP:0004359,Abnormal circulating fatty acid concentration,,no
HP:0004360,Abnormality of acid-base homeostasis,,no
HP:0004361,Abnormal circulating leptin concentration,,no
HP:0004362,Abnormal enteric ganglion morphology,,no
HP:0004363,Abnormal circulating calcium concentration,Abnormal blood calcium levels,yes
HP:0004364,Abnormal circulating nitrogen compound concentration,,no
HP:0004365,Abnormal circulating tryptophan concentration,,no
HP:0004370,Abnormality of temperature regulation,Abnormality of temperature regulation,yes
HP:0004372,Reduced consciousness,Disturbances of consciousness,yes
HP:0004373,Focal dystonia,,no
HP:0004374,Hemiplegia/hemiparesis,Paralysis or weakness of one side of body,yes
HP:0004375,Neoplasm of the nervous system,Nervous system cancer,yes
HP:0004377,Hematological neoplasm,Blood tumor,yes
HP:0004378,Abnormality of the anus,Abnormality of the anus,yes
HP:0004379,Abnormality of alkaline phosphatase level,,no
HP:0004380,Aortic valve calcification,,no
HP:0004381,Supravalvular aortic stenosis,,no
HP:0004382,Mitral valve calcification,,no
HP:0004383,Hypoplastic left ventricle,Underdeveloped left heart,yes
HP:0004385,Protracted diarrhea,,no
HP:0004386,Gastrointestinal inflammation,Gastrointestinal inflammation,yes
HP:0004387,Enterocolitis,,no
HP:0004388,Microcolon,,no
HP:0004389,Intestinal pseudo-obstruction,,no
HP:0004390,Hamartomatous polyposis,,no
HP:0004392,Prune belly,Prune belly,yes
HP:0004394,Multiple gastric polyps,,no
HP:0004395,Malnutrition,Malnutrition,yes
HP:0004396,Poor appetite,Decreased appetite,yes
HP:0004397,Ectopic anus,Abnormal anus position,yes
HP:0004398,Peptic ulcer,Sore in the lining of gastrointestinal tract,yes
HP:0004399,Congenital pyloric atresia,,no
HP:0004401,Meconium ileus,,no
HP:0004404,Abnormal nipple morphology,Abnormality of the nipple,yes
HP:0004405,Prominent nipples,Prominent nipples,yes
HP:0004406,"Spontaneous, recurrent epistaxis",Recurring nosebleed,yes
HP:0004407,Bony paranasal bossing,,no
HP:0004408,Abnormality of the sense of smell,Abnormal sense of smell,yes
HP:0004409,Hyposmia,,no
HP:0004411,Deviated nasal septum,Crooked nasal septum,yes
HP:0004414,Abnormality of the pulmonary artery,Abnormality of lung artery,yes
HP:0004415,Pulmonary artery stenosis,Narrowing of lung artery,yes
HP:0004416,Precocious atherosclerosis,Premature plaque build-up in arteries,yes
HP:0004417,Intermittent claudication,,no
HP:0004418,Thrombophlebitis,,no
HP:0004419,Recurrent thrombophlebitis,,no
HP:0004420,Arterial thrombosis,Blood clot in artery,yes
HP:0004421,Elevated systolic blood pressure,,no
HP:0004422,Biparietal narrowing,Decreased width of the skull,yes
HP:0004423,Cranium bifidum occultum,,no
HP:0004425,Flat forehead,Flat forehead,yes
HP:0004426,Abnormal cheek morphology,Abnormality of the cheek,yes
HP:0004428,Elfin facies,Elf-like facial appearance,yes
HP:0004429,Recurrent viral infections,,no
HP:0004430,Severe combined immunodeficiency,,no
HP:0004431,Reduced circulating complement concentration,,no
HP:0004432,Agammaglobulinemia,,no
HP:0004433,Decreased secretory IgA concentration,,no
HP:0004434,Decreased circulating complement C8 concentration,,no
HP:0004437,Cranial hyperostosis,Enlargement of skull bones,yes
HP:0004438,Hyperostosis frontalis interna,Thick inner surface of the frontal bone,yes
HP:0004439,Craniofacial dysostosis,,no
HP:0004440,Coronal craniosynostosis,,no
HP:0004442,Sagittal craniosynostosis,Early closure of midline skull joint,yes
HP:0004443,Lambdoidal craniosynostosis,,no
HP:0004444,Spherocytosis,,no
HP:0004445,Elliptocytosis,,no
HP:0004446,Stomatocytosis,,no
HP:0004447,Poikilocytosis,,no
HP:0004448,Fulminant hepatic failure,,no
HP:0004450,Preauricular skin furrow,Preauricular skin groove,yes
HP:0004451,Postauricular skin tag,Skin tag behind the ear,yes
HP:0004452,Abnormality of the middle ear ossicles,,no
HP:0004453,Overfolding of the superior helices,,no
HP:0004454,Abnormal middle ear reflexes,,no
HP:0004458,Dilatated internal auditory canal,,no
HP:0004459,Exostosis of the external auditory canal,,no
HP:0004463,Absent brainstem auditory responses,,no
HP:0004464,Postauricular pit,Pit behind the ear,yes
HP:0004466,Delayed brainstem auditory evoked response conduction time,,no
HP:0004467,Preauricular pit,Pit in front of the ear,yes
HP:0004468,Anomalous tracheal cartilage,,no
HP:0004469,Chronic bronchitis,,no
HP:0004470,Atretic occipital cephalocele,,no
HP:0004471,Aplasia cutis congenita over the scalp vertex,,no
HP:0004472,Mandibular hyperostosis,Thick lower jaw bone,yes
HP:0004474,Persistent open anterior fontanelle,,no
HP:0004481,Progressive macrocephaly,Progressively abnormally enlarging cranium,yes
HP:0004482,Relative macrocephaly,Relatively large head,yes
HP:0004484,Craniofacial asymmetry,Abnormality of craniofacial shape,yes
HP:0004485,Cessation of head growth,Head stopped growing,yes
HP:0004487,Acrobrachycephaly,,no
HP:0004488,Macrocephaly at birth,Big head present at birth,yes
HP:0004490,Calvarial hyperostosis,Overgrowth of skullcap,yes
HP:0004491,Large posterior fontanelle,,no
HP:0004492,Widely patent fontanelles and sutures,,no
HP:0004493,Craniofacial hyperostosis,Enlargement of craniofacial bones,yes
HP:0004499,Chronic rhinitis due to narrow nasal airway,Chronic nasal inflammation due to narrow nasal airway,yes
HP:0004502,Bilateral choanal atresia,Bilateral blockage of the rear opening of the nasal cavity,yes
HP:0004510,Pancreatic islet-cell hyperplasia,,no
HP:0004523,Long eyebrows,Elongated eyebrow,yes
HP:0004524,Temporal hypotrichosis,Reduced hair growth in temporal region,yes
HP:0004527,Large clumps of pigment irregularly distributed along hair shaft,Large clumps of pigment irregularly distributed along hair shaft,yes
HP:0004528,Generalized hypotrichosis,,no
HP:0004529,"Atrophic, patchy alopecia",,no
HP:0004532,Sacral hypertrichosis,,no
HP:0004535,Anterior cervical hypertrichosis,,no
HP:0004540,"Congenital, generalized hypertrichosis",,no
HP:0004552,Scarring alopecia of scalp,Hair loss on scalp from scarring condition,yes
HP:0004554,Generalized hypertrichosis,,no
HP:0004557,Anterior vertebral fusion,,no
HP:0004558,Cervical platyspondyly,,no
HP:0004562,Beaking of vertebral bodies T12-L3,,no
HP:0004563,Increased spinal bone density,Concrete spinal bone,yes
HP:0004565,Severe platyspondyly,,no
HP:0004566,Pear-shaped vertebrae,,no
HP:0004568,Beaking of vertebral bodies,,no
HP:0004570,Increased vertebral height,,no
HP:0004571,Widening of cervical spinal canal,,no
HP:0004573,Anterior wedging of T11,,no
HP:0004575,Fusion of midcervical facet joints,,no
HP:0004576,Sclerotic vertebral endplates,,no
HP:0004580,Anterior scalloping of vertebral bodies,,no
HP:0004582,Irregularity of vertebral bodies,,no
HP:0004586,Biconcave vertebral bodies,,no
HP:0004590,Hypoplastic sacrum,Small sacrum,yes
HP:0004591,Disc-like vertebral bodies,,no
HP:0004592,Thoracic platyspondyly,,no
HP:0004594,Hump-shaped mound of bone in central and posterior portions of vertebral endplate,,no
HP:0004598,Supernumerary vertebral ossification centers,,no
HP:0004599,Absent or minimally ossified vertebral bodies,,no
HP:0004601,Spina bifida occulta at L5,,no
HP:0004602,Cervical C2/C3 vertebral fusion,,no
HP:0004603,Hyperconvex vertebral body endplates,,no
HP:0004605,Absent vertebral body mineralization,,no
HP:0004606,Unossified vertebral bodies,,no
HP:0004607,Anterior beaking of lower thoracic vertebrae,,no
HP:0004608,Anteriorly placed odontoid process,,no
HP:0004609,Patchy distortion of vertebrae,,no
HP:0004610,Lumbar spinal canal stenosis,,no
HP:0004611,Anterior concavity of thoracic vertebrae,,no
HP:0004614,Spina bifida occulta at S1,,no
HP:0004616,Cleft vertebral arch,,no
HP:0004617,Butterfly vertebral arch,,no
HP:0004618,Sandwich appearance of vertebral bodies,,no
HP:0004619,Lumbar kyphoscoliosis,,no
HP:0004622,Progressive intervertebral space narrowing,,no
HP:0004625,Biconvex vertebral bodies,,no
HP:0004626,Lumbar scoliosis,,no
HP:0004629,Small cervical vertebral bodies,,no
HP:0004631,Decreased cervical spine flexion due to contractures of posterior cervical muscles,Inability to touch chin to chest,yes
HP:0004632,Cervical segmentation defect,,no
HP:0004633,Lower thoracic kyphosis,Round mid-back,yes
HP:0004634,Cuboid-shaped vertebral bodies,,no
HP:0004635,Cervical C5/C6 vertebrae fusion,,no
HP:0004637,Decreased cervical spine mobility,Limited neck movement,yes
HP:0004639,Elevated amniotic fluid alpha-fetoprotein concentration,,no
HP:0004646,Hypoplasia of the nasal bone,Decreased size of nasal bone,yes
HP:0004660,Hypoplasia of facial musculature,Decreased size of facial muscles,yes
HP:0004661,Frontalis muscle weakness,Weakness of forehead muscle,yes
HP:0004664,Facial midline hemangioma,,no
HP:0004673,Decreased facial expression,Decreased facial expression,yes
HP:0004676,Prominent supraorbital arches in adult,,no
HP:0004679,Large tarsal bones,Large ankle bones,yes
HP:0004681,Deep longitudinal plantar crease,Foot crease,yes
HP:0004684,Talipes valgus,,no
HP:0004686,Short third metatarsal,Short 3rd long bone of foot,yes
HP:0004688,Irregular tarsal bones,Abnormal shape of ankle bones,yes
HP:0004689,Short fourth metatarsal,Short 4th long bone of foot,yes
HP:0004690,Thickened Achilles tendon,Thickened Achilles tendon,yes
HP:0004691,2-3 toe syndactyly,Webbed 2nd and 3rd toes,yes
HP:0004692,4-5 toe syndactyly,Webbed 4th-5th toes,yes
HP:0004695,Calcaneal epiphyseal stippling,,no
HP:0004696,Talipes cavus equinovarus,,no
HP:0004699,Osteoporotic metatarsal,,no
HP:0004704,Short fifth metatarsal,Short 5th long bone of foot,yes
HP:0004712,Renal malrotation,Abnormal rotation of the kidneys,yes
HP:0004713,Reversible renal failure,Reversible kidney failure,yes
HP:0004717,Axial malrotation of the kidney,,no
HP:0004719,Hyperechogenic kidneys,,no
HP:0004722,Thickened glomerular basement membrane,,no
HP:0004724,Calcium nephrolithiasis,Calcium kidney stone,yes
HP:0004727,Impaired renal concentrating ability,,no
HP:0004732,Impaired renal uric acid clearance,,no
HP:0004734,Renal cortical microcysts,,no
HP:0004736,Crossed fused renal ectopia,,no
HP:0004737,Global glomerulosclerosis,,no
HP:0004742,Abnormal renal collecting system morphology,,no
HP:0004743,Chronic tubulointerstitial nephritis,,no
HP:0004746,Glomerular subendothelial electron-dense deposits,,no
HP:0004749,Atrial flutter,,no
HP:0004751,Paroxysmal ventricular tachycardia,,no
HP:0004754,Permanent atrial fibrillation,,no
HP:0004755,Supraventricular tachycardia,,no
HP:0004756,Ventricular tachycardia,,no
HP:0004757,Paroxysmal atrial fibrillation,,no
HP:0004758,Effort-induced polymorphic ventricular tachycardia,,no
HP:0004761,Post-angioplasty coronary artery restenosis,,no
HP:0004762,Hypoplasia of right ventricle,Small right heart chamber,yes
HP:0004763,Paroxysmal supraventricular tachycardia,Episodic rapid heart beat,yes
HP:0004764,Myxomatous mitral valve degeneration,,no
HP:0004771,Premature graying of body hair,Premature graying of body hair,yes
HP:0004779,Brittle scalp hair,Brittle scalp hair,yes
HP:0004780,Elbow hypertrichosis,Hairy elbow,yes
HP:0004783,Duodenal polyposis,,no
HP:0004784,Juvenile gastrointestinal polyposis,,no
HP:0004785,Malrotation of colon,,no
HP:0004787,Fulminant hepatitis,,no
HP:0004788,Intestinal lymphedema,,no
HP:0004789,Lactose intolerance,Lactose intolerance,yes
HP:0004790,Hypoplasia of the small intestine,Underdeveloped small intestine,yes
HP:0004791,Esophageal ulceration,Esophagus ulcer,yes
HP:0004792,Rectoperineal fistula,,no
HP:0004794,Malrotation of small bowel,,no
HP:0004795,Hamartomatous stomach polyps,,no
HP:0004796,Gastrointestinal obstruction,Gastrointestinal obstruction,yes
HP:0004798,Recurrent infection of the gastrointestinal tract,Gastrointestinal infections,yes
HP:0004802,Episodic hemolytic anemia,,no
HP:0004804,Congenital hemolytic anemia,,no
HP:0004808,Acute myeloid leukemia,,no
HP:0004809,Neonatal alloimmune thrombocytopenia,,no
HP:0004810,Congenital hypoplastic anemia,,no
HP:0004812,B Acute Lymphoblastic Leukemia,,no
HP:0004814,Fava bean-induced hemolytic anemia,,no
HP:0004817,Drug-sensitive hemolytic anemia,,no
HP:0004818,Paroxysmal nocturnal hemoglobinuria,,no
HP:0004819,Normocytic hypoplastic anemia,,no
HP:0004820,Acute myelomonocytic leukemia,,no
HP:0004821,Hypersegmentation of neutrophil nuclei,,no
HP:0004823,Anisopoikilocytosis,,no
HP:0004826,Folate-unresponsive megaloblastic anemia,,no
HP:0004828,Refractory anemia with ringed sideroblasts,,no
HP:0004831,Recurrent thromboembolism,,no
HP:0004835,Microspherocytosis,,no
HP:0004836,Acute promyelocytic leukemia,,no
HP:0004839,Pyropoikilocytosis,,no
HP:0004840,Hypochromic microcytic anemia,,no
HP:0004841,Reduced factor XII activity,,no
HP:0004844,Coombs-positive hemolytic anemia,,no
HP:0004845,Acute monocytic leukemia,,no
HP:0004846,Prolonged bleeding after surgery,Excessive bleeding during surgery,yes
HP:0004848,Ph-positive acute lymphoblastic leukemia,,no
HP:0004850,Recurrent deep vein thrombosis,Recurrent deep vein blood clot,yes
HP:0004851,Folate-responsive megaloblastic anemia,,no
HP:0004852,Reduced leukocyte alkaline phosphatase,,no
HP:0004854,Intermittent thrombocytopenia,,no
HP:0004855,Reduced protein S activity,,no
HP:0004856,Normochromic microcytic anemia,,no
HP:0004859,Amegakaryocytic thrombocytopenia,,no
HP:0004860,Thiamine-responsive megaloblastic anemia,,no
HP:0004861,Refractory macrocytic anemia,,no
HP:0004863,Compensated hemolytic anemia,,no
HP:0004864,Elevated bone marrow ring sideroblast count,,no
HP:0004866,Impaired ADP-induced platelet aggregation,,no
HP:0004870,Chronic hemolytic anemia,,no
HP:0004871,Perineal fistula,,no
HP:0004872,Incisional hernia,,no
HP:0004875,Neonatal inspiratory stridor,,no
HP:0004876,Spontaneous neonatal pneumothorax,,no
HP:0004878,Intercostal muscle weakness,Muscle weakness between ribs,yes
HP:0004879,Intermittent hyperventilation,Intermittent overbreathing,yes
HP:0004880,Respiratory infections in early life,,no
HP:0004885,Episodic respiratory distress,Episodic difficulty breathing,yes
HP:0004886,Congenital laryngeal stridor,,no
HP:0004887,Respiratory failure requiring assisted ventilation,,no
HP:0004889,Intermittent episodes of respiratory insufficiency due to muscle weakness,,no
HP:0004890,Elevated pulmonary artery pressure,increased pulmonary artery pressure,yes
HP:0004891,Recurrent infections due to aspiration,,no
HP:0004894,Laryngotracheal stenosis,,no
HP:0004897,Stress/infection-induced lactic acidosis,,no
HP:0004900,Severe lactic acidosis,,no
HP:0004901,Exercise-induced lactic acidemia,,no
HP:0004902,Congenital lactic acidosis,,no
HP:0004904,Maturity-onset diabetes of the young,,no
HP:0004905,Reduced circulating vitamin A concentration,Vitamin A deficiency,yes
HP:0004906,Hypernatremic dehydration,,no
HP:0004909,Hypokalemic hypochloremic metabolic alkalosis,,no
HP:0004910,Bicarbonate-wasting renal tubular acidosis,,no
HP:0004911,Episodic metabolic acidosis,,no
HP:0004912,Hypophosphatemic rickets,,no
HP:0004913,Intermittent lactic acidemia,,no
HP:0004914,Recurrent infantile hypoglycemia,Recurrent low blood sugar in infant,yes
HP:0004915,Impairment of galactose metabolism,,no
HP:0004918,Hyperchloremic metabolic acidosis,,no
HP:0004919,Galactose intolerance,,no
HP:0004920,Phenylpyruvic acidemia,,no
HP:0004921,Abnormal circulating magnesium concentration,,no
HP:0004923,Hyperphenylalaninemia,,no
HP:0004924,Abnormal oral glucose tolerance,,no
HP:0004925,Chronic lactic acidosis,,no
HP:0004926,Orthostatic hypotension due to autonomic dysfunction,,no
HP:0004927,Pulmonary artery dilatation,,no
HP:0004930,Abnormality of the pulmonary vasculature,Abnormality of the lung blood vessels,yes
HP:0004931,Arteriosclerosis of small cerebral arteries,Hardened artery wall in small cerebral arteries,yes
HP:0004933,Ascending aortic dissection,,no
HP:0004934,Vascular calcification,,no
HP:0004935,Pulmonary artery atresia,,no
HP:0004936,Venous thrombosis,Blood clot in vein,yes
HP:0004937,Pulmonary artery aneurysm,,no
HP:0004938,Tortuous cerebral arteries,Twisted cerebral arteries,yes
HP:0004940,Generalized arterial calcification,,no
HP:0004941,Extrahepatic portal hypertension,,no
HP:0004942,Aortic aneurysm,Bulge in wall of large artery that carries blood away from heart,yes
HP:0004943,Accelerated atherosclerosis,Accelerated plaque build-up in arteries,yes
HP:0004944,Dilatation of the cerebral artery,Brain aneurysm,yes
HP:0004947,Arteriovenous fistula,,no
HP:0004948,Vascular tortuosity,Twisted blood vessels,yes
HP:0004950,Peripheral arterial stenosis,,no
HP:0004952,Pulmonary arteriovenous fistulas,,no
HP:0004955,Generalized arterial tortuosity,Generalized twisted arteries,yes
HP:0004959,Descending thoracic aorta aneurysm,,no
HP:0004960,Absent pulmonary artery,Absent lung artery,yes
HP:0004961,Pulmonary artery sling,,no
HP:0004962,Thoracic aorta calcification,,no
HP:0004963,Calcification of the aorta,,no
HP:0004964,Pulmonary arterial medial hypertrophy,,no
HP:0004966,Medial calcification of large arteries,,no
HP:0004968,Recurrent cerebral hemorrhage,,no
HP:0004969,Peripheral pulmonary artery stenosis,Narrowing of peripheral lung artery,yes
HP:0004970,Ascending tubular aorta aneurysm,Bulging of wall of large artery located above heart,yes
HP:0004971,Pulmonary artery hypoplasia,Underdeveloped lung artery,yes
HP:0004972,Elevated mean arterial pressure,,no
HP:0004974,Coarctation of abdominal aorta,,no
HP:0004975,Erlenmeyer flask deformity of the femurs,Erlenmeyer flask shaped thighbone,yes
HP:0004976,Knee dislocation,,no
HP:0004977,Bilateral radial aplasia,,no
HP:0004979,Metaphyseal sclerosis,Increased bone density in wide portion of long bone,yes
HP:0004981,Prominent styloid process of ulna,,no
HP:0004987,Mesomelic leg shortening,,no
HP:0004991,Rhizomelic arm shortening,,no
HP:0004993,Slender long bones with narrow diaphyses,Slender long bones with narrow shaft,yes
HP:0004997,Multicentric ossification of proximal humeral epiphyses,,no
HP:0005001,Recurrent patellar dislocation,,no
HP:0005003,Aplasia/Hypoplasia of the capital femoral epiphysis,Absent/small end part of innermost thighbone,yes
HP:0005004,Flattened proximal radial epiphyses,,no
HP:0005005,"Femoral bowing present at birth, straightening with time","Bowing of thighbone at birth, straightening with time",yes
HP:0005008,Large joint dislocations,Large joint dislocations,yes
HP:0005009,Dumbbell-shaped humerus,Dumbbell-shaped long bone in upper arm,yes
HP:0005010,Osteomyelitis leading to amputation due to slow healing fractures,,no
HP:0005011,Mesomelic arm shortening,,no
HP:0005017,Polyarticular chondrocalcinosis,,no
HP:0005019,Diaphyseal undertubulation,Thickening of shaft or central part of long bones,yes
HP:0005021,Bilateral elbow dislocations,Dislocated elbows on both sides,yes
HP:0005025,Hypoplastic distal humeri,,no
HP:0005026,Mesomelic/rhizomelic limb shortening,,no
HP:0005028,Widened proximal tibial metaphyses,Wide innermost wide portion of shankbone bone,yes
HP:0005033,Distal ulnar hypoplasia,,no
HP:0005037,Proximal radio-ulnar synostosis,,no
HP:0005039,Multiple long-bone exostoses,,no
HP:0005041,Irregular capital femoral epiphysis,Irregular end part of innermost thighbone,yes
HP:0005042,"Irregular, rachitic-like metaphyses",,no
HP:0005043,Proximal humeral metaphyseal irregularity,,no
HP:0005045,Diaphyseal cortical sclerosis,,no
HP:0005048,Synostosis of carpal bones,Fusion of wrist bones,yes
HP:0005050,Anterolateral radial head dislocation,,no
HP:0005054,Metaphyseal spurs,,no
HP:0005059,Arthralgia/arthritis,Joint pain/Joint inflammation,yes
HP:0005060,Limited elbow flexion/extension,,no
HP:0005063,"Fragmented, irregular epiphyses","Fragmented, irregular end part of bone",yes
HP:0005066,Cone-shaped epiphyses fused within their metaphyses,Cone-shaped end part of long bone fused within their wide portion of wide bone,yes
HP:0005067,Proximal fibular overgrowth,Overgrowth of innermost part of calf bone,yes
HP:0005068,Absent styloid process of ulna,,no
HP:0005069,Rhizo-meso-acromelic limb shortening,,no
HP:0005070,Proximal radial head dislocation,,no
HP:0005072,Wrist hypermobility,Increased wrist mobility,yes
HP:0005084,Anterior radial head dislocation,,no
HP:0005085,Limited knee flexion/extension,,no
HP:0005086,Knee osteoarthritis,,no
HP:0005089,Abnormal metaphyseal trabeculation,,no
HP:0005090,Lateral femoral bowing,,no
HP:0005092,Streaky metaphyseal sclerosis,Streak increase in bone density in wide portion of wide bone,yes
HP:0005093,Absent proximal radial epiphyses,,no
HP:0005096,Distal femoral bowing,,no
HP:0005100,Premature birth following premature rupture of fetal membranes,,no
HP:0005101,High-frequency hearing impairment,"Hearing loss, high-frequency",yes
HP:0005102,Cochlear degeneration,,no
HP:0005103,Calcification of the auricular cartilage,,no
HP:0005104,Hypoplastic nasal septum,Decreased size of nasal septum,yes
HP:0005105,Abnormal nasal morphology,Abnormal of nasal shape,yes
HP:0005106,Abnormality of the vertebral endplates,,no
HP:0005107,Abnormal sacrum morphology,,no
HP:0005108,Abnormal intervertebral disk morphology,,no
HP:0005109,Abnormal Achilles tendon morphology,Abnormality of the Achilles tendon,yes
HP:0005110,Atrial fibrillation,Quivering upper heart chambers resulting in irregular heartbeat,yes
HP:0005112,Abdominal aortic aneurysm,,no
HP:0005113,Aortic arch aneurysm,,no
HP:0005115,Supraventricular arrhythmia,,no
HP:0005116,Arterial tortuosity,,no
HP:0005117,Elevated diastolic blood pressure,,no
HP:0005120,Abnormal cardiac atrium morphology,Abnormality of heart atrium,yes
HP:0005121,Posterior scalloping of vertebral bodies,,no
HP:0005129,Congenital hypertrophy of left ventricle,,no
HP:0005132,Pericardial constriction,,no
HP:0005133,Right ventricular dilatation,,no
HP:0005134,Absence of the pulmonary valve,,no
HP:0005135,Abnormal T-wave,,no
HP:0005136,Mitral annular calcification,,no
HP:0005143,Anomalous origin of right pulmonary artery from ascending aorta,,no
HP:0005144,Ventricular septal hypertrophy,,no
HP:0005145,Coronary artery stenosis,Narrowing of coronary artery,yes
HP:0005147,Bidirectional ventricular ectopy,,no
HP:0005150,Abnormal atrioventricular conduction,,no
HP:0005151,Preductal coarctation of the aorta,,no
HP:0005152,Histiocytoid cardiomyopathy,,no
HP:0005155,Ventricular escape rhythm,,no
HP:0005156,Hypoplastic left atrium,,no
HP:0005157,Concentric hypertrophic cardiomyopathy,,no
HP:0005160,Total anomalous pulmonary venous return,,no
HP:0005162,Abnormal left ventricular function,,no
HP:0005164,Dysplastic pulmonary valve,,no
HP:0005165,Shortened PR interval,,no
HP:0005168,Elevated right atrial pressure,,no
HP:0005170,Complete heart block with broad QRS complexes,,no
HP:0005172,Left posterior fascicular block,,no
HP:0005174,Membranous subvalvular aortic stenosis,,no
HP:0005176,Dysplastic aortic valve,,no
HP:0005177,Premature arteriosclerosis,Premature hardening of arteries,yes
HP:0005178,Complete heart block with narrow QRS complexes,,no
HP:0005180,Tricuspid regurgitation,,no
HP:0005181,Premature coronary artery atherosclerosis,Premature coronary artery disease,yes
HP:0005182,Bicuspid pulmonary valve,,no
HP:0005183,Pericardial lymphangiectasia,,no
HP:0005184,Prolonged QTc interval,,no
HP:0005185,Global systolic dysfunction,,no
HP:0005186,Synovial lining hyperplasia,,no
HP:0005187,Progressive joint destruction,,no
HP:0005190,Proximal finger joint hyperextensibility,,no
HP:0005191,Congenital knee dislocation,Dislocated knee since birth,yes
HP:0005193,Restricted large joint movement,,no
HP:0005194,Flattened metatarsal heads,Flattened head of long bone of foot,yes
HP:0005195,Polyarticular arthropathy,,no
HP:0005197,Generalized morning stiffness,,no
HP:0005198,Stiff interphalangeal joints,Stiff hinge joints,yes
HP:0005199,Aplasia of the abdominal wall musculature,,no
HP:0005200,Retroperitoneal fibrosis,,no
HP:0005201,Anomalous splenoportal venous system,,no
HP:0005202,Helicobacter pylori infection,,no
HP:0005203,Spontaneous esophageal perforation,,no
HP:0005206,Pancreatic pseudocyst,,no
HP:0005207,Gastric hypertrophy,Increased stomach size,yes
HP:0005208,Secretory diarrhea,,no
HP:0005209,Intrahepatic bile duct cysts,,no
HP:0005210,Hypoplastic colon,,no
HP:0005211,Midgut malrotation,,no
HP:0005212,Anal mucosal leukoplakia,,no
HP:0005213,Pancreatic calcification,,no
HP:0005214,Intestinal obstruction,Bowel obstruction,yes
HP:0005215,Frequent Giardia lamblia infestation,,no
HP:0005216,Impaired mastication,Chewing difficulties,yes
HP:0005217,Abdominal organ duplication,,no
HP:0005218,Anoperineal fistula,,no
HP:0005219,Absence of intrinsic factor,,no
HP:0005220,Multiple intestinal neurofibromatosis,,no
HP:0005222,Bowel diverticulosis,,no
HP:0005223,Duplicated colon,,no
HP:0005224,Rectal abscess,,no
HP:0005225,Intestinal edema,,no
HP:0005227,Adenomatous colonic polyposis,,no
HP:0005229,Jejunoileal ulceration,,no
HP:0005230,Biliary tract obstruction,,no
HP:0005231,Chronic gastritis,,no
HP:0005232,Pancreatic dysplasia,,no
HP:0005233,Hypoplasia of the gallbladder,,no
HP:0005234,Neonatal intestinal obstruction,,no
HP:0005235,Jejunal atresia,,no
HP:0005236,Chronic calcifying pancreatitis,,no
HP:0005240,Esophageal obstruction,,no
HP:0005241,Total intestinal aganglionosis,,no
HP:0005242,Extrahepatic biliary duct atresia,,no
HP:0005243,Partial abdominal muscle agenesis,,no
HP:0005244,Gastrointestinal infarctions,Death of digestive organ tissue due to poor blood supply,yes
HP:0005245,Intestinal hypoplasia,Underdeveloped instestine,yes
HP:0005246,Giant hypertrophic gastritis,,no
HP:0005247,Hypoplasia of the abdominal wall musculature,,no
HP:0005248,Intrahepatic biliary atresia,,no
HP:0005249,Functional intestinal obstruction,,no
HP:0005250,High intestinal obstruction,,no
HP:0005253,Increased anterioposterior diameter of thorax,,no
HP:0005254,Unilateral chest hypoplasia,Small chest on one side,yes
HP:0005255,Absence of pectoralis minor muscle,,no
HP:0005256,Unilateral absence of pectoralis major muscle,,no
HP:0005257,Thoracic hypoplasia,Small chest,yes
HP:0005258,Pectoral muscle hypoplasia/aplasia,Small/absent pec muscle,yes
HP:0005259,Abnormal facility in opposing the shoulders,,no
HP:0005261,Joint hemorrhage,Bleeding within a joint,yes
HP:0005263,Gastritis,Stomach inflammation,yes
HP:0005264,Abnormality of the gallbladder,Abnormality of the gallbladder,yes
HP:0005265,Abnormal jejunum morphology,,no
HP:0005266,Intestinal polyp,,no
HP:0005267,Premature delivery because of cervical insufficiency or membrane fragility,,no
HP:0005272,Prominent nasolabial fold,Deep laugh lines,yes
HP:0005273,Absent nasal septal cartilage,Absent nasal septal cartilage,yes
HP:0005274,Prominent nasal tip,Bulbous tip of nose,yes
HP:0005275,Cartilaginous ossification of nose,,no
HP:0005278,Hypoplastic nasal tip,Decreased size of nasal tip,yes
HP:0005280,Depressed nasal bridge,Concave bridge of nose,yes
HP:0005281,Hypoplastic nasal bridge,Decreased size of nasal bridge,yes
HP:0005285,Absent nasal bridge,Absent bridge of nose,yes
HP:0005288,Abnormal nostril morphology,Abnormality of the nostrils,yes
HP:0005290,Internal carotid artery hypoplasia,Aplasia of internal carotid artery,yes
HP:0005291,Inflammatory arteriopathy,,no
HP:0005292,Intimal thickening in the coronary arteries,,no
HP:0005293,Venous insufficiency,Poorly functioning veins,yes
HP:0005294,Arterial dissection,,no
HP:0005295,Pseudocoarctation of the aorta,,no
HP:0005297,Premature occlusive vascular stenosis,,no
HP:0005301,Persistent left superior vena cava,,no
HP:0005302,Carotid artery tortuosity,,no
HP:0005303,Aortic arch calcification,,no
HP:0005304,Hypoplastic pulmonary veins,Underdeveloped lung veins,yes
HP:0005305,Cerebral venous thrombosis,Blood clot in cerebral vein,yes
HP:0005306,Capillary hemangioma,Strawberry birthmark,yes
HP:0005307,Postural hypotension with compensatory tachycardia,,no
HP:0005308,Pulmonary artery vasoconstriction,,no
HP:0005310,Large vessel vasculitis,,no
HP:0005311,Agenesis of pulmonary vessels,Absent lung vessels,yes
HP:0005312,Pulmonary aterial intimal fibrosis,,no
HP:0005313,Arterial fibromuscular dysplasia,,no
HP:0005314,Anomalous branches of internal carotid artery,,no
HP:0005316,Peripheral pulmonary vessel aplasia,,no
HP:0005317,Increased pulmonary vascular resistance,,no
HP:0005318,Cerebral vasculitis,,no
HP:0005320,Lack of facial subcutaneous fat,Lack of facial fat below the skin,yes
HP:0005321,Mandibulofacial dysostosis,,no
HP:0005322,Prominent nasal septum,Low hanging nasal septum,yes
HP:0005323,Hemifacial hypertrophy,Enlargement of half of face,yes
HP:0005324,Disturbance of facial expression,Disturbance of facial expression,yes
HP:0005325,Extension of hair growth on temples to lateral eyebrow,,no
HP:0005326,Hypoplastic philtrum,,no
HP:0005327,Loss of facial expression,Loss of facial expression,yes
HP:0005328,Progeroid facial appearance,Premature aged appearance,yes
HP:0005329,Fixed facial expression,Fixed facial expression,yes
HP:0005332,Recurrent mandibular subluxations,,no
HP:0005335,Sleepy facial expression,Sleepy facial expression,yes
HP:0005336,Forehead hyperpigmentation,Darkening of the forehead,yes
HP:0005338,Sparse lateral eyebrow,Limited hair on end of eyebrow,yes
HP:0005339,Abnormality of complement system,,no
HP:0005340,Spastic/hyperactive bladder,,no
HP:0005341,Autonomic bladder dysfunction,,no
HP:0005343,Hypoplasia of the bladder,Underdeveloped bladder,yes
HP:0005344,Abnormal carotid artery morphology,,no
HP:0005345,Abnormal vena cava morphology,,no
HP:0005346,Abnormal facial expression,Abnormal facial expression,yes
HP:0005347,Tracheal cartilaginous sleeve,,no
HP:0005348,Inspiratory stridor,,no
HP:0005349,Hypoplasia of the epiglottis,,no
HP:0005352,Severe T-cell immunodeficiency,Severe T-cell immunodeficiency,yes
HP:0005353,Recurrent herpes,Susceptibility to herpesvirus,yes
HP:0005356,Decreased circulating complement factor I concentration,,no
HP:0005357,Defective B cell differentiation,,no
HP:0005359,Aplasia of the thymus,Absent thymus,yes
HP:0005360,Susceptibility to chickenpox,,no
HP:0005363,Humoral immunodeficiency,,no
HP:0005366,Recurrent streptococcus pneumoniae infections,,no
HP:0005368,Abnormality of humoral immunity,,no
HP:0005369,Decreased circulating complement factor H concentration,,no
HP:0005372,Abnormal B cell physiology,Abnormality of B cell physiology,yes
HP:0005374,Cellular immunodeficiency,,no
HP:0005376,Recurrent Haemophilus influenzae infection,,no
HP:0005381,Recurrent Neisseria meningitidis infection,Increased susceptibility to neisseria meningitidis infections,yes
HP:0005384,Defective B cell activation,,no
HP:0005386,Recurrent protozoan infections,,no
HP:0005387,Combined immunodeficiency,,no
HP:0005389,Depletion of components of the alternative complement pathway,,no
HP:0005390,Recurrent opportunistic infections,,no
HP:0005400,Reduction of neutrophil motility,,no
HP:0005401,Recurrent Candida infection,,no
HP:0005403,Decreased total T cell count,Low T cell count,yes
HP:0005404,Increased total B cell count,,no
HP:0005406,Recurrent bacterial skin infections,Recurrent bacterial skin infections,yes
HP:0005411,Chronic intestinal candidiasis,,no
HP:0005413,Elevated circulating alpha-globulin concentration,,no
HP:0005415,Decreased total CD8+ T cell proportion,,no
HP:0005416,Decreased circulating complement factor B concentration,,no
HP:0005419,Decreased T cell activation,,no
HP:0005420,Recurrent gram-negative bacterial infections,,no
HP:0005421,Decreased circulating complement C3 concentration,,no
HP:0005422,Absence of CD8+ T cells,,no
HP:0005423,Dysfunctional alternative complement pathway,,no
HP:0005424,Absent specific antibody response,,no
HP:0005425,Recurrent sinopulmonary infections,Recurrent sinus and lung infections,yes
HP:0005428,Severe recurrent varicella,,no
HP:0005429,Recurrent systemic pyogenic infections,,no
HP:0005430,Recurrent Neisserial infections,,no
HP:0005432,Transient hypogammaglobulinemia of infancy,,no
HP:0005437,Recurrent infections in infancy and early childhood,,no
HP:0005439,Maxillozygomatic hypoplasia,,no
HP:0005441,Sclerotic cranial sutures,,no
HP:0005442,Widely patent coronal suture,,no
HP:0005445,Enlarged posterior fossa,,no
HP:0005446,Obtuse angle of mandible,,no
HP:0005449,Bridged sella turcica,,no
HP:0005450,Calvarial osteosclerosis,,no
HP:0005451,Decreased cranial base ossification,,no
HP:0005453,Absent/hypoplastic paranasal sinuses,,no
HP:0005458,Premature closure of fontanelles,,no
HP:0005461,Craniofacial disproportion,,no
HP:0005462,Calcification of falx cerebri,,no
HP:0005463,Elongated sella turcica,,no
HP:0005464,Craniofacial osteosclerosis,,no
HP:0005465,Facial hyperostosis,Enlargement of facial bones,yes
HP:0005466,Hypoplasia of the frontal bone,Decreased size of bone of forehead,yes
HP:0005469,Flat occiput,Flat back of skull,yes
HP:0005472,Orbital craniosynostosis,,no
HP:0005473,Fusion of middle ear ossicles,,no
HP:0005474,Decreased calvarial ossification,Soft skullcap,yes
HP:0005476,Widely patent sagittal suture,,no
HP:0005477,Progressive sclerosis of skull base,,no
HP:0005478,Prominent frontal sinuses,Increased size of frontal sinus,yes
HP:0005479,Decreased circulating IgE concentration,,no
HP:0005483,Abnormal epiglottis morphology,,no
HP:0005484,Secondary microcephaly,Development of small head that was not present at birth,yes
HP:0005486,Small fontanelle,Little cranial sutures,yes
HP:0005487,Prominent metopic ridge,,no
HP:0005490,Postnatal macrocephaly,,no
HP:0005494,Premature posterior fontanelle closure,,no
HP:0005495,Metopic suture patent to nasal root,,no
HP:0005498,Midline skin dimples over anterior/posterior fontanelles,,no
HP:0005502,Increased red cell osmotic fragility,,no
HP:0005505,Refractory anemia,,no
HP:0005506,Chronic myelogenous leukemia,,no
HP:0005507,Hemoglobin Barts,,no
HP:0005508,Monoclonal elevation of circulating IgM concentration,,no
HP:0005511,Heinz body anemia,,no
HP:0005513,Increased megakaryocyte count,,no
HP:0005517,T-cell lymphoma/leukemia,,no
HP:0005518,Increased mean corpuscular volume,,no
HP:0005520,Chronic disseminated intravascular coagulation,,no
HP:0005521,Disseminated intravascular coagulation,,no
HP:0005522,Pyridoxine-responsive sideroblastic anemia,,no
HP:0005523,Lymphoproliferative disorder,,no
HP:0005525,Spontaneous hemolytic crises,,no
HP:0005526,Lymphoid leukemia,,no
HP:0005528,Bone marrow hypocellularity,Bone marrow failure,yes
HP:0005532,Macrocytic dyserythropoietic anemia,,no
HP:0005534,Transient myeloproliferative syndrome,,no
HP:0005535,Exercise-induced hemolysis,,no
HP:0005537,Decreased mean platelet volume,Small platelet size,yes
HP:0005541,Congenital agranulocytosis,,no
HP:0005542,Prolonged whole-blood clotting time,,no
HP:0005543,Reduced protein C activity,,no
HP:0005546,Increased red cell osmotic resistance,,no
HP:0005547,Myeloproliferative disorder,,no
HP:0005548,Megakaryocytopenia,,no
HP:0005550,Chronic lymphatic leukemia,,no
HP:0005558,Chronic leukemia,Chronic blood cancer,yes
HP:0005560,Imbalanced hemoglobin synthesis,,no
HP:0005561,Abnormal bone marrow cell morphology,Bone marrow disease,yes
HP:0005562,Multiple renal cysts,Multiple kidney cysts,yes
HP:0005563,Decreased numbers of nephrons,,no
HP:0005564,Absence of renal corticomedullary differentiation,,no
HP:0005565,Reduced renal corticomedullary differentiation,,no
HP:0005567,Renal magnesium wasting,,no
HP:0005571,Increased renal tubular phosphate reabsorption,,no
HP:0005572,Decreased renal tubular phosphate excretion,,no
HP:0005574,Non-acidotic proximal tubulopathy,,no
HP:0005575,Hemolytic-uremic syndrome,,no
HP:0005576,Tubulointerstitial fibrosis,,no
HP:0005579,Impaired renal tubular reabsorption of chloride,,no
HP:0005580,Duplication of renal pelvis,,no
HP:0005583,Tubular basement membrane disintegration,,no
HP:0005584,Renal cell carcinoma,Cancer starting in small tubes in kidneys,yes
HP:0005585,Spotty hyperpigmentation,Spotty increased pigmentation,yes
HP:0005586,Hyperpigmentation in sun-exposed areas,Increased pigmentation in sun-exposed areas,yes
HP:0005588,Patchy palmoplantar hyperkeratosis,,no
HP:0005590,Spotty hypopigmentation,Patchy hypopigmentation,yes
HP:0005592,Giant melanosomes in melanocytes,,no
HP:0005593,"Macular hypopigmented whorls, streaks, and patches",,no
HP:0005595,Generalized hyperkeratosis,,no
HP:0005597,Congenital alopecia totalis,,no
HP:0005598,Facial telangiectasia in butterfly midface distribution,,no
HP:0005599,Hypopigmentation of hair,Loss of hair color,yes
HP:0005600,Congenital giant melanocytic nevus,Giant pigmented mole,yes
HP:0005602,Progressive vitiligo,,no
HP:0005603,Numerous congenital melanocytic nevi,,no
HP:0005605,Large cafe-au-lait macules with irregular margins,,no
HP:0005606,Hyperpigmented nevi and streak,,no
HP:0005607,Abnormal tracheobronchial morphology,,no
HP:0005608,Bilobate gallbladder,,no
HP:0005609,Gallbladder dysfunction,Gallbladder dysfunction,yes
HP:0005612,Arthrogryposis-like hand anomaly,,no
HP:0005613,Aplasia/hypoplasia of the femur,Absent/small thighbone,yes
HP:0005616,Accelerated skeletal maturation,Advanced bone age,yes
HP:0005617,Bilateral camptodactyly,,no
HP:0005619,Thoracolumbar kyphosis,,no
HP:0005620,Hypermobility of interphalangeal joints,Increased mobility of hinge joints,yes
HP:0005621,Trapezoidal vertebral body,,no
HP:0005622,Broad long bones,Broad long bones,yes
HP:0005623,Absent ossification of calvaria,Absent bone maturation of skullcap,yes
HP:0005625,Osteoporosis of vertebrae,,no
HP:0005626,Posterior fusion of lumbosacral vertebrae,,no
HP:0005627,Type D brachydactyly,,no
HP:0005632,Absent forearm,Absent forearm,yes
HP:0005638,Decreased anterioposterior diameter of lumbar vertebral bodies,,no
HP:0005639,Hyperextensible hand joints,,no
HP:0005640,Abnormal vertebral segmentation and fusion,,no
HP:0005643,Short 3rd toe,Short 3rd toe,yes
HP:0005645,Intervertebral disk calcification,,no
HP:0005648,Bilateral ulnar hypoplasia,,no
HP:0005650,2-5 finger cutaneous syndactyly,,no
HP:0005652,Cortical sclerosis,,no
HP:0005655,Multiple digital exostoses,,no
HP:0005656,Positional foot deformity,,no
HP:0005659,Thoracic kyphoscoliosis,,no
HP:0005661,Salmonella osteomyelitis,Salmonella bone infection,yes
HP:0005665,Massively thickened long bone cortices,,no
HP:0005667,Os odontoideum,,no
HP:0005671,Bilateral intracerebral calcifications,,no
HP:0005676,Rudimentary postaxial polydactyly of hands,,no
HP:0005678,Anterior atlanto-occipital dislocation,,no
HP:0005679,Dupuytren contracture,,no
HP:0005680,Tongue-like lumbar vertebral deformities,,no
HP:0005681,Juvenile idiopathic arthritis,,no
HP:0005682,Talocalcaneal synostosis,Fusion of foot joint,yes
HP:0005684,Distal arthrogryposis,,no
HP:0005686,Patchy osteosclerosis,Uneven increase in bone density,yes
HP:0005687,Deformed humeral heads,Deformed head of long bone in upper arm,yes
HP:0005688,Dysplastic distal thumb phalanges with a central hole,,no
HP:0005689,Dermatoglyphic ridges abnormal,,no
HP:0005694,Partial fusion of proximal row of carpal bones,Partial fusion of innermost row of wrist bones,yes
HP:0005696,Postaxial polydactyly type A,,no
HP:0005700,Increased bone density with cystic changes,,no
HP:0005701,Multiple enchondromatosis,,no
HP:0005707,Bilateral triphalangeal thumbs,,no
HP:0005709,2-3 toe cutaneous syndactyly,Webbed skin of 2nd-3rd toes,yes
HP:0005715,Flattened knee epiphyses,Flattened end part of knee bone,yes
HP:0005716,Lethal skeletal dysplasia,Lethal dwarfism identifiable at birth,yes
HP:0005720,Shortening of all metacarpals,,no
HP:0005722,Hyperextensible thumb,Double jointed thumb,yes
HP:0005725,Nonopposable triphalangeal thumb,,no
HP:0005726,Thumbs hypoplastic with bulbous tips,Short thumbs with bulbous tips,yes
HP:0005731,Cortical irregularity,,no
HP:0005733,Spinal stenosis with reduced interpedicular distance,,no
HP:0005736,Short tibia,Short shinbone,yes
HP:0005739,Posterior subluxation of radial head,,no
HP:0005743,Avascular necrosis of the capital femoral epiphysis,,no
HP:0005745,Congenital foot contractures,,no
HP:0005746,Osteosclerosis of the base of the skull,,no
HP:0005747,Easily subluxated first metacarpophalangeal joints,,no
HP:0005750,Lower-limb joint contracture,,no
HP:0005756,Neonatal epiphyseal stippling,Speckled calcifications in bone end parts in neonates,yes
HP:0005758,Basilar impression,,no
HP:0005759,Small flat posterior fossa,,no
HP:0005764,Polyarticular arthritis,,no
HP:0005765,Sacral meningocele,,no
HP:0005766,Disproportionate shortening of the tibia,Disproportionate shortening of the shankbone,yes
HP:0005767,1-2 toe complete cutaneous syndactyly,,no
HP:0005768,2-4 toe cutaneous syndactyly,"Webbed 2nd, 3rd and 4th toes",yes
HP:0005769,Fifth finger distal phalanx clinodactyly,Curvature of outermost bone of little finger,yes
HP:0005772,Aplasia/Hypoplasia of the tibia,Absent/small shankbone,yes
HP:0005773,Short forearm,Short forearm,yes
HP:0005775,Multiple skeletal anomalies,,no
HP:0005776,Carpal bone malsegmentation,,no
HP:0005780,Absent fourth finger distal interphalangeal crease,,no
HP:0005781,Contractures of the large joints,,no
HP:0005787,Lumbar platyspondyly,,no
HP:0005789,Generalized osteosclerosis,Increased bone density in skeletal bones,yes
HP:0005790,Short mandibular condyles,,no
HP:0005791,Cortical thickening of long bone diaphyses,,no
HP:0005792,Short humerus,Short humerus,yes
HP:0005793,Shortening of all distal phalanges of the toes,Shortening of all outermost bone of the toes,yes
HP:0005798,Posterior radial head dislocation,,no
HP:0005802,Coalescence of tarsal bones,,no
HP:0005815,Supernumerary ribs,Extra ribs,yes
HP:0005817,Postaxial polysyndactyly of foot,,no
HP:0005819,Short middle phalanx of finger,Short middle bone of finger,yes
HP:0005824,Clinodactyly of the 2nd toe,Curvature of 2nd toe,yes
HP:0005828,Transient pulmonary infiltrates,,no
HP:0005829,Maldevelopment of radioulnar joint,,no
HP:0005830,Flexion contracture of toe,,no
HP:0005831,Type B brachydactyly,,no
HP:0005832,Dysharmonic delayed bone age,,no
HP:0005841,Calcific stippling of infantile cartilaginous skeleton,,no
HP:0005844,Rounded middle phalanx of finger,Rounded middle bone of finger,yes
HP:0005850,Congenital talipes calcaneovalgus,,no
HP:0005852,Limited elbow extension and supination,,no
HP:0005853,Congenital foot contraction deformities,,no
HP:0005855,Multiple prenatal fractures,Multiple fractures present at birth,yes
HP:0005856,Ulnar radial head dislocation,,no
HP:0005857,Cervical spina bifida,,no
HP:0005863,Type E brachydactyly,,no
HP:0005864,Pseudoarthrosis,,no
HP:0005866,Opposable triphalangeal thumb,,no
HP:0005867,4-5 metacarpal synostosis,Fused 4th-5th long bones of hand,yes
HP:0005868,Metaphyseal enchondromatosis,,no
HP:0005871,Metaphyseal chondrodysplasia,,no
HP:0005872,Brachytelomesophalangy,,no
HP:0005873,Polysyndactyly of hallux,,no
HP:0005875,Increased dermatoglyphic whorls,,no
HP:0005876,Progressive flexion contractures,,no
HP:0005877,Multiple small vertebral fractures,,no
HP:0005878,Enlarged sagittal diameter of the cervical canal,,no
HP:0005879,Congenital finger flexion contractures,,no
HP:0005880,Metacarpophalangeal synostosis,Fused long bone of hand with innermost finger bone,yes
HP:0005881,Spinal instability,,no
HP:0005890,Hyperostosis cranialis interna,Enlargement of the inner surface of the skull bones,yes
HP:0005891,Progressive forearm bowing,,no
HP:0005892,Proximal tibial and fibular fusion,Fusion of innermost shinbone and calf bone,yes
HP:0005894,Double first metacarpals,Double 1st long bones of hand,yes
HP:0005895,Radial deviation of thumb terminal phalanx,,no
HP:0005897,Severe generalized osteoporosis,,no
HP:0005900,Fifth metacarpal with ulnar notch,,no
HP:0005905,Abnormal cervical curvature,Abnormal neck curve,yes
HP:0005906,Delayed pneumatization of the mastoid process,,no
HP:0005910,Rhomboid or triangular shaped 5th finger middle phalanx,,no
HP:0005912,Biliary atresia,,no
HP:0005913,Abnormal metacarpal epiphysis morphology,Abnormality of end part of long bone of hand,yes
HP:0005914,Aplasia/Hypoplasia involving the metacarpal bones,Absent/small long bones of hand,yes
HP:0005916,Abnormal metacarpal morphology,Abnormal shape of long bones of hand,yes
HP:0005917,Supernumerary metacarpal bones,Extra long bones of hand,yes
HP:0005918,Abnormal finger phalanx morphology,Abnormality of the finger bones,yes
HP:0005920,Abnormal epiphysis morphology of the phalanges of the hand,,no
HP:0005922,Abnormal hand morphology,Abnormal shape of hand,yes
HP:0005923,Abnormal hand metaphysis morphology,Abnormality of the wide portion of the hand bone,yes
HP:0005927,Aplasia/hypoplasia involving bones of the hand,Absent/small hand bones,yes
HP:0005930,Abnormal epiphysis morphology,Abnormal shape of end part of bone,yes
HP:0005932,Abnormal renal corticomedullary differentiation,,no
HP:0005934,Imperfect vocal cord adduction,,no
HP:0005938,Abnormal respiratory motile cilium morphology,,no
HP:0005939,Multiple bilateral pneumothoraces,,no
HP:0005942,Desquamative interstitial pneumonitis,,no
HP:0005943,Respiratory arrest,Breathing cessation,yes
HP:0005944,Bilateral lung agenesis,Absent lungs,yes
HP:0005946,Ventilator dependence with inability to wean,,no
HP:0005947,Decreased sensitivity to hypoxemia,Decreased sensitivity to hypoxemia,yes
HP:0005948,Multiple pulmonary cysts,,no
HP:0005949,Apneic episodes in infancy,,no
HP:0005950,Laryngeal web,,no
HP:0005951,Progressive inspiratory stridor,,no
HP:0005954,Pulmonary capillary hemangiomatosis,,no
HP:0005956,Anteroposteriorly shortened larynx,,no
HP:0005957,Breathing dysregulation,,no
HP:0005959,Impaired gluconeogenesis,,no
HP:0005961,Hypoargininemia,Low blood arginine levels,yes
HP:0005964,Intermittent hypothermia,Intermittent abnormally low body temperature,yes
HP:0005967,Mixed respiratory and metabolic acidosis,,no
HP:0005968,Temperature instability,Body temperature instability,yes
HP:0005972,Respiratory acidosis,,no
HP:0005973,Fructose intolerance,,no
HP:0005974,Episodic ketoacidosis,,no
HP:0005976,Hyperkalemic metabolic acidosis,,no
HP:0005977,Hypochloremic metabolic alkalosis,,no
HP:0005978,Type II diabetes mellitus,Noninsulin-dependent diabetes,yes
HP:0005979,Metabolic ketoacidosis,,no
HP:0005982,Reduced phenylalanine hydroxylase level,,no
HP:0005986,Limitation of neck motion,Limitation of neck motion,yes
HP:0005987,Multinodular goiter,,no
HP:0005988,Congenital muscular torticollis,,no
HP:0005989,Redundant neck skin,Excess neck skin,yes
HP:0005990,Thyroid hypoplasia,Small thyroid gland,yes
HP:0005991,Limited neck flexion,Limited neck flexibility,yes
HP:0005994,Nodular goiter,,no
HP:0005995,Decreased adipose tissue around neck,Loss of fat around neck,yes
HP:0005997,Neck joint contracture,Restricted neck mobility due to contractures,yes
HP:0005999,Ureteral atresia,,no
HP:0006000,Ureteral obstruction,,no
HP:0006006,Hypotrophy of the small hand muscles,Degeneration of small hand muscles,yes
HP:0006008,Unilateral brachydactyly,Short digits on one side,yes
HP:0006009,Broad phalanx,Wide digital bones,yes
HP:0006011,Cuboidal metacarpal,"Short, cube shaped long bone of hand",yes
HP:0006012,Widened metacarpal shaft,Broad shaft of long bone of hand,yes
HP:0006014,Abnormally shaped carpal bones,Abnormally shaped wrist bones,yes
HP:0006016,Delayed phalangeal epiphyseal ossification,Delayed bone maturation of end part of digital bone,yes
HP:0006019,Reduced proximal interphalangeal joint space,Decreased space in hinge joint,yes
HP:0006028,Metaphyseal cupping of metacarpals,Cupping of wide portion of long bone of hand,yes
HP:0006035,Cone-shaped epiphyses of phalanges 2 to 5,Cone-shaped end part of digital bones 2 to 5,yes
HP:0006042,Y-shaped metacarpals,Y-shaped long bone of hand,yes
HP:0006051,Metacarpal periosteal thickening,,no
HP:0006055,Ulnar deviated club hands,,no
HP:0006059,Cone-shaped metacarpal epiphyses,Cone-shaped end part of long bone,yes
HP:0006060,Tombstone-shaped proximal phalanges,Tombstone-shaped innermost digital bones,yes
HP:0006064,Limited interphalangeal movement,Limited movement of hinge joints,yes
HP:0006067,Multiple carpal ossification centers,,no
HP:0006070,Metacarpophalangeal joint contracture,,no
HP:0006077,Absent proximal finger flexion creases,,no
HP:0006086,Thin metacarpal cortices,,no
HP:0006088,1-5 finger complete cutaneous syndactyly,,no
HP:0006089,Palmar hyperhidrosis,Excessive sweating of hands,yes
HP:0006092,Malaligned carpal bone,Incorrect alignment of wrist bone,yes
HP:0006094,Finger joint hypermobility,Increased mobility in finger joint,yes
HP:0006095,Wide tufts of distal phalanges,Wide tips of outermost digital bone,yes
HP:0006097,3-4 finger osseus syndactyly,Webbed 3rd-4th fingers,yes
HP:0006099,Metacarpophalangeal joint hyperextensibility,,no
HP:0006101,Finger syndactyly,,no
HP:0006106,Absent trapezoid bone,,no
HP:0006107,Fingerpad telangiectases,Small dilated blood vessels in fingerpads,yes
HP:0006108,Tapered metacarpals,Tapered long bones of hand,yes
HP:0006109,Absent phalangeal crease,,no
HP:0006110,Shortening of all middle phalanges of the fingers,,no
HP:0006112,Expanded phalanges with widened medullary cavities,,no
HP:0006114,Multiple palmar creases,Multiple palm lines,yes
HP:0006118,Shortening of all distal phalanges of the fingers,Shortening of all outermost bones of the fingers,yes
HP:0006121,Acral ulceration,,no
HP:0006127,Long proximal phalanx of finger,Long innermost finger bone,yes
HP:0006129,Drumstick terminal phalanges,Drumstick shaped digital bones,yes
HP:0006134,Enlarged metacarpal epiphyses,Enlarged end part of long bone of hand,yes
HP:0006135,Decreased finger mobility,Decreased finger mobility,yes
HP:0006136,Bilateral postaxial polydactyly,,no
HP:0006140,Premature fusion of phalangeal epiphyses,Premature fusion of end part of digital bone,yes
HP:0006143,Abnormal finger flexion crease,,no
HP:0006144,Shortening of all proximal phalanges of the fingers,Shortening of all innermost bones of the fingers,yes
HP:0006145,Central Y-shaped metacarpal,Y-shaped central long bones of hand,yes
HP:0006146,Broad metacarpal epiphyses,Broad end part of long bone of hand,yes
HP:0006147,Progressive fusion 2nd-5th proximal interphalangeal joints,,no
HP:0006149,Increased laxity of fingers,,no
HP:0006150,Swan neck-like deformities of the fingers,,no
HP:0006152,Proximal finger symphalangism,Fused innermost hinge joints,yes
HP:0006155,Long phalanx of finger,Long finger bone,yes
HP:0006159,Mesoaxial hand polydactyly,,no
HP:0006161,Short metacarpals with rounded proximal ends,Short long bone of hand with rounded innermost ends,yes
HP:0006163,Enlarged metacarpophalangeal joints,,no
HP:0006165,Proportionate shortening of all digits,Proportionate shortening of all digits,yes
HP:0006167,Prominent proximal interphalangeal joints,Prominent innermost hinge joints,yes
HP:0006169,Decreased mobility 3rd-5th fingers,Decreased mobility 3rd-5th fingers,yes
HP:0006170,Chess-pawn distal phalanges,Chess-pawn shaped outermost bone,yes
HP:0006172,"Flattened, squared-off epiphyses of tubular bones","Flattened, squared-off end part of tubular bones",yes
HP:0006174,Metacarpal diaphyseal endosteal sclerosis,,no
HP:0006175,Proximal phalangeal periosteal thickening,Thickening of connective tissue of innermost finger bone,yes
HP:0006176,Two carpal ossification centers present at birth,,no
HP:0006179,Pseudoepiphyses of second metacarpal,Extra bone on end of second long bone of hand,yes
HP:0006180,Crowded carpal bones,Crowded wrist bones,yes
HP:0006184,Decreased palmar creases,Shallow palm line,yes
HP:0006185,Enlarged proximal interphalangeal joints,Enlarged innermost hinge joint,yes
HP:0006189,Prominent interdigital folds,,no
HP:0006190,Radially deviated wrists,,no
HP:0006191,Deep palmar crease,Deep palm line,yes
HP:0006192,Tapered phalanx of finger,Tapered finger bone,yes
HP:0006193,Thimble-shaped middle phalanges of hand,Thimble-shaped middle bones of hand,yes
HP:0006200,Widened distal phalanges,Widened outermost bone of limb,yes
HP:0006201,Hypermobility of distal interphalangeal joints,Increased mobility of outermost hinge joint,yes
HP:0006202,Osteolysis of scaphoids,,no
HP:0006203,Decreased movement range in interphalangeal joints,Decreased range of movement range in hinge joints,yes
HP:0006206,Hypersegmentation of proximal phalanx of second finger,,no
HP:0006207,Partial fusion of carpals,,no
HP:0006208,Metaphyseal cupping of proximal phalanges,,no
HP:0006209,Partial-complete absence of 5th phalanges,Partial-complete absence of 5th digital bone,yes
HP:0006210,Postaxial oligodactyly,,no
HP:0006213,Thin proximal phalanges with broad epiphyses of the hand,Thin innermost bone with broad end part of the hand bone,yes
HP:0006216,Single interphalangeal crease of fifth finger,,no
HP:0006217,Limited mobility of proximal interphalangeal joint,Limited mobility of innermost hinge joint,yes
HP:0006224,Tapering pointed ends of distal finger phalanges,,no
HP:0006226,Osteoarthritis of the first carpometacarpal joint,,no
HP:0006228,Valgus hand deformity,,no
HP:0006230,Unilateral oligodactyly,,no
HP:0006232,Expanded metacarpals with widened medullary cavities,,no
HP:0006233,Osteoarthritis of the distal interphalangeal joint,,no
HP:0006234,Osteolysis involving tarsal bones,,no
HP:0006236,Slender metacarpals,Slender long bones of hand,yes
HP:0006237,Prominent interphalangeal joints,Prominent hinge joints,yes
HP:0006239,Shortening of all middle phalanges of the toes,Shortening of all the middle bones of the toes,yes
HP:0006243,Phalangeal dislocation,,no
HP:0006247,Enlarged interphalangeal joints,Enlarged hinge joints,yes
HP:0006248,Limited wrist movement,Limited movement of the wrist,yes
HP:0006251,Limited wrist extension,,no
HP:0006252,Interphalangeal joint erosions,,no
HP:0006253,Swelling of proximal interphalangeal joints,Swelling of innermost hinge joints,yes
HP:0006254,Elevated circulating alpha-fetoprotein concentration,,no
HP:0006256,Abnormality of hand joint mobility,Abnormality of hand joint mobility,yes
HP:0006257,Abnormality of carpal bone ossification,Abnormal wrist bone maturation,yes
HP:0006261,Abnormal phalangeal joint morphology of the hand,Abnormality of the small joints of the hand,yes
HP:0006262,Aplasia/Hypoplasia of the 5th finger,Absent/small little finger,yes
HP:0006265,Aplasia/Hypoplasia of fingers,Absent/small fingers,yes
HP:0006266,Small placenta,Small placenta,yes
HP:0006267,Large placenta,Large placenta,yes
HP:0006268,Fluctuating splenomegaly,,no
HP:0006270,Hypoplastic spleen,Underdeveloped spleen,yes
HP:0006273,Pancreatic lymphangiectasis,,no
HP:0006274,Reduced pancreatic beta cells,,no
HP:0006276,Hyperechogenic pancreas,,no
HP:0006277,Pancreatic hyperplasia,,no
HP:0006278,Ectopic pancreatic tissue,Abnormal pancreas location,yes
HP:0006279,Beta-cell dysfunction,,no
HP:0006280,Chronic pancreatitis,Chronic pancreas inflammation,yes
HP:0006282,Generalized hypoplasia of dental enamel,,no
HP:0006283,Multiple unerupted teeth,Multiple non-erupting teeth,yes
HP:0006285,Enamel hypomineralization,Poorly mineralized tooth enamel,yes
HP:0006286,Yellow-brown discoloration of the teeth,Yellow-brown discoloration of the teeth,yes
HP:0006288,Advanced eruption of teeth,Early eruption of teeth,yes
HP:0006289,Agenesis of central incisor,Absent central incisor,yes
HP:0006291,Marked delay in eruption of permanent teeth,Severe delay of eruption of adult teeth,yes
HP:0006292,Abnormality of dental eruption,Abnormality of tooth eruption,yes
HP:0006293,Agenesis of maxillary central incisor,Missing upper central incisor,yes
HP:0006297,Enamel hypoplasia,Thin dental enamel,yes
HP:0006298,Prolonged bleeding after dental extraction,Prolonged bleeding after dental extraction,yes
HP:0006302,Dagger-shaped pulp calcifications,,no
HP:0006304,Widely-spaced incisors,Gap between front teeth,yes
HP:0006308,Atrophy of alveolar ridges,Flattening of gum ridges,yes
HP:0006311,Generalized microdontia,Decreased size of all teeth,yes
HP:0006313,Widely spaced primary teeth,Wide gaps between baby teeth,yes
HP:0006315,Solitary median maxillary central incisor,Only one upper front tooth,yes
HP:0006316,Irregularly spaced teeth,Irregular dental spacing,yes
HP:0006321,Multiple non-erupting secondary teeth,,no
HP:0006323,Premature loss of primary teeth,Early loss of baby teeth,yes
HP:0006329,Alveolar process hypoplasia,,no
HP:0006332,Supernumerary maxillary incisor,Extra upper front tooth,yes
HP:0006333,Crowded maxillary incisors,Crowded upper front teeth,yes
HP:0006335,Persistence of primary teeth,Delayed loss of baby teeth,yes
HP:0006336,Short dental root,Decreased length of dental roots,yes
HP:0006337,Premature eruption of permanent teeth,Early eruption of adult teeth,yes
HP:0006342,Peg-shaped maxillary lateral incisors,,no
HP:0006344,Abnormal primary molar morphology,Abnormality of shape of baby molar,yes
HP:0006346,Screwdriver-shaped incisors,Screwdriver shaped front teeth,yes
HP:0006347,Microdontia of primary teeth,Decreased width of baby teeth,yes
HP:0006349,Agenesis of permanent teeth,Absence of adult teeth,yes
HP:0006350,Pulp obliteration,,no
HP:0006352,Failure of eruption of permanent teeth,Unerupted adult teeth,yes
HP:0006353,Hypoplasia of the tooth germ,Decreased size of tooth bud,yes
HP:0006355,Agenesis of mandibular central incisor,Absence of lower central incisor,yes
HP:0006357,Premature loss of permanent teeth,Early loss of adult teeth,yes
HP:0006361,Irregular femoral epiphysis,Irregular thighbone end part,yes
HP:0006366,Adductor longus contractures,,no
HP:0006367,Crumpled long bones,Crumpled long bones,yes
HP:0006368,Forearm reduction defects,,no
HP:0006369,Irregular patellae,,no
HP:0006370,Distal ulnar epiphyseal stippling,,no
HP:0006371,Broad long bone diaphyses,Broad shaft of long bone,yes
HP:0006375,Dumbbell-shaped femur,Dumbbell-shaped thighbone,yes
HP:0006376,Limited elbow flexion,,no
HP:0006378,Osteolysis of patellae,,no
HP:0006379,Proximal tibial hypoplasia,,no
HP:0006380,Knee flexion contracture,Inability to straighten knee,yes
HP:0006381,Rudimentary fibula,Small to absent calf bone,yes
HP:0006383,Progressive bowing of long bones,,no
HP:0006384,Club-shaped distal femur,Club-shaped outermost end of thighbone,yes
HP:0006385,Short lower limbs,Short legs,yes
HP:0006386,Hypoplastic distal radial epiphyses,,no
HP:0006387,Wide distal femoral metaphysis,Broad outermost wide portion of thighbone,yes
HP:0006389,Limited knee flexion,,no
HP:0006390,Anterior tibial bowing,,no
HP:0006391,Overtubulated long bones,,no
HP:0006392,Increased density of long bones,Increased density of long bones,yes
HP:0006394,Limited pronation/supination of forearm,Limited pronation/supination of forearm,yes
HP:0006397,Lateral displacement of patellae,,no
HP:0006398,Flat distal femoral epiphysis,Flat end part of outermost thighbone,yes
HP:0006402,Distal shortening of limbs,Short outer part of limbs,yes
HP:0006406,Club-shaped proximal femur,Club-shaped innermost end of thighbone,yes
HP:0006407,Irregular distal femoral epiphysis,Irregular outermost thighbone end part,yes
HP:0006408,Distal tapering femur,Tapering of outermost end of thighbone,yes
HP:0006409,Progressive leg bowing,,no
HP:0006413,Broad tibial metaphyses,Broad wide portion of shankbone,yes
HP:0006414,Distal tibial bowing,,no
HP:0006415,Cortically dense long tubular bones,,no
HP:0006417,Wide femoral metaphysis,Broad wide portion of thigh bone,yes
HP:0006423,Peg-like central prominence of distal tibial metaphyses,,no
HP:0006424,Elongated radius,,no
HP:0006426,Rudimentary to absent tibiae,,no
HP:0006429,Broad femoral neck,,no
HP:0006431,Abnormal proximal femoral metaphysis morphology,Abnormal wide portion of innermost thighbone,yes
HP:0006432,Trapezoidal distal femoral condyles,,no
HP:0006433,Radial ray deficiency,,no
HP:0006434,Hypoplasia of proximal radius,,no
HP:0006437,Disproportionate prominence of the femoral medial condyle,,no
HP:0006438,Enlargement of the distal femoral epiphysis,Enlargement of the outermost thighbone end part,yes
HP:0006439,Radioulnar dislocation,,no
HP:0006441,Lateral humeral condyle aplasia,,no
HP:0006442,Hypoplasia of proximal fibula,Small innermost upper end of calf bone,yes
HP:0006443,Patellar aplasia,Absent kneecap,yes
HP:0006453,Lateral displacement of the femoral head,,no
HP:0006454,Delayed patellar ossification,Delayed bone maturation of the knee cap,yes
HP:0006456,Irregular proximal tibial epiphyses,Irregular innermost shankbone end part,yes
HP:0006459,Dorsal subluxation of ulna,,no
HP:0006460,Ankle hypermobility,,no
HP:0006461,Proximal femoral epiphysiolysis,Slipped end part of innermost thighbone,yes
HP:0006462,Generalized bone demineralization,,no
HP:0006463,Rickets of the lower limbs,,no
HP:0006465,Periosteal thickening of long tubular bones,,no
HP:0006466,Ankle flexion contracture,,no
HP:0006467,Limited shoulder movement,Limited shoulder movement,yes
HP:0006470,Thin long bone diaphyses,Thin shaft of long bone,yes
HP:0006471,Fixed elbow flexion,,no
HP:0006473,Anterior bowing of long bones,,no
HP:0006476,Abnormality of the pancreatic islet cells,,no
HP:0006477,Abnormal alveolar ridge morphology,Abnormality of gum ridge,yes
HP:0006479,Abnormal dental pulp morphology,,no
HP:0006480,Spontaneous tooth loss,Early tooth loss,yes
HP:0006481,Abnormal primary tooth morphology,Abnormality of baby teeth,yes
HP:0006482,Abnormal dental morphology,Abnormality of dental shape,yes
HP:0006483,Abnormal number of teeth,Abnormal number of teeth,yes
HP:0006485,Agenesis of incisor,Absence of front tooth,yes
HP:0006486,Abnormal dental root morphology,Abnormality of the dental root,yes
HP:0006487,Bowing of the long bones,Bowed long bones,yes
HP:0006488,Bowing of the arm,Bending of the arm,yes
HP:0006489,Abnormal femoral metaphysis morphology,Abnormality of the wide portion of the femoral bone,yes
HP:0006491,Abnormal tibial metaphysis morphology,Abnormality of the wide portion of shankbone,yes
HP:0006492,Aplasia/Hypoplasia of the fibula,Absent/small calf bone,yes
HP:0006493,Aplasia/hypoplasia involving bones of the lower limbs,Absent/small lower limb bones,yes
HP:0006495,Aplasia/Hypoplasia of the ulna,Absence/underdevelopment of inner forearm bone,yes
HP:0006496,Aplasia/hypoplasia involving bones of the upper limbs,Absent/small bones of the upper limbs,yes
HP:0006498,Aplasia/Hypoplasia of the patella,Absent/small kneecap,yes
HP:0006499,Abnormal femoral epiphysis morphology,Abnormality of thighbone end part,yes
HP:0006501,Aplasia/Hypoplasia of the radius,,no
HP:0006502,Aplasia/Hypoplasia involving the carpal bones,Absent/small wrist bones,yes
HP:0006505,Abnormal limb epiphysis morphology,Abnormal shape of end part of limb bones,yes
HP:0006507,Aplasia/hypoplasia of the humerus,Absent/small long bone in upper arm,yes
HP:0006510,Chronic pulmonary obstruction,,no
HP:0006511,Laryngeal stridor,,no
HP:0006514,Intraalveolar nodular calcifications,,no
HP:0006515,Interstitial pneumonitis,,no
HP:0006516,Hypersensitivity pneumonitis,,no
HP:0006517,Intraalveolar phospholipid accumulation,,no
HP:0006518,Pulmonary venous occlusion,,no
HP:0006519,Alveolar cell carcinoma,,no
HP:0006520,Progressive pulmonary function impairment,,no
HP:0006521,Pulmonary lymphangiectasia,,no
HP:0006522,Repeated pneumothoraces,,no
HP:0006524,Tracheobronchial leiomyomatosis,,no
HP:0006527,Lymphocytic interstitial pneumonia,,no
HP:0006528,Chronic lung disease,Chronic lung disease,yes
HP:0006530,Abnormal pulmonary interstitial morphology,Abnormality in area between air sacs in lung,yes
HP:0006532,Recurrent pneumonia,Recurrent pneumonia,yes
HP:0006533,Bronchodysplasia,,no
HP:0006535,Recurrent intrapulmonary hemorrhage,Recurrent bleeding into lungs,yes
HP:0006536,Airway obstruction,Obstructive lung disease,yes
HP:0006538,Recurrent bronchopulmonary infections,Recurrent infections in bronchi and lungs,yes
HP:0006543,Cardiorespiratory arrest,,no
HP:0006544,Extrapulmonary lobar sequestration,,no
HP:0006548,Pulmonary arteriovenous malformation,,no
HP:0006549,Unilateral primary pulmonary dysgenesis,,no
HP:0006552,Fibrocystic lung disease,,no
HP:0006554,Acute hepatic failure,Acute liver failure,yes
HP:0006555,Diffuse hepatic steatosis,,no
HP:0006557,Polycystic liver disease,,no
HP:0006558,Decreased mitochondrial complex III activity in liver tissue,,no
HP:0006559,Hepatic calcification,,no
HP:0006560,Biliary hyperplasia,,no
HP:0006562,Viral hepatitis,,no
HP:0006563,Malformation of the hepatic ductal plate,,no
HP:0006565,Increased hepatocellular lipid droplets,,no
HP:0006566,Neonatal cholestatic liver disease,,no
HP:0006568,Increased hepatic glycogen content,,no
HP:0006571,Reduced number of intrahepatic bile ducts,,no
HP:0006572,Subacute progressive viral hepatitis,,no
HP:0006573,Acute hepatic steatosis,Acute fatty liver,yes
HP:0006574,Hepatic arteriovenous malformation,,no
HP:0006575,Intrahepatic cholestasis with episodic jaundice,,no
HP:0006576,Hepatic vascular malformations,,no
HP:0006577,Macronodular cirrhosis,,no
HP:0006579,Prolonged neonatal jaundice,Prolonged yellowing of skin in newborn,yes
HP:0006580,Portal fibrosis,,no
HP:0006581,Depletion of mitochondrial DNA in liver,,no
HP:0006582,Reye syndrome-like episodes,,no
HP:0006583,Fatal liver failure in infancy,Fatal liver failure in infancy,yes
HP:0006584,Small abnormally formed scapulae,Small abnormally formed shoulder blade,yes
HP:0006585,Congenital pseudoarthrosis of the clavicle,,no
HP:0006587,Straight clavicle,Straight collarbone,yes
HP:0006589,Flaring of lower rib cage,Flaring of lower rib cage,yes
HP:0006591,Absent glenoid fossa,,no
HP:0006593,Anomalous rib insertion to vertebrae,,no
HP:0006595,Scapulohumeral synostosis,Fusion of shoulder blade to long bone in upper arm,yes
HP:0006596,Restricted chest movement,Restricted chest movement,yes
HP:0006597,Diaphragmatic paralysis,Diaphragmatic paralysis,yes
HP:0006598,Irregular ossification at anterior rib ends,,no
HP:0006599,Medial widening of clavicle,,no
HP:0006603,"Flared, irregular rib ends","Flared, irregular rib ends",yes
HP:0006606,Irregular chondrocostal junctions,,no
HP:0006607,Precocious costochondral ossification,,no
HP:0006608,Midclavicular hypoplasia,Underdeveloped middle portion of the collarbone,yes
HP:0006610,Wide intermamillary distance,Wide-spaced nipples,yes
HP:0006615,Absent in utero rib ossification,Absent rib calcification in utero,yes
HP:0006619,Anterior rib punctate calcifications,,no
HP:0006623,Costochondral joint sclerosis,,no
HP:0006628,Absent sternal ossification,Absent bone maturation in sternum,yes
HP:0006631,Hypoplastic distal segments of scapulae,Small distal segments of the shoulder blade,yes
HP:0006633,Glenoid fossa hypoplasia,,no
HP:0006634,Osteosclerosis of ribs,Increased bone density in ribs,yes
HP:0006640,Multiple rib fractures,Multiple rib fractures,yes
HP:0006641,Prominent floating ribs,Prominent floating ribs,yes
HP:0006643,Fused sternal ossification centers,,no
HP:0006644,Thoracic dysplasia,,no
HP:0006645,Thin clavicle,Thin collarbone,yes
HP:0006646,Costal cartilage calcification,,no
HP:0006649,Costochondral pain,,no
HP:0006650,Thickening of the lateral border of the scapula,Thickening of the lateral border of the shoulder blade,yes
HP:0006655,Rib segmentation abnormalities,,no
HP:0006657,Hypoplasia of first ribs,Small first rib,yes
HP:0006659,Internally rotated shoulders,Internally rotated shoulders,yes
HP:0006660,Aplastic clavicle,Absent collarbone,yes
HP:0006665,Coat hanger sign of ribs,Coat hanger sign of ribs,yes
HP:0006668,Twelfth rib hypoplasia,Small twelfth rib,yes
HP:0006670,Impaired myocardial contractility,,no
HP:0006671,Paroxysmal atrial tachycardia,,no
HP:0006673,Reduced systolic function,,no
HP:0006677,Prolonged QRS complex,,no
HP:0006681,Absent atrioventricular node,,no
HP:0006682,Premature ventricular contraction,Extra heart beat,yes
HP:0006684,Ventricular preexcitation with multiple accessory pathways,,no
HP:0006685,Endocardial fibrosis,,no
HP:0006687,Aortic tortuosity,,no
HP:0006689,Bacterial endocarditis,,no
HP:0006690,Myocardial calcification,,no
HP:0006691,Pulmonic valve myxoma,,no
HP:0006692,Short chordae tendineae of the tricuspid valve,,no
HP:0006693,Myocardial steatosis,,no
HP:0006695,Atrioventricular canal defect,Hole in center of heart,yes
HP:0006696,Polymorphic and polytopic ventricular extrasystoles,,no
HP:0006698,Dilatation of the ventricular cavity,,no
HP:0006699,Premature atrial contractions,,no
HP:0006702,Coronary artery dissection,,no
HP:0006703,Aplasia/Hypoplasia of the lungs,Absent/small lungs,yes
HP:0006704,Abnormal coronary artery morphology,,no
HP:0006705,Abnormal atrioventricular valve morphology,,no
HP:0006706,Cystic liver disease,,no
HP:0006707,Abnormality of the hepatic vasculature,Abnormality of liver blood vessels,yes
HP:0006709,Aplasia/Hypoplasia of the nipples,Absent/small nipples,yes
HP:0006710,Aplasia/Hypoplasia of the clavicles,Absent/small collarbone,yes
HP:0006711,Aplasia/Hypoplasia involving bones of the thorax,Absent/small outermost thorax bone,yes
HP:0006712,Aplasia/Hypoplasia of the ribs,Absent/small ribs,yes
HP:0006713,Aplasia/Hypoplasia of the scapulae,Absent/small shoulder blade,yes
HP:0006714,Aplasia/Hypoplasia of the sternum,Absent/small sternum,yes
HP:0006715,Glomus tympanicum paraganglioma,,no
HP:0006716,Hereditary nonpolyposis colorectal carcinoma,,no
HP:0006719,Benign gastrointestinal tract tumors,Non-cancerous GI tumors,yes
HP:0006721,Acute lymphoblastic leukemia,,no
HP:0006722,Small intestine carcinoid,,no
HP:0006723,Intestinal carcinoid,,no
HP:0006725,Pancreatic adenocarcinoma,,no
HP:0006727,T-cell acute lymphoblastic leukemias,,no
HP:0006731,Follicular thyroid carcinoma,,no
HP:0006732,Papillary renal cell carcinoma type 2,,no
HP:0006733,Acute megakaryocytic leukemia,,no
HP:0006735,Renal cortical adenoma,,no
HP:0006737,Extraadrenal pheochromocytoma,,no
HP:0006739,Squamous cell carcinoma of the skin,,no
HP:0006740,Transitional cell carcinoma of the bladder,,no
HP:0006742,Congenital neuroblastoma,,no
HP:0006743,Embryonal rhabdomyosarcoma,,no
HP:0006744,Adrenocortical carcinoma,,no
HP:0006747,Ganglioneuroblastoma,,no
HP:0006748,Adrenal pheochromocytoma,,no
HP:0006749,Malignant gastrointestinal tract tumors,,no
HP:0006751,Paraspinal neurofibroma,,no
HP:0006753,Neoplasm of the stomach,Stomach tumor,yes
HP:0006755,Cutaneous leiomyosarcoma,,no
HP:0006756,Diffuse leiomyomatosis,,no
HP:0006758,Malignant genitourinary tract tumor,,no
HP:0006763,Anal canal squamous carcinoma,,no
HP:0006765,Chondrosarcoma,,no
HP:0006766,Papillary renal cell carcinoma,,no
HP:0006767,Pituitary prolactin cell adenoma,,no
HP:0006768,Localized neuroblastoma,,no
HP:0006769,Myxoid subcutaneous tumors,,no
HP:0006770,Clear cell renal cell carcinoma,,no
HP:0006771,Duodenal adenocarcinoma,,no
HP:0006772,Renal angiomyolipoma,,no
HP:0006773,Cutaneous angiolipomas,,no
HP:0006774,Ovarian papillary adenocarcinoma,,no
HP:0006775,Multiple myeloma,,no
HP:0006778,Benign genitourinary tract neoplasm,,no
HP:0006779,Alveolar rhabdomyosarcoma,,no
HP:0006780,Parathyroid carcinoma,,no
HP:0006781,Hurthle cell thyroid adenoma,,no
HP:0006782,Malignant eosinophil proliferation,,no
HP:0006783,Posterior pharyngeal cleft,,no
HP:0006784,Paranasal sinus hypoplasia,,no
HP:0006785,Limb-girdle muscular dystrophy,,no
HP:0006789,Mitochondrial encephalopathy,,no
HP:0006790,Cerebral cortex with spongiform changes,,no
HP:0006794,Loss of ability to walk in first decade,Loss of ability to walk in first decade,yes
HP:0006799,Basal ganglia cysts,,no
HP:0006801,Hyperactive deep tendon reflexes,,no
HP:0006802,Abnormal anterior horn cell morphology,,no
HP:0006803,Vivid hallucination,,no
HP:0006808,Cerebral hypomyelination,,no
HP:0006812,Abnormal posterior periventricular white matter morphology,,no
HP:0006813,Focal hemiclonic seizure,,no
HP:0006817,Aplasia/Hypoplasia of the cerebellar vermis,,no
HP:0006818,4-layered lissencephaly,,no
HP:0006821,Frontal polymicrogyria,,no
HP:0006824,Cranial nerve paralysis,,no
HP:0006825,Pallor of dorsal columns of the spinal cord,,no
HP:0006827,Atrophy of the spinal cord,Degeneration of the spinal cord,yes
HP:0006829,Severe muscular hypotonia,Severely decreased muscle tone,yes
HP:0006834,Developmental stagnation at onset of seizures,,no
HP:0006837,Congenital Horner syndrome,,no
HP:0006844,Absent patellar reflexes,Absent knee jerk reflex,yes
HP:0006846,Acute encephalopathy,,no
HP:0006849,Hypodysplasia of the corpus callosum,,no
HP:0006850,Hypoplasia of the ventral pons,,no
HP:0006851,Symmetric spinal nerve root neurofibromas,,no
HP:0006852,Episodic generalized hypotonia,,no
HP:0006855,Cerebellar vermis atrophy,,no
HP:0006858,Impaired distal proprioception,,no
HP:0006863,Severe expressive language delay,,no
HP:0006866,Midline central nervous system lipomas,,no
HP:0006870,Lobar holoprosencephaly,,no
HP:0006872,Cerebral hypoplasia,Small cerebrum,yes
HP:0006873,Symmetrical progressive peripheral demyelination,,no
HP:0006879,Pontocerebellar atrophy,,no
HP:0006880,Cerebellar hemangioblastoma,,no
HP:0006881,Diffuse peripheral demyelination,,no
HP:0006882,Severe hydrocephalus,,no
HP:0006886,Impaired distal vibration sensation,,no
HP:0006889,Borderline intellectual disability,"Intellectual disability, borderline",yes
HP:0006891,Thick cerebral cortex,,no
HP:0006892,Frontotemporal cerebral atrophy,,no
HP:0006895,Lower limb hypertonia,,no
HP:0006896,Hypnopompic hallucination,,no
HP:0006897,Abducens palsy,,no
HP:0006899,Fusion of the cerebellar hemispheres,,no
HP:0006903,Congenital peripheral neuropathy,,no
HP:0006904,Late-onset spinocerebellar degeneration,,no
HP:0006906,Congenital intracerebral calcification,,no
HP:0006913,Frontal cortical atrophy,,no
HP:0006915,Inability to walk by childhood/adolescence,Inability to walk by childhood/adolescence,yes
HP:0006916,Intraaxonal accumulation of curvilinear autofluorescent lipopigment storage material,,no
HP:0006918,Diffuse cerebral sclerosis,,no
HP:0006921,Axial muscle stiffness,,no
HP:0006927,Unilateral polymicrogyria,,no
HP:0006929,Hypoglycemic encephalopathy,,no
HP:0006930,Frontoparietal cortical dysplasia,,no
HP:0006931,Pericallosal lipoma,,no
HP:0006932,Transient psychotic episodes,,no
HP:0006934,Congenital nystagmus,,no
HP:0006937,Impaired distal tactile sensation,Decreased touch sensation in extremities,yes
HP:0006938,Impaired vibration sensation at ankles,Decreased vibration sense at ankles,yes
HP:0006943,Diffuse spongiform leukoencephalopathy,,no
HP:0006944,Abolished vibration sense,,no
HP:0006946,Recurrent meningitis,,no
HP:0006949,Episodic peripheral neuropathy,,no
HP:0006951,Retrocerebellar cyst,,no
HP:0006955,Olivopontocerebellar hypoplasia,,no
HP:0006956,Lateral ventricle dilatation,,no
HP:0006958,Abnormal auditory evoked potentials,,no
HP:0006959,Proximal spinal muscular atrophy,,no
HP:0006960,Choroid plexus calcification,,no
HP:0006961,Jerky head movements,Head jerking,yes
HP:0006962,"Gait instability, worse in the dark","Unstable walking, worse in the dark",yes
HP:0006970,Periventricular leukomalacia,,no
HP:0006976,Necrotizing encephalopathy,,no
HP:0006977,Deficit in grammar,Grammar-specific speech disorder,yes
HP:0006978,Dysmyelinating leukodystrophy,,no
HP:0006979,Sleep-wake cycle disturbance,Sleep-wake cycle disturbance,yes
HP:0006980,Progressive leukoencephalopathy,,no
HP:0006986,Upper limb spasticity,Uncontrollable movement in upper arms,yes
HP:0006988,Alobar holoprosencephaly,,no
HP:0006989,Dysplastic corpus callosum,,no
HP:0006990,Myelin-dependent gliosis,,no
HP:0006992,Anterior basal encephalocele,,no
HP:0006994,Diffuse leukoencephalopathy,,no
HP:0006999,Basal ganglia gliosis,,no
HP:0007000,Morning myoclonic jerks,,no
HP:0007001,Loss of Purkinje cells in the cerebellar vermis,,no
HP:0007002,Motor axonal neuropathy,,no
HP:0007006,Dorsal column degeneration,,no
HP:0007007,Cavitation of the basal ganglia,,no
HP:0007009,Central nervous system degeneration,,no
HP:0007010,Poor fine motor coordination,,no
HP:0007011,Fourth cranial nerve palsy,,no
HP:0007015,Poor gross motor coordination,,no
HP:0007016,Corticospinal tract hypoplasia,,no
HP:0007017,Progressive forgetfulness,Forgetfullness,yes
HP:0007018,Attention deficit hyperactivity disorder,Attention deficit,yes
HP:0007020,Progressive spastic paraplegia,,no
HP:0007021,Pain insensitivity,,no
HP:0007023,Antenatal intracerebral hemorrhage,,no
HP:0007024,Pseudobulbar paralysis,,no
HP:0007027,Poorly formed metencephalon,,no
HP:0007029,Cerebral berry aneurysm,,no
HP:0007030,Nonprogressive encephalopathy,,no
HP:0007033,Cerebellar dysplasia,,no
HP:0007034,Generalized hyperreflexia,,no
HP:0007035,Anterior encephalocele,,no
HP:0007036,Hypoplasia of olfactory tract,,no
HP:0007039,Symmetric T2-signal increase with T1-signal decrease in the putamen,,no
HP:0007041,Chronic lymphocytic meningitis,,no
HP:0007042,Focal white matter lesions,,no
HP:0007045,Midline brain calcifications,,no
HP:0007047,Atrophy of the dentate nucleus,,no
HP:0007048,Large basal ganglia,,no
HP:0007052,Multifocal cerebral white matter abnormalities,,no
HP:0007054,Proximal hyperreflexia,,no
HP:0007057,Poor hand-eye coordination,,no
HP:0007058,Generalized cerebral atrophy/hypoplasia,Generalized cerebral degeneration/underdevelopment,yes
HP:0007063,Aplasia of the inferior half of the cerebellar vermis,,no
HP:0007064,Progressive language deterioration,,no
HP:0007065,Disorganization of the anterior cerebellar vermis,,no
HP:0007066,Proximal limb muscle stiffness,,no
HP:0007067,Distal peripheral sensory neuropathy,,no
HP:0007068,Inferior cerebellar vermis hypoplasia,,no
HP:0007069,Profound static encephalopathy,,no
HP:0007074,Thick corpus callosum,,no
HP:0007076,Extrapyramidal muscular rigidity,,no
HP:0007078,Decreased amplitude of sensory action potentials,,no
HP:0007082,Dilated third ventricle,,no
HP:0007083,Hyperactive patellar reflex,Brisk knee jerk,yes
HP:0007086,Social and occupational deterioration,,no
HP:0007089,Facial-lingual fasciculations,,no
HP:0007096,Hypoplasia of the optic tract,Underdeveloped optic tract,yes
HP:0007097,Cranial nerve motor loss,,no
HP:0007098,Paroxysmal choreoathetosis,,no
HP:0007099,Chiari type I malformation,,no
HP:0007103,Hypointensity of cerebral white matter on MRI,,no
HP:0007104,Prolonged somatosensory evoked potentials,,no
HP:0007105,Infantile encephalopathy,,no
HP:0007107,Segmental peripheral demyelination,,no
HP:0007108,Demyelinating peripheral neuropathy,,no
HP:0007109,Periventricular cysts,,no
HP:0007110,Central hypoventilation,,no
HP:0007111,Chronic hepatic encephalopathy,,no
HP:0007112,Temporal cortical atrophy,,no
HP:0007115,Naso-orbital encephalocele,,no
HP:0007117,Corticospinal tract atrophy,,no
HP:0007123,Subcortical dementia,,no
HP:0007126,Proximal amyotrophy,Wasting of muscles near the body,yes
HP:0007129,Cerebellar medulloblastoma,,no
HP:0007131,Acute demyelinating polyneuropathy,,no
HP:0007132,Pallidal degeneration,,no
HP:0007133,Progressive peripheral neuropathy,,no
HP:0007141,Sensorimotor neuropathy,Nerve damage causing decreased feeling and movement,yes
HP:0007146,Bilateral basal ganglia lesions,,no
HP:0007149,Distal upper limb amyotrophy,,no
HP:0007153,Progressive extrapyramidal movement disorder,,no
HP:0007156,Asymmetric limb muscle stiffness,,no
HP:0007158,Progressive extrapyramidal muscular rigidity,,no
HP:0007159,Fluctuations in consciousness,,no
HP:0007162,Diffuse demyelination of the cerebral white matter,,no
HP:0007164,Slowed slurred speech,Slowed slurred speech,yes
HP:0007165,Periventricular heterotopia,,no
HP:0007166,Paroxysmal dyskinesia,,no
HP:0007178,Motor polyneuropathy,,no
HP:0007179,Absent smooth pursuit,,no
HP:0007181,Interosseus muscle atrophy,,no
HP:0007182,Peripheral hypomyelination,,no
HP:0007183,Focal T2 hyperintense basal ganglia lesion,,no
HP:0007185,Loss of consciousness,Fainting,yes
HP:0007187,Focal lissencephaly,,no
HP:0007190,Neuronal loss in the cerebral cortex,,no
HP:0007193,Bilateral tonic-clonic seizure on awakening,Morning generalized tonic-clonic seizures,yes
HP:0007199,Progressive spastic paraparesis,,no
HP:0007200,Episodic hypersomnia,,no
HP:0007201,Cerebral artery atherosclerosis,Plaque build-up in cerebral artery,yes
HP:0007204,Diffuse white matter abnormalities,,no
HP:0007206,Hemimegalencephaly,,no
HP:0007207,Photosensitive tonic-clonic seizure,,no
HP:0007208,Irregular myelin loops,,no
HP:0007209,Facial paralysis,Facial paralysis,yes
HP:0007210,Lower limb amyotrophy,,no
HP:0007215,Periodic hyperkalemic paralysis,,no
HP:0007220,Demyelinating motor neuropathy,,no
HP:0007221,Progressive truncal ataxia,,no
HP:0007229,Intracerebral periventricular calcifications,,no
HP:0007230,Decreased distal sensory nerve action potential,,no
HP:0007232,Spinocerebellar tract disease in lower limbs,,no
HP:0007233,Clusters of axonal regeneration,,no
HP:0007236,Recurrent subcortical infarcts,,no
HP:0007238,Nonarteriosclerotic cerebral calcification,,no
HP:0007240,Progressive gait ataxia,,no
HP:0007249,Decreased number of small peripheral myelinated nerve fibers,,no
HP:0007250,Recurrent external ophthalmoplegia,,no
HP:0007256,Abnormal pyramidal sign,,no
HP:0007258,Severe demyelination of the white matter,,no
HP:0007260,Type II lissencephaly,,no
HP:0007262,Symmetric peripheral demyelination,,no
HP:0007263,Spinocerebellar atrophy,,no
HP:0007265,Absent mesencephalon,,no
HP:0007266,Cerebral dysmyelination,,no
HP:0007267,Chronic axonal neuropathy,,no
HP:0007268,Aprosencephaly,,no
HP:0007269,Spinal muscular atrophy,Spinal muscle degeneration,yes
HP:0007270,Atypical absence seizure,,no
HP:0007271,Occipital myelomeningocele,,no
HP:0007272,Progressive psychomotor deterioration,,no
HP:0007274,Recurrent bacterial meningitis,,no
HP:0007277,Paucity of anterior horn motor neurons,,no
HP:0007281,Developmental stagnation,,no
HP:0007285,Facial palsy secondary to cranial hyperostosis,,no
HP:0007286,Horizontal jerk nystagmus,,no
HP:0007289,Limb fasciculations,,no
HP:0007291,Posterior fossa cyst,,no
HP:0007293,Anterior sacral meningocele,,no
HP:0007295,Chaotic rapid conjugate ocular movements,,no
HP:0007299,Dysfunction of lateral corticospinal tracts,,no
HP:0007301,Oromotor apraxia,,no
HP:0007302,Bipolar affective disorder,Bipolar disorder,yes
HP:0007305,CNS demyelination,,no
HP:0007307,Rapid neurologic deterioration,,no
HP:0007308,Extrapyramidal dyskinesia,,no
HP:0007311,Short stepped shuffling gait,Short stepped shuffling walk,yes
HP:0007313,Cerebral degeneration,,no
HP:0007321,Deep white matter hypodensities,,no
HP:0007325,Generalized dystonia,,no
HP:0007326,Progressive choreoathetosis,,no
HP:0007327,Mixed demyelinating and axonal polyneuropathy,,no
HP:0007328,Impaired pain sensation,Decreased pain sensation,yes
HP:0007330,Frontoethmoidal encephalocele,,no
HP:0007332,Focal hemifacial clonic seizure,,no
HP:0007333,Hypoplasia of the frontal lobes,Underdeveloped frontal lobe,yes
HP:0007334,Bilateral tonic-clonic seizure with focal onset,,no
HP:0007335,Recurrent encephalopathy,,no
HP:0007338,Hypermetric saccades,,no
HP:0007340,Lower limb muscle weakness,Leg weakness,yes
HP:0007341,Diffuse swelling of cerebral white matter,,no
HP:0007344,Atrophy/Degeneration involving the spinal cord,,no
HP:0007346,Subcortical white matter calcifications,,no
HP:0007348,Hypoplasia of the pyramidal tract,,no
HP:0007350,Upper limb hyperreflexia,,no
HP:0007351,Upper limb postural tremor,,no
HP:0007352,Cerebellar calcifications,,no
HP:0007354,Amyotrophic lateral sclerosis,Lou Gehrig's disease,yes
HP:0007359,Focal-onset seizure,Seizure affecting one half of brain,yes
HP:0007360,Aplasia/Hypoplasia of the cerebellum,Absent/small cerebellum,yes
HP:0007361,Abnormal pons morphology,,no
HP:0007362,Aplasia/Hypoplasia of the brainstem,Absent/small brainstem,yes
HP:0007363,Aplasia/Hypoplasia of the pyramidal tract,,no
HP:0007366,Atrophy/Degeneration affecting the brainstem,,no
HP:0007367,Atrophy/Degeneration affecting the central nervous system,,no
HP:0007369,Atrophy/Degeneration affecting the cerebrum,,no
HP:0007370,Aplasia/Hypoplasia of the corpus callosum,,no
HP:0007371,Corpus callosum atrophy,,no
HP:0007372,Atrophy/Degeneration involving the corticospinal tracts,,no
HP:0007373,Motor neuron atrophy,,no
HP:0007374,Atrophy/Degeneration involving the caudate nucleus,,no
HP:0007375,Abnormal septum pellucidum morphology,,no
HP:0007377,Abnormality of somatosensory evoked potentials,,no
HP:0007378,Neoplasm of the gastrointestinal tract,Gastrointestinal tract tumor,yes
HP:0007379,Neoplasm of the genitourinary tract,Genitourinary tract tumors,yes
HP:0007380,Facial telangiectasia,,no
HP:0007381,Congenital exfoliative erythroderma,,no
HP:0007383,Congenital localized absence of skin,,no
HP:0007384,Aberrant melanosome maturation,,no
HP:0007385,Aplasia cutis congenita of scalp,Focal absence of scalp tissue,yes
HP:0007387,Hypoplastic sweat glands,Underdeveloped sweat glands,yes
HP:0007390,Hyperkeratosis with erythema,,no
HP:0007392,Excessive wrinkled skin,Excessive wrinkled skin,yes
HP:0007394,Prominent superficial blood vessels,Prominent superficial blood vessels,yes
HP:0007395,Postnatal-onset ichthyosiform erythroderma,,no
HP:0007396,Early cutaneous photosensitivity,Sun sensitivity occurring early in life,yes
HP:0007397,Axillary apocrine gland hypoplasia,,no
HP:0007398,"Asymmetric, linear skin defects",,no
HP:0007400,Irregular hyperpigmentation,,no
HP:0007401,Macular atrophy,,no
HP:0007402,Areas of hypopigmentation and hyperpigmentation that do not follow Blaschko lines,,no
HP:0007403,Hypertrophy of skin of soles,Thick skin of soles,yes
HP:0007404,Nonepidermolytic palmoplantar hyperkeratosis,,no
HP:0007407,Excessive skin wrinkling on dorsum of hands and fingers,Excessive skin wrinkling on back of hands and fingers,yes
HP:0007408,Tegumentary leishmaniasis susceptibility,,no
HP:0007410,Palmoplantar hyperhidrosis,Excessive sweating of palms and soles,yes
HP:0007411,Hypoplastic-absent sebaceous glands,,no
HP:0007412,Macular hyperpigmented dermopathy,,no
HP:0007413,Nevus flammeus of the forehead,Port-wine stain on forehead,yes
HP:0007414,Neonatal wrinkled skin of hands and feet,Wrinkled skin of hands and feet in newborn,yes
HP:0007417,Discoid lupus rash,,no
HP:0007418,Alopecia totalis,,no
HP:0007420,Spontaneous hematomas,,no
HP:0007421,Telangiectases of the cheeks,,no
HP:0007427,Reticulated skin pigmentation,,no
HP:0007428,Telangiectasia of the oral mucosa,Spider veins of the oral mucosa,yes
HP:0007429,Few cafe-au-lait spots,,no
HP:0007430,Generalized edema,,no
HP:0007431,Congenital ichthyosiform erythroderma,,no
HP:0007432,Intermittent generalized erythematous papular rash,,no
HP:0007434,Plaque-like facial hemangioma,,no
HP:0007437,Multiple cutaneous leiomyomas,,no
HP:0007438,Mottled pigmentation of the trunk and proximal extremities,,no
HP:0007439,Generalized keratosis follicularis,,no
HP:0007440,Generalized hyperpigmentation,,no
HP:0007441,Hyperpigmented/hypopigmented macules,,no
HP:0007443,Partial albinism,Partial absent skin pigmentation,yes
HP:0007446,Palmoplantar blistering,,no
HP:0007447,Diffuse palmoplantar hyperkeratosis,,no
HP:0007448,Hyperkeratosis over edematous areas,,no
HP:0007449,Confetti-like hypopigmented macules,,no
HP:0007450,Increased groin pigmentation with raindrop depigmentation,,no
HP:0007451,Ipsilateral lack of facial sweating,,no
HP:0007452,Midface capillary hemangioma,,no
HP:0007453,Flexural lichenification,,no
HP:0007455,Adermatoglyphia,,no
HP:0007456,Progressive reticulate hyperpigmentation,,no
HP:0007457,Prominent veins on trunk,,no
HP:0007459,Generalized anhidrosis,,no
HP:0007460,Autoamputation of digits,,no
HP:0007461,Hemangiomatosis,,no
HP:0007462,Bitot spots of the conjunctiva,,no
HP:0007464,Sparse facial hair,Sparse facial hair,yes
HP:0007465,Honeycomb palmoplantar hyperkeratosis,,no
HP:0007466,Midfrontal capillary hemangioma,,no
HP:0007468,Perifollicular hyperkeratosis,,no
HP:0007469,Palmoplantar cutis gyrata,,no
HP:0007470,Periarticular subcutaneous nodules,,no
HP:0007471,Axillary and groin hyperpigmentation and hypopigmentation,,no
HP:0007473,Crusting erythematous dermatitis,,no
HP:0007475,Congenital bullous ichthyosiform erythroderma,,no
HP:0007477,Abnormal dermatoglyphics,Abnormal fingerprints,yes
HP:0007479,Congenital nonbullous ichthyosiform erythroderma,,no
HP:0007480,Decreased sweating due to autonomic dysfunction,,no
HP:0007481,Hyperpigmented nevi,,no
HP:0007483,Depigmentation/hyperpigmentation of skin,,no
HP:0007485,Absence of subcutaneous fat,Absent fat below the skin,yes
HP:0007486,Cavernous hemangioma of the face,,no
HP:0007488,Diffuse skin atrophy,,no
HP:0007489,Diffuse telangiectasia,,no
HP:0007490,Linear arrays of macular hyperkeratoses in flexural areas,,no
HP:0007494,Discrete 2 to 5-mm hyper- and hypopigmented macules,,no
HP:0007495,Prematurely aged appearance,Precociously senile appearance,yes
HP:0007497,Focal friction-related palmoplantar hyperkeratosis,,no
HP:0007499,Recurrent staphylococcal infections,Recurrent staphylococcal infections,yes
HP:0007500,Decreased number of sweat glands,Decreased sweat glands,yes
HP:0007501,Streaks of hyperkeratosis along each finger onto the palm,,no
HP:0007502,Follicular hyperkeratosis,,no
HP:0007503,Generalized ichthyosis,,no
HP:0007504,Diffuse slow skin atrophy,,no
HP:0007505,Progressive hyperpigmentation,,no
HP:0007509,Patchy hypo- and hyperpigmentation,,no
HP:0007510,Focal dermal aplasia/hypoplasia,,no
HP:0007511,Mottled pigmentation of photoexposed areas,,no
HP:0007513,Generalized hypopigmentation,Fair skin,yes
HP:0007514,Edema of the dorsum of hands,,no
HP:0007515,Hypoplastic pilosebaceous units,,no
HP:0007516,Redundant skin on fingers,Extra skin on fingers,yes
HP:0007517,Palmoplantar cutis laxa,Excessive wrinkled skin of palms and soles,yes
HP:0007521,Irregular hyperpigmentation of back,,no
HP:0007522,Increased number of skin folds,Increased number of skin folds,yes
HP:0007524,Atypical neurofibromatosis,,no
HP:0007525,"Yellow subcutaneous tissue covered by thin, scaly skin",,no
HP:0007526,Hypopigmented skin patches on arms,Patchy loss of skin color on arms,yes
HP:0007530,Punctate palmoplantar hyperkeratosis,,no
HP:0007534,Congenital posterior occipital alopecia,,no
HP:0007535,Hypopigmented streaks,,no
HP:0007536,Aplasia cutis congenita of midline scalp vertex,,no
HP:0007537,Severe photosensitivity,Severe sun sensitivity,yes
HP:0007541,Frontal cutaneous lipoma,,no
HP:0007542,Absent pigmentation of the ventral chest,,no
HP:0007544,Piebald skin depigmentation,,no
HP:0007545,Congenital palmoplantar hyperkeratosis,,no
HP:0007546,Linear hyperpigmentation,,no
HP:0007549,Desquamation of skin soon after birth,,no
HP:0007550,Hypohidrosis or hyperhidrosis,Lack of sweating or excessive sweating,yes
HP:0007552,Abnormal subcutaneous fat tissue distribution,Abnormal fat tissue distribution below the skin,yes
HP:0007553,Congenital symmetrical palmoplantar keratosis,,no
HP:0007556,Plantar hyperkeratosis,,no
HP:0007559,Localized epidermolytic hyperkeratosis,,no
HP:0007560,Unusual dermatoglyphics,,no
HP:0007565,Multiple cafe-au-lait spots,Multiple birthmarks,yes
HP:0007569,Generalized seborrheic dermatitis,,no
HP:0007570,Hyperkeratosis lenticularis perstans,,no
HP:0007572,Hyperpigmented streaks,,no
HP:0007573,Late onset atopic dermatitis,Late onset baby eczema,yes
HP:0007574,Generalized bronze hyperpigmentation,Bronze skin,yes
HP:0007576,Palmar neurofibroma,,no
HP:0007583,Telangiectasia macularis eruptiva perstans,,no
HP:0007585,Skin fragility with non-scarring blistering,,no
HP:0007586,Telangiectases producing 'marbled' skin,,no
HP:0007587,Numerous pigmented freckles,Numerous pigmented freckles,yes
HP:0007588,Reticular hyperpigmentation,,no
HP:0007589,Aplasia cutis congenita on trunk or limbs,,no
HP:0007590,Aplasia cutis congenita over posterior parietal area,,no
HP:0007592,Aplasia/Hypoplasia of the eccrine sweat glands,,no
HP:0007595,Redundant skin in infancy,Excess skin in infancy,yes
HP:0007596,Painful subcutaneous lipomas,Painful noncancerous fat tissue tumor under the skin,yes
HP:0007598,Bilateral single transverse palmar creases,,no
HP:0007599,Generalized reticulate brown pigmentation,,no
HP:0007601,Midline facial capillary hemangioma,,no
HP:0007603,Freckles in sun-exposed areas,Freckles in sun-exposed areas,yes
HP:0007605,Excessive wrinkling of palmar skin,"Redundant, wrinkled skin of palms",yes
HP:0007606,Multiple cutaneous malignancies,,no
HP:0007608,Abnormal palmar dermal ridges,,no
HP:0007609,Hypoproteinemic edema,,no
HP:0007610,Blotching pigmentation of the skin,,no
HP:0007617,"Fine, reticulate skin pigmentation",,no
HP:0007618,Subcutaneous calcification,Skin calcification,yes
HP:0007620,Cutaneous leiomyoma,,no
HP:0007621,Telangiectasia of extensor surfaces,,no
HP:0007623,Pigmentation anomalies of sun-exposed skin,Abnormal pigmentation in sun-exposed skin,yes
HP:0007626,Mandibular osteomyelitis,Lower jaw bone infection,yes
HP:0007627,Mandibular condyle aplasia,,no
HP:0007628,Mandibular condyle hypoplasia,,no
HP:0007633,Bilateral microphthalmos,Abnormally small eyeball on both sides,yes
HP:0007634,Nonarteritic anterior ischemic optic neuropathy,,no
HP:0007641,Dyschromatopsia,Color blindness,yes
HP:0007642,Early-onset non-progressive night blindness,Night blindness since birth,yes
HP:0007643,Peripheral tractional retinal detachment,,no
HP:0007646,Absent lower eyelashes,Absent lower eyelashes,yes
HP:0007647,Congenital extraocular muscle anomaly,,no
HP:0007648,Punctate cataract,,no
HP:0007649,Congenital hypertrophy of retinal pigment epithelium,,no
HP:0007650,Progressive ophthalmoplegia,,no
HP:0007651,Ectropion of lower eyelids,Lower eyelid folded out,yes
HP:0007655,Eversion of lateral third of lower eyelids,,no
HP:0007656,Lacrimal gland aplasia,Absent tear gland,yes
HP:0007657,Diffuse nuclear cataract,,no
HP:0007658,Large hyperpigmented retinal spots,,no
HP:0007661,Abnormality of chorioretinal pigmentation,,no
HP:0007663,Reduced visual acuity,Decreased clarity of vision,yes
HP:0007665,Curly eyelashes,Curly eyelashes,yes
HP:0007667,Peripheral cystoid retinal degeneration,,no
HP:0007668,Impaired pursuit initiation and maintenance,,no
HP:0007670,Abnormal vestibulo-ocular reflex,,no
HP:0007675,Progressive night blindness,Progressive night blindness,yes
HP:0007676,Hypoplasia of the iris,Underdeveloped iris,yes
HP:0007677,Vitelliform macular lesion,,no
HP:0007678,Lacrimal duct stenosis,Narrowing of the tear duct,yes
HP:0007685,Avascular peripheral retina,,no
HP:0007686,Abnormal pupillary function,,no
HP:0007687,Unilateral ptosis,Dropping of one upper eyelid,yes
HP:0007688,Undetectable light- and dark-adapted electroretinogram,,no
HP:0007690,Map-dot-fingerprint corneal dystrophy,,no
HP:0007695,Abnormal pupillary light reflex,,no
HP:0007697,Hypoplasia of the lower eyelids,Decreased size of lower eyelid,yes
HP:0007700,Ocular anterior segment dysgenesis,,no
HP:0007703,Abnormal retinal pigmentation,,no
HP:0007704,Paroxysmal involuntary eye movements,,no
HP:0007705,Corneal degeneration,,no
HP:0007707,Congenital aphakia,,no
HP:0007708,Absent inner eyelashes,Absent inner eyelashes,yes
HP:0007709,Band-shaped corneal dystrophy,,no
HP:0007710,Peripheral vitreous opacities,,no
HP:0007715,Weak extraocular muscles,,no
HP:0007716,Uveal melanoma,,no
HP:0007717,Chronic irritative conjunctivitis,,no
HP:0007720,Flat cornea,,no
HP:0007722,Retinal pigment epithelial atrophy,,no
HP:0007727,Opacification of the corneal epithelium,,no
HP:0007728,Congenital miosis,,no
HP:0007730,Iris hypopigmentation,Light eye color,yes
HP:0007731,Chorioretinal dysplasia,,no
HP:0007732,Lacrimal gland hypoplasia,Underdeveloped tear gland,yes
HP:0007734,Enlarged lacrimal glands,Enlarged tear gland,yes
HP:0007737,Spicular pigmentation of the retina,,no
HP:0007738,Uncontrolled eye movements,,no
HP:0007740,Long eyelashes in irregular rows,Long eyelashes in irregular rows,yes
HP:0007750,Hypoplasia of the fovea,,no
HP:0007754,Macular dystrophy,,no
HP:0007755,Juvenile epithelial corneal dystrophy,,no
HP:0007759,Opacification of the corneal stroma,,no
HP:0007761,Pericentral scotoma,,no
HP:0007763,Retinal telangiectasia,,no
HP:0007765,Deep anterior chamber,,no
HP:0007766,Optic disc hypoplasia,,no
HP:0007768,Central retinal vessel vascular tortuosity,,no
HP:0007769,Peripheral retinal degeneration,,no
HP:0007772,Impaired smooth pursuit,,no
HP:0007773,Vitreoretinopathy,,no
HP:0007774,Hypoplasia of the ciliary body,,no
HP:0007776,Sparse lower eyelashes,Scanty lower eyelashes,yes
HP:0007777,Chorioretinal scar,,no
HP:0007778,Posterior retinal neovascularization,,no
HP:0007779,Anterior segment of eye aplasia,,no
HP:0007780,Cortical pulverulent cataract,,no
HP:0007787,Posterior subcapsular cataract,,no
HP:0007791,Patchy atrophy of the retinal pigment epithelium,,no
HP:0007792,Microsaccadic pursuit,,no
HP:0007793,Granular macular appearance,,no
HP:0007795,Anterior cortical cataract,,no
HP:0007797,Developmental retinal vascular malformation,,no
HP:0007799,Conjunctival whitish salt-like deposits,,no
HP:0007800,Increased axial length of the globe,Increased front to back length of eyeball,yes
HP:0007802,Granular corneal dystrophy,,no
HP:0007803,Monochromacy,Total colorblindness,yes
HP:0007807,Optic nerve compression,,no
HP:0007809,Punctate corneal dystrophy,,no
HP:0007811,Horizontal pendular nystagmus,,no
HP:0007812,Herpetiform corneal ulceration,,no
HP:0007813,Nongranulomatous uveitis,,no
HP:0007814,Retinal pigment epithelial mottling,,no
HP:0007817,Horizontal supranuclear gaze palsy,,no
HP:0007818,Central heterochromia,,no
HP:0007819,Presenile cataracts,,no
HP:0007820,Lacrimal punctal atresia,,no
HP:0007822,Central retinal exudate,,no
HP:0007824,Total ophthalmoplegia,,no
HP:0007827,Nodular corneal dystrophy,,no
HP:0007830,Adult-onset night blindness,Adult-onset night blindness,yes
HP:0007831,Nonprogressive restrictive external ophthalmoplegia,,no
HP:0007832,Pigmentation of the sclera,Pigmentation of the outer white part of the eyeball,yes
HP:0007833,Anterior chamber synechiae,,no
HP:0007834,Progressive cataract,,no
HP:0007835,S-shaped palpebral fissures,S-shaped eyes,yes
HP:0007836,Mosaic corneal dystrophy,,no
HP:0007838,Progressive ptosis,Progressive drooping of upper eyelid,yes
HP:0007841,Amyloid deposition in the vitreous humor,,no
HP:0007843,Attenuation of retinal blood vessels,Narrowing of blood vessels in back of eye,yes
HP:0007854,Glaucomatous visual field defect,,no
HP:0007856,Punctate opacification of the cornea,,no
HP:0007858,Chorioretinal lacunae,,no
HP:0007859,Congenital horizontal nystagmus,,no
HP:0007862,Retinal calcification,,no
HP:0007866,Retinal infarction,,no
HP:0007867,Restrictive partial external ophthalmoplegia,,no
HP:0007872,Choroidal hemangioma,,no
HP:0007873,Abnormally prominent line of Schwalbe,,no
HP:0007874,Almond-shaped palpebral fissure,Almond shaped eyes,yes
HP:0007875,Congenital blindness,Blindness present at birth,yes
HP:0007879,Allergic conjunctivitis,,no
HP:0007880,Marginal corneal dystrophy,,no
HP:0007881,Central corneal dystrophy,,no
HP:0007885,Slowed horizontal saccades,,no
HP:0007886,Absent extraocular muscles,Missing eye muscles,yes
HP:0007889,Iridescent posterior subcapsular cataract,,no
HP:0007892,Hypoplasia of the lacrimal punctum,,no
HP:0007894,Fundus hypopigmentation,,no
HP:0007899,Retinal nonattachment,,no
HP:0007900,Hypoplastic lacrimal duct,Underdeveloped tear duct,yes
HP:0007902,Vitreous hemorrhage,,no
HP:0007903,Paravenous chorioretinal atrophy,,no
HP:0007905,Abnormal iris vasculature,Abnormality of iris blood vessels,yes
HP:0007906,Ocular hypertension,High eye pressure,yes
HP:0007911,Congenital bilateral ptosis,Congenital drooping of both upper eyelids,yes
HP:0007913,Reticular retinal dystrophy,,no
HP:0007915,Polymorphous posterior corneal dystrophy,,no
HP:0007917,Tractional retinal detachment,,no
HP:0007922,Hypermyelinated retinal nerve fibers,,no
HP:0007924,Slow decrease in visual acuity,Slow decrease in sharpness of vision,yes
HP:0007925,Lacrimal duct aplasia,Absent tear duct,yes
HP:0007928,Abnormal flash visual evoked potentials,,no
HP:0007933,Broad lateral eyebrow,,no
HP:0007935,Juvenile posterior subcapsular lenticular opacities,,no
HP:0007936,Restrictive external ophthalmoplegia,,no
HP:0007937,Reticular pigmentary degeneration,,no
HP:0007939,Blue cone monochromacy,,no
HP:0007941,Limited extraocular movements,,no
HP:0007942,Internal ophthalmoplegia,,no
HP:0007943,Congenital stapes ankylosis,,no
HP:0007944,Intermittent microsaccadic pursuits,,no
HP:0007946,Unilateral narrow palpebral fissure,Unequal size of opening between the eyelids,yes
HP:0007947,Pericentral retinitis pigmentosa,,no
HP:0007948,Dense posterior cortical cataract,,no
HP:0007950,Peripapillary chorioretinal atrophy,,no
HP:0007957,Corneal opacity,,no
HP:0007958,Optic atrophy from cranial nerve compression,,no
HP:0007963,Pattern dystrophy of the retina,,no
HP:0007964,Degenerative vitreoretinopathy,,no
HP:0007965,Undetectable visual evoked potentials,,no
HP:0007968,Remnants of the hyaloid vascular system,,no
HP:0007970,Congenital ptosis,Congenital drooping upper eyelid,yes
HP:0007971,Lamellar cataract,,no
HP:0007973,Retinal dysplasia,,no
HP:0007975,Hypometric horizontal saccades,,no
HP:0007976,Cerulean cataract,,no
HP:0007979,Gaze-evoked horizontal nystagmus,,no
HP:0007980,Absent retinal pigment epithelium,,no
HP:0007984,ERG: Reduced dark-adapted b-wave amplitude,,no
HP:0007985,Retinal arteriolar occlusion,Blocked retinal artery,yes
HP:0007986,Increased retinal vascularity,,no
HP:0007987,Progressive visual field defects,,no
HP:0007988,Macular hypopigmentation,,no
HP:0007989,Intraretinal exudate,,no
HP:0007990,Hypoplastic iris stroma,,no
HP:0007992,Lattice retinal degeneration,,no
HP:0007993,Malformed lacrimal duct,Malformed tear ducts,yes
HP:0007994,Peripheral visual field loss,Loss of peripheral vision,yes
HP:0008000,Decreased corneal reflex,,no
HP:0008001,Foveal hyperpigmentation,,no
HP:0008002,Abnormal macular pigmentation,,no
HP:0008003,Jerky ocular pursuit movements,,no
HP:0008007,Primary congenital glaucoma,,no
HP:0008011,Peripheral opacification of the cornea,,no
HP:0008020,Cone dystrophy,,no
HP:0008026,Horizontal opticokinetic nystagmus,,no
HP:0008028,Cystoid macular degeneration,,no
HP:0008030,Retinal arteritis,,no
HP:0008031,Posterior Y-sutural cataract,,no
HP:0008034,Abnormal iris pigmentation,,no
HP:0008037,Absent anterior chamber of the eye,,no
HP:0008038,Aplastic/hypoplastic lacrimal glands,Absent/underdeveloped tear glands,yes
HP:0008039,Subepithelial corneal opacities,,no
HP:0008041,Late onset congenital glaucoma,,no
HP:0008043,Focal retinal arteriolar constriction,,no
HP:0008045,Enlarged flash visual evoked potentials,,no
HP:0008046,Abnormal retinal vascular morphology,Abnormality of retina blood vessels,yes
HP:0008049,Abnormality of the extraocular muscles,,no
HP:0008050,Abnormality of the palpebral fissures,Abnormality of the opening between the eyelids,yes
HP:0008052,Retinal fold,,no
HP:0008053,Aplasia/Hypoplasia of the iris,Absent/small iris,yes
HP:0008056,Aplasia/Hypoplasia affecting the eye,Absent/small eye,yes
HP:0008058,Aplasia/Hypoplasia of the optic nerve,Absent/small optic nerve,yes
HP:0008059,Aplasia/Hypoplasia of the macula,,no
HP:0008060,Aplasia/Hypoplasia of the fovea,,no
HP:0008062,Aplasia/Hypoplasia affecting the anterior segment of the eye,,no
HP:0008063,Aplasia/Hypoplasia of the lens,Absent/small lens,yes
HP:0008064,Ichthyosis,,no
HP:0008065,Aplasia/Hypoplasia of the skin,Absent/small skin,yes
HP:0008066,Abnormal blistering of the skin,Abnormal blistering of the skin,yes
HP:0008067,Abnormally lax or hyperextensible skin,Abnormally loose or hyperelastic skin,yes
HP:0008069,Neoplasm of the skin,Skin cancer,yes
HP:0008070,Sparse hair,Sparse hair,yes
HP:0008074,Metatarsal periosteal thickening,,no
HP:0008076,Osteoporotic tarsals,,no
HP:0008078,Thin metatarsal cortices,,no
HP:0008079,Absent fifth metatarsal,Absent 5th long bone of foot,yes
HP:0008080,Hallux varus,,no
HP:0008081,Pes valgus,,no
HP:0008082,Medial deviation of the foot,,no
HP:0008083,2nd-5th toe middle phalangeal hypoplasia,Underdeveloped 2nd-5th middle toe bones,yes
HP:0008087,Nonossified fifth metatarsal,,no
HP:0008089,Abnormality of the fifth metatarsal bone,Abnormality of the 5th long bone of foot,yes
HP:0008090,Ankylosis of feet small joints,,no
HP:0008093,Short 4th toe,Short 4th toe,yes
HP:0008094,Widely spaced toes,Widely spaced toes,yes
HP:0008095,Osteolysis of talus,,no
HP:0008096,Medially deviated second toe,,no
HP:0008097,Partial fusion of tarsals,,no
HP:0008103,Delayed tarsal ossification,Delayed ankle bone maturation,yes
HP:0008108,Advanced tarsal ossification,Accelerated ankle bone maturation,yes
HP:0008110,Equinovarus deformity,,no
HP:0008111,Broad distal hallux,,no
HP:0008112,Plantar flexion contracture,,no
HP:0008114,Metatarsal diaphyseal endosteal sclerosis,,no
HP:0008115,Clinodactyly of the 3rd toe,Curvature of 3rd toe,yes
HP:0008116,Flexion limitation of toes,,no
HP:0008117,Shortening of the talar neck,,no
HP:0008119,Deformed tarsal bones,Deformed ankle bones,yes
HP:0008122,Calcaneonavicular fusion,,no
HP:0008124,Talipes calcaneovarus,,no
HP:0008125,Second metatarsal posteriorly placed,,no
HP:0008127,Bipartite calcaneus,,no
HP:0008131,Tarsal stippling,,no
HP:0008132,Medial rotation of the medial malleolus,,no
HP:0008133,Distal tapering of metatarsals,,no
HP:0008134,Irregular tarsal ossification,Irregular ankle bone maturation,yes
HP:0008138,Equinus calcaneus,,no
HP:0008141,Dislocation of toes,Dislocation of toes,yes
HP:0008142,Delayed calcaneal ossification,Delayed heel bone maturation,yes
HP:0008144,Flattening of the talar dome,,no
HP:0008148,Impaired epinephrine-induced platelet aggregation,,no
HP:0008150,Elevated serum transaminases during infections,,no
HP:0008151,Prolonged prothrombin time,,no
HP:0008153,Periodic hypokalemic paresis,,no
HP:0008155,Mucopolysacchariduria,,no
HP:0008158,Hyperapobetalipoproteinemia,,no
HP:0008160,3-hydroxydicarboxylic aciduria,,no
HP:0008161,Absent leukocyte alkaline phosphatase,,no
HP:0008162,Asymptomatic hyperammonemia,,no
HP:0008163,Decreased circulating cortisol level,Low blood cortisol level,yes
HP:0008166,Decreased beta-galactosidase activity,,no
HP:0008167,Very long chain fatty acid accumulation,,no
HP:0008169,Reduced factor VII activity,,no
HP:0008176,Neonatal unconjugated hyperbilirubinemia,,no
HP:0008178,Abnormal cartilage matrix,,no
HP:0008179,Decreased Arden ratio of electrooculogram,,no
HP:0008180,Mildly elevated creatine kinase,,no
HP:0008181,Abetalipoproteinemia,,no
HP:0008182,Adrenocortical hypoplasia,Small adrenal cortex,yes
HP:0008185,Precocious puberty in males,Early onset of puberty in males,yes
HP:0008186,Adrenocortical cytomegaly,,no
HP:0008187,Absence of secondary sex characteristics,,no
HP:0008188,Thyroid dysgenesis,,no
HP:0008189,Insulin insensitivity,,no
HP:0008191,Thyroid agenesis,,no
HP:0008193,Primary gonadal insufficiency,,no
HP:0008194,Multiple pancreatic beta-cell adenomas,,no
HP:0008197,Absence of pubertal development,,no
HP:0008198,Congenital hypoparathyroidism,,no
HP:0008200,Primary hyperparathyroidism,,no
HP:0008202,Reduced circulating prolactin concentration,,no
HP:0008204,Precocious puberty with Sertoli cell tumor,,no
HP:0008205,Insulin-dependent but ketosis-resistant diabetes,,no
HP:0008207,Primary adrenal insufficiency,,no
HP:0008208,Parathyroid hyperplasia,Enlarged parathyroid glands,yes
HP:0008209,Premature ovarian insufficiency,Early menopause,yes
HP:0008211,Parathyroid agenesis,,no
HP:0008213,Gonadotropin deficiency,,no
HP:0008214,Decreased serum estradiol,Decreased serum estradiol,yes
HP:0008216,Adrenal gland dysgenesis,,no
HP:0008221,Adrenal hyperplasia,Enlarged adrenal glands,yes
HP:0008222,Female infertility,Female infertility,yes
HP:0008223,Compensated hypothyroidism,,no
HP:0008225,Thyroid follicular hyperplasia,,no
HP:0008226,Androgen insufficiency,,no
HP:0008227,Pituitary resistance to thyroid hormone,,no
HP:0008231,Macronodular adrenal hyperplasia,,no
HP:0008232,Elevated circulating follicle stimulating hormone level,,no
HP:0008233,Decreased circulating progesterone,Decreased serum progesterone,yes
HP:0008236,Isosexual precocious puberty,,no
HP:0008237,Hypothalamic hypothyroidism,,no
HP:0008239,Adrenal medullary hypoplasia,,no
HP:0008240,Secondary growth hormone deficiency,,no
HP:0008242,Pseudohypoaldosteronism,,no
HP:0008244,Congenital adrenal hypoplasia,,no
HP:0008245,Pituitary hypothyroidism,Low thyroid gland function due to abnormal pituitary gland,yes
HP:0008247,Euthyroid hyperthyroxinemia,,no
HP:0008249,Thyroid hyperplasia,Large thyroid,yes
HP:0008251,Congenital goiter,,no
HP:0008255,Transient neonatal diabetes mellitus,,no
HP:0008256,Adrenocortical adenoma,,no
HP:0008258,Congenital adrenal hyperplasia,,no
HP:0008259,Adrenocorticotropin receptor defect,,no
HP:0008261,Pancreatic islet cell adenoma,,no
HP:0008263,Thyroid defect in oxidation and organification of iodide,,no
HP:0008264,Neutrophil inclusion bodies,,no
HP:0008265,Mitochondrial lysine transport defect,,no
HP:0008269,Increased red cell hemolysis by shear stress,,no
HP:0008271,Abnormal cartilage collagen,,no
HP:0008272,Renal tubular lysine transport defect,,no
HP:0008273,Transient aminoaciduria,,no
HP:0008275,Abnormal light-adapted electroretinogram,,no
HP:0008277,Abnormal circulating zinc concentration,,no
HP:0008278,Cerebellar cortical atrophy,,no
HP:0008279,Transient hyperlipidemia,,no
HP:0008281,Acute hyperammonemia,,no
HP:0008282,Unconjugated hyperbilirubinemia,,no
HP:0008283,Fasting hyperinsulinemia,High blood insulin levels while fasting,yes
HP:0008288,Nonketotic hyperglycinemia,,no
HP:0008291,Pituitary corticotropic cell adenoma,,no
HP:0008293,Long-chain dicarboxylic aciduria,,no
HP:0008297,Transient hyperphenylalaninemia,,no
HP:0008301,Dermatan sulfate excretion in urine,,no
HP:0008305,Exercise-induced myoglobinuria,,no
HP:0008306,Abnormal iron deposition in mitochondria,,no
HP:0008309,Medium chain dicarboxylic aciduria,,no
HP:0008311,Spinal cord dorsal column hypomyelination,,no
HP:0008314,Decreased activity of mitochondrial complex II,,no
HP:0008315,Decreased plasma free carnitine,,no
HP:0008316,Abnormal mitochondria in muscle tissue,,no
HP:0008318,Elevated leukocyte alkaline phosphatase,,no
HP:0008320,Impaired collagen-induced platelet aggregation,,no
HP:0008321,Reduced factor X activity,,no
HP:0008322,Abnormal mitochondrial morphology,,no
HP:0008323,Abnormal light- and dark-adapted electroretinogram,,no
HP:0008326,Reduced circulating vitamin B6 circulating,Reduced vitamin b6 levels,yes
HP:0008330,Reduced von Willebrand factor activity,,no
HP:0008331,Elevated creatine kinase after exercise,,no
HP:0008336,Complex organic aciduria,,no
HP:0008339,Diaminoaciduria,,no
HP:0008341,Distal renal tubular acidosis,,no
HP:0008344,Elevated circulating branched-chain amino acid concentration,,no
HP:0008345,Hypoplasia of the iris dilator muscle,,no
HP:0008346,Increased red cell sickling tendency,,no
HP:0008347,Decreased activity of mitochondrial complex IV,,no
HP:0008348,Decreased circulating IgG2 concentration,,no
HP:0008352,Impaired platelet adhesion,,no
HP:0008353,Neutral hyperaminoaciduria,,no
HP:0008357,Reduced factor XIII activity,,no
HP:0008358,Hyperprolinemia,,no
HP:0008360,Neonatal hypoproteinemia,,no
HP:0008362,Aplasia/Hypoplasia of the hallux,Absent/small big toe,yes
HP:0008363,Aplasia/Hypoplasia of the tarsal bones,Absent/small ankle bone,yes
HP:0008364,Abnormality of the calcaneus,Abnormal heel bone,yes
HP:0008365,Abnormal talus morphology,Abnormal large bone of ankle,yes
HP:0008366,Foot joint contracture,Contractures of the foot joints,yes
HP:0008368,Tarsal synostosis,Fused ankle bones,yes
HP:0008369,Abnormal tarsal ossification,Abnormal maturation of ankle bones,yes
HP:0008371,Abnormal metatarsal ossification,Abnormal maturation of long bone of foot,yes
HP:0008372,Abnormal circulating vitamin A concentration,,no
HP:0008373,Puberty and gonadal disorders,Puberty and gonadal disorders,yes
HP:0008376,Nasal dysarthria,Breathy speech,yes
HP:0008383,Slow-growing nails,Slow-growing nails,yes
HP:0008386,Aplasia/Hypoplasia of the nails,Absent/small nails,yes
HP:0008388,Abnormal toenail morphology,Abnormality of the toenail,yes
HP:0008390,Recurrent loss of toenails and fingernails,Recurrent loss of toenails and fingernails,yes
HP:0008391,Dystrophic fingernails,Poor fingernail formation,yes
HP:0008392,Subungual hyperkeratosis,"Thickened, discolored skin under nail",yes
HP:0008393,Congenital curved nail of fourth toe,,no
HP:0008394,Congenital onychodystrophy,Congenital malformed nails,yes
HP:0008396,Chronic monilial nail infection,,no
HP:0008398,Hypoplastic fifth fingernail,Underdeveloped fifth fingernail,yes
HP:0008399,Circumungual hyperkeratosis,Thick skin around nails,yes
HP:0008400,Onycholysis of distal fingernails,Detachment of outermost fingernails,yes
HP:0008401,Onychogryphosis of toenails,Overgrowth and curving of toenails,yes
HP:0008402,Ridged fingernail,Longitudinally grooved fingernails,yes
HP:0008404,Nail dystrophy,Poor nail formation,yes
HP:0008407,Hyperconvex thumb nails,Tightly curved thumb nail,yes
HP:0008410,Subungual hyperkeratotic fragments,,no
HP:0008414,Lumbar kyphosis in infancy,Hunched back in infancy,yes
HP:0008416,Six lumbar vertebrae,,no
HP:0008417,Vertebral hypoplasia,Underdeveloped vertebrae,yes
HP:0008418,Squared-off platyspondyly,,no
HP:0008419,Intervertebral disk degeneration,,no
HP:0008420,Punctate vertebral calcifications,,no
HP:0008422,Vertebral wedging,Wedge-shaped vertebrae,yes
HP:0008423,Spinal dysplasia,,no
HP:0008425,Cuboid-shaped thoracolumbar vertebral bodies,,no
HP:0008428,Vertebral clefting,,no
HP:0008430,Anterior beaking of lumbar vertebrae,,no
HP:0008433,Reversed usual vertebral column curves,,no
HP:0008434,Hypoplastic cervical vertebrae,,no
HP:0008435,Absent in utero ossification of vertebral bodies,,no
HP:0008437,Bifid thoracic vertebrae,,no
HP:0008438,Vertebral arch anomaly,,no
HP:0008439,Lumbar hemivertebrae,,no
HP:0008440,C1-C2 vertebral abnormality,,no
HP:0008441,Herniation of intervertebral nuclei,Herniated disk,yes
HP:0008442,Vertebral hyperostosis,,no
HP:0008443,Neuropathic spinal arthropathy,,no
HP:0008444,Posterior wedging of vertebral bodies,,no
HP:0008445,Cervical spinal canal stenosis,,no
HP:0008447,Hypoplastic coccygeal vertebrae,,no
HP:0008449,Progressive cervical vertebral spine fusion,,no
HP:0008450,Narrow vertebral interpedicular distance,,no
HP:0008451,Posterior vertebral hypoplasia,,no
HP:0008452,Wafer-thin platyspondyly,,no
HP:0008453,Congenital kyphoscoliosis,,no
HP:0008454,Lumbar kyphosis,Rounded lower back,yes
HP:0008455,Dysplastic sacrum,Absence of some of the sacral and coccygeal bones,yes
HP:0008456,C2-C3 subluxation,,no
HP:0008457,Caudal interpedicular narrowing,,no
HP:0008458,Progressive congenital scoliosis,,no
HP:0008461,Cervical vertebral facet hypoplasia,,no
HP:0008462,Cervical instability,,no
HP:0008463,Central vertebral hypoplasia,,no
HP:0008464,Absent spinous processes of lower thoracic and lumbar vertebrae,,no
HP:0008465,Absent vertebra,Absent vertebrae,yes
HP:0008467,Thoracic hemivertebrae,,no
HP:0008468,Abnormal sacral segmentation,,no
HP:0008469,Cervical vertebral dysplasia,,no
HP:0008470,Lower thoracic interpediculate narrowness,,no
HP:0008472,Prominent protruding coccyx,Large tailbone,yes
HP:0008473,Narrow anterio-posterior vertebral body diameter,,no
HP:0008475,Hypoplastic sacral vertebrae,,no
HP:0008476,Irregular sclerotic endplates,,no
HP:0008477,Poorly ossified cervical vertebrae,,no
HP:0008478,Scheuermann-like vertebral changes,,no
HP:0008479,Hypoplastic vertebral bodies,Underdeveloped back bones,yes
HP:0008480,Cervical spondylosis,Cervical spine degeneration,yes
HP:0008482,Asymmetry of spinal facet joints,,no
HP:0008483,Cervical vertebral bodies with decreased anteroposterior diameter,,no
HP:0008484,Thoracolumbar interpediculate narrowness,,no
HP:0008486,Lumbar interpedicular narrowing,,no
HP:0008488,Anterior rounding of vertebral bodies,,no
HP:0008489,Spondylolisthesis at L5-S1,,no
HP:0008490,Sacral segmentation defect,,no
HP:0008491,Premature anterior fontanel closure,,no
HP:0008494,Inferior lens subluxation,,no
HP:0008496,Multiple rows of eyelashes,Double row of eyelashes,yes
HP:0008497,Congenital craniofacial dysostosis,,no
HP:0008499,High hypermetropia,Severe farsightedness,yes
HP:0008509,Aged leonine appearance,,no
HP:0008511,Central posterior corneal opacity,,no
HP:0008513,Bilateral conductive hearing impairment,,no
HP:0008515,Aplasia/Hypoplasia of the vertebrae,Absent/small vertebrae,yes
HP:0008516,Abnormality of the vertebral spinous processes,,no
HP:0008517,Aplasia/Hypoplasia of the sacrum,Absent/small sacrum,yes
HP:0008519,Abnormal coccyx morphology,Abnormal tailbone,yes
HP:0008523,Posterior helix pit,Indentation in back of outer ear,yes
HP:0008527,Congenital sensorineural hearing impairment,,no
HP:0008528,Long hairs growing from helix of pinna,Ear hair,yes
HP:0008529,Absence of acoustic reflex,,no
HP:0008537,Cleft at the superior portion of the pinna,,no
HP:0008544,Abnormally folded helix,,no
HP:0008551,Microtia,Small ears,yes
HP:0008554,Cochlear malformation,,no
HP:0008555,Absent vestibular function,,no
HP:0008559,Hypoplastic superior helix,,no
HP:0008568,Vestibular areflexia,,no
HP:0008569,"Microtia, second degree",Cockleshell ear,yes
HP:0008573,Low-frequency sensorineural hearing impairment,,no
HP:0008577,Underfolded helix,,no
HP:0008583,Underfolded superior helices,,no
HP:0008586,Hypoplasia of the cochlea,,no
HP:0008587,Mild neurosensory hearing impairment,,no
HP:0008588,Slit-like opening of the exterior auditory meatus,,no
HP:0008589,Hypoplastic helices,,no
HP:0008591,Congenital conductive hearing impairment,,no
HP:0008593,Prominent antitragus,,no
HP:0008596,Postlingual sensorineural hearing impairment,,no
HP:0008598,Mild conductive hearing impairment,,no
HP:0008605,Unilateral external ear deformity,Deformed external ear on one side,yes
HP:0008606,Supraauricular pit,Pit above the ear,yes
HP:0008607,Progressive conductive hearing impairment,,no
HP:0008608,Hypertrophic auricular cartilage,,no
HP:0008609,Abnormal middle ear morphology,Middle ear malformation,yes
HP:0008610,Infantile sensorineural hearing impairment,,no
HP:0008615,Adult onset sensorineural hearing impairment,,no
HP:0008619,Bilateral sensorineural hearing impairment,,no
HP:0008625,Severe sensorineural hearing impairment,,no
HP:0008628,Abnormal stapes morphology,,no
HP:0008629,Pulsatile tinnitus,,no
HP:0008631,Ureteral dysgenesis,,no
HP:0008633,Agonadism,,no
HP:0008635,Urinary bladder wall hypertrophy,,no
HP:0008639,Gonadal hypoplasia,Underdeveloped gonad,yes
HP:0008640,Congenital macroorchidism,,no
HP:0008643,Nephroblastomatosis,,no
HP:0008651,Uric acid urolithiasis independent of gout,,no
HP:0008652,Autonomic erectile dysfunction,,no
HP:0008653,Crescentic glomerulonephritis,,no
HP:0008655,Aplasia/Hypoplasia of the fallopian tube,Absent/small fallopian tube,yes
HP:0008659,Multiple small medullary renal cysts,,no
HP:0008660,Renotubular dysgenesis,,no
HP:0008661,Urethral stenosis,Narrowing of the urethra,yes
HP:0008665,Clitoral hypertrophy,Enlarged clitoris,yes
HP:0008666,Impaired histidine renal tubular absorption,,no
HP:0008668,"Gonadal dysgenesis, male",,no
HP:0008669,Abnormal spermatogenesis,Abnormal sperm development,yes
HP:0008670,Partial vaginal septum,,no
HP:0008672,Calcium oxalate nephrolithiasis,,no
HP:0008675,Enlarged polycystic ovaries,Enlarged ovaries with cysts,yes
HP:0008676,Congenital megaureter,,no
HP:0008677,Congenital nephrotic syndrome,,no
HP:0008678,Renal hypoplasia/aplasia,Absent/small kidney,yes
HP:0008682,Renal tubular epithelial necrosis,,no
HP:0008683,Enlarged labia minora,,no
HP:0008684,Aplasia/hypoplasia of the uterus,Absent/small uterus,yes
HP:0008687,Hypoplasia of the prostate,Underdeveloped prostate,yes
HP:0008689,Bilateral cryptorchidism,,no
HP:0008695,Transient nephrotic syndrome,,no
HP:0008696,Renal hamartoma,,no
HP:0008697,Hypoplasia of the fallopian tube,Underdeveloped fallopian tube,yes
HP:0008703,Gonadal calcification,,no
HP:0008705,Ureteral triplication,,no
HP:0008706,Distal urethral duplication,,no
HP:0008707,Absent scrotum,Absent scrotum,yes
HP:0008708,Partial development of the penile shaft,,no
HP:0008714,Ureterovesical stenosis,,no
HP:0008716,Urethrovaginal fistula,,no
HP:0008717,Unilateral renal atrophy,Kidney degeneration on one side,yes
HP:0008718,Unilateral renal dysplasia,,no
HP:0008720,Primary testicular failure,,no
HP:0008722,Urethral diverticulum,,no
HP:0008723,"Gonadal dysgenesis with female appearance, male",,no
HP:0008724,Hypoplasia of the ovary,Underdeveloped ovary,yes
HP:0008726,Hypoplasia of the vagina,Underdeveloped vagina,yes
HP:0008729,Absence of labia majora,Absent vaginal lips,yes
HP:0008730,"Female external genitalia in individual with 46,XY karyotype",,no
HP:0008732,Renal hypophosphatemia,,no
HP:0008733,Dysplastic testis,,no
HP:0008734,Decreased testicular size,Decreased testicular size,yes
HP:0008736,Hypoplasia of penis,Underdeveloped penis,yes
HP:0008738,Partially duplicated kidney,Partially duplicated kidney,yes
HP:0008740,Longitudinal vaginal septum,,no
HP:0008743,Coronal hypospadias,,no
HP:0008744,Abnormal aryepiglottic fold morphology,,no
HP:0008747,Cartilaginous ossification of larynx,,no
HP:0008749,Laryngeal hypoplasia,,no
HP:0008750,Laryngeal atresia,,no
HP:0008751,Laryngeal cleft,,no
HP:0008753,Aplasia of the epiglottis,,no
HP:0008754,Laryngeal calcification,,no
HP:0008755,Laryngotracheomalacia,,no
HP:0008756,Bowing of the vocal cords,,no
HP:0008757,Unilateral vocal cord paralysis,,no
HP:0008760,Violent behavior,Violent behavior,yes
HP:0008762,Repetitive compulsive behavior,Repetitive compulsive behavior,yes
HP:0008763,No social interaction,No social interaction,yes
HP:0008765,Auditory hallucination,Hallucinations of sound,yes
HP:0008767,Self-mutilation of tongue and lips due to involuntary movements,Self-mutilation of tongue and lips due to involuntary movements,yes
HP:0008768,Abnormal sexual behavior,Inappropriate sexual behavior,yes
HP:0008770,Obsessive-compulsive trait,Obsessive-compulsive trait,yes
HP:0008771,Aplasia/Hypoplasia of the ear,Absent/small ear,yes
HP:0008772,Aplasia/Hypoplasia of the external ear,Absent/small external ear,yes
HP:0008773,Aplasia/Hypoplasia of the middle ear,Absent/small middle ear,yes
HP:0008774,Aplasia/Hypoplasia of the inner ear,Absent/small inner ear,yes
HP:0008775,Abnormal prostate morphology,Abnormality of the prostate,yes
HP:0008776,Abnormal renal artery morphology,Abnormal kidney artery,yes
HP:0008777,Abnormal vocal cord morphology,Abnormality of the vocal cords,yes
HP:0008780,Congenital bilateral hip dislocation,,no
HP:0008783,Wide proximal femoral metaphysis,Wide metaphysis of innermost thighbone,yes
HP:0008784,Wide capital femoral epiphyses,Wide end part of innermost thighbone,yes
HP:0008785,Delayed ossification of pubic rami,,no
HP:0008786,Iliac crest serration,,no
HP:0008788,Delayed pubic bone ossification,Delayed maturation of pubic bone,yes
HP:0008789,Cone-shaped capital femoral epiphysis,Cone-shaped end part of innermost thighbone,yes
HP:0008794,Dysplastic iliac wing,,no
HP:0008796,Femoral retroversion,Externally rotated hips,yes
HP:0008797,Early ossification of capital femoral epiphyses,,no
HP:0008798,Widened greater sciatic notch,,no
HP:0008800,Limited hip movement,Limited hip movement,yes
HP:0008801,Hypoplasia of the lesser trochanter,,no
HP:0008802,Hypoplasia of the femoral head,Small head of thigh bone,yes
HP:0008804,Broad femoral head,Wide head of thigh bone,yes
HP:0008807,Acetabular dysplasia,,no
HP:0008808,High iliac wing,,no
HP:0008812,Flattened femoral head,Flat head of thigh bone,yes
HP:0008817,Aplastic pubic bone,Absent pubic bones,yes
HP:0008818,Large iliac wing,,no
HP:0008819,Narrow femoral neck,Narrow neck of thigh bone,yes
HP:0008820,Absent ossification of capital femoral epiphysis,,no
HP:0008821,Hypoplastic inferior ilia,,no
HP:0008822,Hypoplastic ischiopubic ramus,,no
HP:0008824,Hypoplastic iliac body,,no
HP:0008828,Delayed proximal femoral epiphyseal ossification,,no
HP:0008829,Delayed femoral head ossification,Delayed maturation of the head of the thigh bone,yes
HP:0008833,Irregular acetabular roof,,no
HP:0008835,Multicentric femoral head ossification,,no
HP:0008838,Stippled calcification proximal humeral epiphyses,Speckled calcifications in end part of innermost long bone of upper arm,yes
HP:0008839,Hypoplastic pelvis,,no
HP:0008843,Hip osteoarthritis,,no
HP:0008845,Mesomelic short stature,,no
HP:0008846,Severe intrauterine growth retardation,Severe prenatal growth deficiency,yes
HP:0008848,Moderately short stature,Moderate short stature,yes
HP:0008850,Severe postnatal growth retardation,Marked growth retardation,yes
HP:0008855,Moderate postnatal growth retardation,Moderate growth delay in children,yes
HP:0008857,Neonatal short-trunk short stature,,no
HP:0008866,Failure to thrive secondary to recurrent infections,Faltering weight secondary to recurrent infections,yes
HP:0008872,Feeding difficulties in infancy,,no
HP:0008873,Disproportionate short-limb short stature,Short limb dwarfism,yes
HP:0008883,Mild intrauterine growth retardation,,no
HP:0008887,Adipose tissue loss,Loss of fat tissue,yes
HP:0008890,Severe short-limb dwarfism,,no
HP:0008897,Postnatal growth retardation,Growth delay as children,yes
HP:0008905,Rhizomelia,Disproportionately short upper portion of limb,yes
HP:0008909,Lethal short-limbed short stature,,no
HP:0008915,Childhood-onset truncal obesity,,no
HP:0008921,Neonatal short-limb short stature,Short limb dwarfism recognizable at birth,yes
HP:0008922,Childhood-onset short-trunk short stature,Childhood-onset short-trunk short stature,yes
HP:0008935,Generalized neonatal hypotonia,Generalized low muscle tone in neonate,yes
HP:0008936,Axial hypotonia,Low muscle tone in trunk,yes
HP:0008940,Generalized lymphadenopathy,Generalized swelling of lymph nodes,yes
HP:0008942,Acute rhabdomyolysis,,no
HP:0008944,Distal lower limb amyotrophy,,no
HP:0008945,Loss of ability to walk in early childhood,,no
HP:0008946,Pelvic girdle amyotrophy,,no
HP:0008947,Floppy infant,Decreased muscle tone in infant,yes
HP:0008948,Proximal upper limb amyotrophy,,no
HP:0008952,Shoulder muscle hypoplasia,Underdeveloped shoulder muscle,yes
HP:0008953,Pectoralis major hypoplasia,,no
HP:0008954,Intrinsic hand muscle atrophy,,no
HP:0008955,Progressive distal muscular atrophy,,no
HP:0008956,Proximal lower limb amyotrophy,Wasting of thigh muscle,yes
HP:0008959,Distal upper limb muscle weakness,,no
HP:0008962,Calf muscle hypoplasia,Underdeveloped calf muscles,yes
HP:0008963,Tibialis muscle weakness,,no
HP:0008964,Nonprogressive muscular atrophy,,no
HP:0008967,Exercise-induced muscle stiffness,Exercise-induced muscle stiffness,yes
HP:0008968,Muscle hypertrophy of the lower extremities,,no
HP:0008969,Leg muscle stiffness,,no
HP:0008970,Scapulohumeral muscular dystrophy,,no
HP:0008972,Decreased activity of mitochondrial respiratory chain,,no
HP:0008978,Necrotizing myopathy,,no
HP:0008981,Calf muscle hypertrophy,Increased size of calf muscles,yes
HP:0008984,Neck muscle hypoplasia,Decreased size of neck muscle,yes
HP:0008985,Increased intramuscular fat,Increased intramuscular fat,yes
HP:0008986,Agenesis of the diaphragm,Absent diaphragm,yes
HP:0008988,Pelvic girdle muscle atrophy,,no
HP:0008991,Exercise-induced leg cramps,,no
HP:0008993,Increased intraabdominal fat,,no
HP:0008994,Proximal lower limb muscle weakness,,no
HP:0008997,Proximal upper limb muscle weakness,,no
HP:0009002,Loss of truncal subcutaneous adipose tissue,Loss of fat tissue in trunk,yes
HP:0009003,Increased subcutaneous truncal adipose tissue,Increased fat below the skin in trunk,yes
HP:0009004,Hypoplasia of the musculature,Poorly developed skeletal musculature,yes
HP:0009005,Weakness of the intrinsic hand muscles,,no
HP:0009011,Hypoplasia of serratus anterior muscle,,no
HP:0009016,Upper limb muscle hypoplasia,Underdevelopment of upper limb muscles,yes
HP:0009017,Loss of gluteal subcutaneous adipose tissue,Loss of fat tissue below the skin in gluts,yes
HP:0009019,Progressive loss of facial adipose tissue,Facial fat wasting,yes
HP:0009020,Exercise-induced muscle fatigue,,no
HP:0009023,Abdominal wall muscle weakness,,no
HP:0009025,Increased connective tissue,,no
HP:0009026,Hypoplasia of latissimus dorsi muscle,,no
HP:0009027,Foot dorsiflexor weakness,Foot drop,yes
HP:0009028,Generalized weakness of limb muscles,,no
HP:0009031,Amyotrophy of ankle musculature,,no
HP:0009037,Segmental spinal muscular atrophy,,no
HP:0009045,Exercise-induced rhabdomyolysis,,no
HP:0009046,Difficulty running,Difficulty running,yes
HP:0009049,Peroneal muscle atrophy,,no
HP:0009050,Quadriceps muscle atrophy,Wasting of quad muscles,yes
HP:0009051,Increased muscle glycogen content,,no
HP:0009053,Distal lower limb muscle weakness,,no
HP:0009054,Scapuloperoneal myopathy,,no
HP:0009055,Generalized limb muscle atrophy,Generalized muscle wasting,yes
HP:0009056,Loss of subcutaneous adipose tissue from upper limbs,Loss of fat tissue below the skin from upper limbs,yes
HP:0009058,Increased muscle lipid content,Fat accumulation in muscle fibers,yes
HP:0009059,Congenital generalized lipodystrophy,,no
HP:0009060,Scapular muscle atrophy,,no
HP:0009063,Progressive distal muscle weakness,,no
HP:0009064,Generalized lipodystrophy,,no
HP:0009069,Lethal infantile mitochondrial myopathy,,no
HP:0009071,Inflammatory myopathy,,no
HP:0009072,Decreased Achilles reflex,,no
HP:0009073,Progressive proximal muscle weakness,,no
HP:0009077,Weakness of long finger extensor muscles,,no
HP:0009084,Midline notch of upper alveolar ridge,,no
HP:0009085,Alveolar ridge overgrowth,Increased size of gum ridge,yes
HP:0009087,Posteriorly placed tongue,Posteriorly placed tongue,yes
HP:0009088,Speech articulation difficulties,,no
HP:0009094,Cleft lower alveolar ridge,Cleft of lower gum ridge,yes
HP:0009098,Recurrent oral thrush,Chronic oral thrush,yes
HP:0009099,Median cleft palate,Central cleft palate,yes
HP:0009100,Thick anterior alveolar ridges,,no
HP:0009101,Submucous cleft lip,,no
HP:0009102,Anterior open-bite malocclusion,Absence of overlap of anterior upper and lower teeth,yes
HP:0009103,Aplasia/Hypoplasia involving the pelvis,,no
HP:0009104,Aplasia/Hypoplasia of the pubic bone,Absent/small pubic bones,yes
HP:0009106,Abnormal pelvis bone ossification,Abnormal maturation of the pelvis bone,yes
HP:0009107,Abnormal ossification involving the femoral head and neck,Abnormal maturation of thigh bone head and neck,yes
HP:0009108,Aplasia/Hypoplasia involving the femoral head and neck,Absent/small head and neck of thighbone,yes
HP:0009109,Denervation of the diaphragm,,no
HP:0009110,Diaphragmatic eventration,,no
HP:0009112,Aplasia of the left hemidiaphragm,,no
HP:0009113,Diaphragmatic weakness,Weak diaphragm,yes
HP:0009116,Aplasia/Hypoplasia involving bones of the skull,,no
HP:0009117,Aplasia/Hypoplasia of the maxilla,Underdevelopment of upper jaw bones,yes
HP:0009118,Aplasia/Hypoplasia of the mandible,,no
HP:0009119,Aplasia/Hypoplasia of the frontal sinuses,,no
HP:0009123,Mixed hypo- and hyperpigmentation of the skin,,no
HP:0009124,Abnormal adipose tissue morphology,Abnormality of adipose tissue,yes
HP:0009125,Lipodystrophy,Inability to make and keep healthy fat tissue,yes
HP:0009126,Increased adipose tissue,Increased adipose tissue,yes
HP:0009127,Abnormal appendicular muscle morphology,Abnormal limb muscles,yes
HP:0009129,Upper limb amyotrophy,,no
HP:0009130,Hand muscle atrophy,Hand muscle degeneration,yes
HP:0009134,Osteolysis involving bones of the feet,,no
HP:0009136,Duplication involving bones of the feet,Duplication involving bones of the feet,yes
HP:0009139,Osteolysis involving bones of the lower limbs,,no
HP:0009141,Depletion of mitochondrial DNA in muscle tissue,,no
HP:0009145,Abnormal cerebral artery morphology,Abnormality of cerebral artery,yes
HP:0009161,Aplasia/Hypoplasia of the middle phalanx of the 5th finger,Absent/small middle bone of pinky finger,yes
HP:0009162,Absent middle phalanx of 5th finger,Absent middle bone of little finger,yes
HP:0009164,Abnormal calcification of the carpal bones,Abnormal calcification of the wrist bones,yes
HP:0009177,Proximal fifth finger symphalangism,Fused innermost and middle bones of little finger,yes
HP:0009179,Deviation of the 5th finger,Displaced little finger,yes
HP:0009180,Ulnar deviation of the 5th finger,,no
HP:0009182,Triangular shaped middle phalanx of the 5th finger,Triangular shaped middle little finger bone,yes
HP:0009183,Joint contracture of the 5th finger,,no
HP:0009184,Contracture of the distal interphalangeal joint of the 5th finger,,no
HP:0009185,Contracture of the proximal interphalangeal joint of the 5th finger,,no
HP:0009189,Fragmented metacarpal epiphysis,Fragmentation of end part of the long bone of hand,yes
HP:0009190,Irregular epiphyses of the metacarpals,Irregular end part of the long bone of hand,yes
HP:0009193,Metacarpal pseudoepiphysis,,no
HP:0009196,Absent metacarpal epiphyses,Absent end part of the long bone of hand,yes
HP:0009226,Short proximal phalanx of the 5th finger,Short innermost pinkie finger bone,yes
HP:0009237,Short 5th finger,Short 5th finger,yes
HP:0009238,Aplasia of the 5th finger,Absent little finger,yes
HP:0009244,Distal fifth finger symphalangism,Fused end and middle bones of little finger,yes
HP:0009246,Aplasia of the distal phalanx of the 5th finger,Absent outermost little finger bone,yes
HP:0009274,Joint contracture of the 4th finger,,no
HP:0009276,Contracture of the proximal interphalangeal joint of the 4th finger,,no
HP:0009278,Ulnar deviation of the 4th finger,,no
HP:0009279,Radial deviation of the 4th finger,,no
HP:0009281,Aplasia of the 4th finger,Absent ring finger,yes
HP:0009290,Short distal phalanx of the 4th finger,Short outermost bone of ring finger,yes
HP:0009295,Short middle phalanx of the 4th finger,Short middle bone of 4th finger,yes
HP:0009324,Enlarged epiphysis of the middle phalanx of the 3rd finger,Enlarged end part of the middle bone of the middle finger,yes
HP:0009331,Triangular epiphysis of the middle phalanx of the 3rd finger,Triangular end part of the middle bone of the middle finger,yes
HP:0009349,Enlarged epiphysis of the proximal phalanx of the 3rd finger,Enlarged end part of innermost long bone of the middle finger,yes
HP:0009356,Triangular epiphysis of the proximal phalanx of the 3rd finger,Triangular end part of innermost long bone of the middle finger,yes
HP:0009370,Type A brachydactyly,,no
HP:0009371,Type A1 brachydactyly,,no
HP:0009372,Type A2 brachydactyly,Short index fingers and second toes,yes
HP:0009373,Type C brachydactyly,,no
HP:0009374,Broad phalanges of the 5th finger,Broad little finger bones,yes
HP:0009380,Finger aplasia,Absent fingers,yes
HP:0009381,Short finger,Short finger,yes
HP:0009417,Pseudoepiphyses of the 3rd finger,,no
HP:0009429,Aplasia of the distal phalanx of the 3rd finger,Absent of the outermost bone of the middle finger,yes
HP:0009436,Triangular shaped middle phalanx of the 3rd finger,Triangular shaped middle bone of the middle finger,yes
HP:0009439,Short middle phalanx of the 3rd finger,Short middle bone of middle finger,yes
HP:0009456,Triangular shaped proximal phalanx of the 3rd finger,Triangular shaped innermost bone of middle finger,yes
HP:0009460,Aplasia of the 3rd finger,Absent middle finger,yes
HP:0009461,Short 3rd finger,Short 3rd finger,yes
HP:0009462,Radial deviation of the 3rd finger,Inward turned middle finger,yes
HP:0009463,Ulnar deviation of the 3rd finger,,no
HP:0009464,Ulnar deviation of the 2nd finger,,no
HP:0009465,Ulnar deviation of finger,Finger bends toward pinky,yes
HP:0009466,Radial deviation of finger,,no
HP:0009467,Radial deviation of the 2nd finger,,no
HP:0009468,Deviation of the 2nd finger,Displaced index finger,yes
HP:0009471,Contracture of the proximal interphalangeal joint of the 3rd finger,,no
HP:0009473,Joint contracture of the hand,,no
HP:0009484,Deviation of the hand or of fingers of the hand,Displaced hand or fingers of the hand,yes
HP:0009486,Radial deviation of the hand,,no
HP:0009487,Ulnar deviation of the hand,,no
HP:0009495,Pseudoepiphysis of the 2nd finger,,no
HP:0009516,Enlarged epiphysis of the middle phalanx of the 2nd finger,Enlarged end part of the middle bone of the index finger,yes
HP:0009523,Triangular epiphysis of the middle phalanx of the 2nd finger,Triangular end part of the middle bone of the index finger,yes
HP:0009526,Cone-shaped epiphysis of the proximal phalanx of the 2nd finger,Cone-shaped end part of innermost long bone of index finger,yes
HP:0009527,Enlarged epiphysis of the proximal phalanx of the 2nd finger,Enlarged end part of innermost long bone of index finger,yes
HP:0009534,Triangular epiphysis of the proximal phalanx of the 2nd finger,Triangular end part of innermost long bone of index finger,yes
HP:0009536,Short 2nd finger,Short index finger,yes
HP:0009537,Flexion contracture of the 2nd finger,,no
HP:0009540,Contracture of the proximal interphalangeal joint of the 2nd finger,,no
HP:0009553,Abnormality of the hairline,Abnormality of the hairline,yes
HP:0009554,Preauricular hair displacement,Hair growing down to cheek,yes
HP:0009555,Hypoplasia of the pharynx,,no
HP:0009556,Absent tibia,Absent shankbone,yes
HP:0009565,Aplasia of the distal phalanx of the 2nd finger,Absent outermost index finger bone,yes
HP:0009566,Short distal phalanx of the 2nd finger,Short outermost bone of the index finger,yes
HP:0009568,Aplasia/Hypoplasia of the middle phalanx of the 2nd finger,Absent/small middle index finger bone,yes
HP:0009575,Triangular shaped middle phalanx of the 2nd finger,Triangular shaped middle bone of index finger,yes
HP:0009576,Absent middle phalanx of 2nd finger,Absent middle bone of index finger,yes
HP:0009577,Short middle phalanx of the 2nd finger,Short middle bone of index finger,yes
HP:0009587,Triangular shaped proximal phalanx of the 2nd finger,Triangular shaped innermost bone of index finger,yes
HP:0009588,Vestibular schwannoma,,no
HP:0009589,Bilateral vestibular schwannoma,,no
HP:0009590,Unilateral vestibular schwannoma,,no
HP:0009591,Abnormal vestibulocochlear nerve morphology,,no
HP:0009592,Astrocytoma,,no
HP:0009593,Peripheral schwannoma,,no
HP:0009594,Retinal hamartoma,,no
HP:0009596,Aplasia of the proximal phalanx of the 2nd finger,Absent innermost bone of index finger,yes
HP:0009597,Short proximal phalanx of the 2nd finger,,no
HP:0009600,Thumb contracture,,no
HP:0009601,Aplasia/Hypoplasia of the thumb,Absent/small thumb,yes
HP:0009602,Abnormality of thumb phalanx,Abnormality of the thumb bones,yes
HP:0009603,Deviation of the thumb,Abnormal thumb placement,yes
HP:0009606,Complete duplication of distal phalanx of the thumb,Complete duplication of outermost bone of the thumb,yes
HP:0009608,Complete duplication of proximal phalanx of the thumb,Complete duplication of the innermost bone of the thumb,yes
HP:0009611,Bifid distal phalanx of the thumb,Notched outermost bone of the thumb,yes
HP:0009616,Bifid first metacarpal,Notched first long bone of hand,yes
HP:0009617,Abnormality of the distal phalanx of the thumb,Abnormality of the outermost bone of the thumb,yes
HP:0009622,Distally placed thumb,,no
HP:0009623,Proximal placement of thumb,Attachment of thumb close to wrist,yes
HP:0009625,Metacarpophalangeal thumb joint contracture,,no
HP:0009626,Interphalangeal thumb joint contracture,,no
HP:0009638,Short proximal phalanx of thumb,,no
HP:0009640,First ray metacarpophalangeal synostosis,Fusion of the innermost bone of the thumb with the 1st long bone of hand,yes
HP:0009642,Broad distal phalanx of the thumb,Broad outermost bone of the thumb,yes
HP:0009644,Curved distal phalanx of the thumb,Curved outermost bone of the thumb,yes
HP:0009648,Triangular shaped distal phalanx of the thumb,Triangular shaped outermost bone of the thumb,yes
HP:0009650,Short distal phalanx of the thumb,Short outermost bone of the thumb,yes
HP:0009656,Thumb symphalangism,Fused thumb bones,yes
HP:0009658,Aplasia/Hypoplasia of the phalanges of the thumb,Absent/small thumb bones,yes
HP:0009659,Partial absence of thumb,Partial absence of thumb,yes
HP:0009660,Short phalanx of the thumb,Short thumb bone,yes
HP:0009662,Abnormality of the epiphysis of the distal phalanx of the thumb,Abnormality of the end part of the outermost bone of the thumb,yes
HP:0009684,Stippling of the epiphysis of the distal phalanx of the thumb,Speckled calcifications in the end part of the outermost thumb bone,yes
HP:0009693,Pseudoepiphysis of the thumb,,no
HP:0009697,Contracture of the distal interphalangeal joint of the fingers,,no
HP:0009700,Finger symphalangism,Fused finger bones,yes
HP:0009701,Metacarpal synostosis,Fused long bones of hand,yes
HP:0009702,Carpal synostosis,Fused wrist bones,yes
HP:0009704,Chronic CSF lymphocytosis,,no
HP:0009709,Increased CSF interferon alpha,,no
HP:0009710,Chilblains,,no
HP:0009711,Retinal capillary hemangioma,,no
HP:0009713,Spinal hemangioblastoma,,no
HP:0009714,Abnormal epididymis morphology,,no
HP:0009715,Papillary cystadenoma of the epididymis,,no
HP:0009716,Subependymal nodules,,no
HP:0009717,Cortical tubers,,no
HP:0009718,Subependymal giant-cell astrocytoma,,no
HP:0009719,Hypomelanotic macule,,no
HP:0009720,Adenoma sebaceum,,no
HP:0009721,Shagreen patch,,no
HP:0009722,Dental enamel pits,Dental enamel pits,yes
HP:0009723,Abnormal subungual morphology,,no
HP:0009724,Subungual fibromas,,no
HP:0009725,Bladder neoplasm,,no
HP:0009726,Renal neoplasm,Kidney cancer,yes
HP:0009727,Achromatic retinal patches,,no
HP:0009729,Cardiac rhabdomyoma,,no
HP:0009730,Rhabdomyoma,,no
HP:0009732,Plexiform neurofibroma,,no
HP:0009733,Glioma,,no
HP:0009734,Optic nerve glioma,,no
HP:0009735,Spinal neurofibroma,,no
HP:0009736,Tibial pseudarthrosis,,no
HP:0009737,Lisch nodules,,no
HP:0009738,Abnormal antihelix morphology,,no
HP:0009739,Hypoplasia of the antihelix,,no
HP:0009740,Aplasia of the parotid gland,,no
HP:0009741,Nephrosclerosis,Scarring of kidney arteries,yes
HP:0009742,Stiff shoulders,Stiff shoulders,yes
HP:0009743,Distichiasis,,no
HP:0009744,Abnormal spinal dura mater morphology,,no
HP:0009745,Spinal arachnoid cyst,,no
HP:0009746,Thick nasal septum,Broad nasal septum,yes
HP:0009747,Lumbosacral hirsutism,,no
HP:0009748,Large earlobe,Fleshy earlobe,yes
HP:0009751,Aplasia of the pectoralis major muscle,,no
HP:0009752,Cleft in skull base,Cleft in skull base,yes
HP:0009754,Fibrous syngnathia,,no
HP:0009755,Ankyloblepharon,Adhesion of eyelids,yes
HP:0009756,Popliteal pterygium,,no
HP:0009757,Intercrural pterygium,,no
HP:0009758,Pyramidal skinfold extending from the base to the top of the nails,,no
HP:0009760,Antecubital pterygium,,no
HP:0009761,Anterior clefting of vertebral bodies,,no
HP:0009762,Facial wrinkling,Facial wrinkling,yes
HP:0009763,Limb pain,Limb pain,yes
HP:0009765,Low hanging columella,,no
HP:0009767,Aplasia/Hypoplasia of the phalanges of the hand,,no
HP:0009768,Broad phalanges of the hand,Wide hand bones,yes
HP:0009771,Osteolytic defects of the phalanges of the hand,Breakdown of small bones of fingers,yes
HP:0009772,Patchy sclerosis of finger phalanx,Uneven increase in bone density in finger bone,yes
HP:0009774,Triangular shaped phalanges of the hand,Triangular shaped hand bones,yes
HP:0009775,Amniotic constriction ring,,no
HP:0009776,Adactyly,Absent fingers or toes,yes
HP:0009777,Absent thumb,Absent thumb,yes
HP:0009778,Short thumb,Short thumb,yes
HP:0009779,3-4 toe syndactyly,Webbed 3rd-4th toes,yes
HP:0009780,Iliac horns,,no
HP:0009781,Lester's sign,,no
HP:0009783,Biceps aplasia,Absent biceps,yes
HP:0009785,Triceps aplasia,Absent triceps,yes
HP:0009787,Aplasia/Hypoplasia of the quadriceps,Absent/small quadriceps,yes
HP:0009788,Quadriceps aplasia,Absent quads,yes
HP:0009789,Perianal abscess,,no
HP:0009790,Hemisacrum,,no
HP:0009791,Bifid sacrum,,no
HP:0009792,Teratoma,,no
HP:0009793,Presacral teratoma,,no
HP:0009794,Branchial anomaly,,no
HP:0009795,Branchial fistula,,no
HP:0009796,Branchial cyst,,no
HP:0009797,Cholesteatoma,,no
HP:0009798,Euthyroid goiter,,no
HP:0009802,Aplasia of the phalanges of the hand,Absent finger bone of the hand,yes
HP:0009803,Short phalanx of finger,Short finger bones,yes
HP:0009804,Tooth agenesis,Decreased number of teeth,yes
HP:0009805,Low-output congestive heart failure,,no
HP:0009806,Nephrogenic diabetes insipidus,,no
HP:0009810,Abnormality of upper limb joint,Abnormality of the joints of the upper limbs,yes
HP:0009811,Abnormality of the elbow,Abnormality of the elbow,yes
HP:0009812,Amelia involving the upper limbs,,no
HP:0009813,Upper limb phocomelia,,no
HP:0009814,Upper limb peromelia,,no
HP:0009815,Aplasia/hypoplasia of the extremities,Absent/small extremities,yes
HP:0009816,Lower limb undergrowth,Lower limb undergrowth,yes
HP:0009818,Amelia involving the lower limbs,,no
HP:0009820,Lower limb peromelia,,no
HP:0009821,Forearm undergrowth,Forearm undergrowth,yes
HP:0009824,Upper limb undergrowth,Short arms,yes
HP:0009826,Limb undergrowth,limb shortening,yes
HP:0009827,Amelia,,no
HP:0009828,Peromelia,,no
HP:0009829,Phocomelia,,no
HP:0009830,Peripheral neuropathy,,no
HP:0009831,Mononeuropathy,Single damaged nerve,yes
HP:0009832,Abnormal distal phalanx morphology of finger,Abnormality of the outermost finger bone,yes
HP:0009834,Abnormal proximal phalanx morphology of the hand,Abnormality of the innermost finger bones of the hand,yes
HP:0009835,Aplasia/Hypoplasia of the distal phalanges of the hand,Absent/small outermost finger bone of the hand,yes
HP:0009836,Broad distal phalanx of finger,Broad outermost finger bone,yes
HP:0009837,Bullet-shaped distal phalanges of the hand,Bullet-shaped outermost finger bone of the hand,yes
HP:0009838,Curved distal phalanges of the hand,Curved outermost finger bone of the hand,yes
HP:0009839,Osteolytic defects of the distal phalanges of the hand,,no
HP:0009843,Aplasia/Hypoplasia of the middle phalanges of the hand,Absent/small middle finger bone of the hand,yes
HP:0009844,Broad middle phalanx of finger,Broad middle finger bones,yes
HP:0009845,Bullet-shaped middle phalanges of the hand,,no
HP:0009852,Broad proximal phalanges of the hand,Broad innermost finger bones of the hand,yes
HP:0009875,Triangular shaped distal phalanges of the hand,Triangular shaped outermost bone of the hand,yes
HP:0009878,Cerebellar ataxia associated with quadrupedal gait,,no
HP:0009879,Simplified gyral pattern,,no
HP:0009881,Aplasia of distal finger phalanx,Absent outermost hand bone,yes
HP:0009882,Short distal phalanx of finger,Short outermost finger bone,yes
HP:0009884,Tapered distal phalanges of finger,Tapered outermost finger bone,yes
HP:0009886,Trichorrhexis nodosa,,no
HP:0009887,Abnormality of hair pigmentation,Abnormality of hair color,yes
HP:0009888,Abnormality of secondary sexual hair,Abnormality of secondary sexual hair,yes
HP:0009890,High anterior hairline,High frontal hairline,yes
HP:0009891,Underdeveloped supraorbital ridges,Flattened bony protrusion above eyes,yes
HP:0009892,Anotia,Absent ear,yes
HP:0009894,Thickened ears,Thickened ears,yes
HP:0009895,Abnormality of the crus of the helix,,no
HP:0009896,Abnormal antitragus morphology,,no
HP:0009897,Horizontal crus of helix,,no
HP:0009899,Prominent crus of helix,,no
HP:0009900,Unilateral deafness,Deafness in one ear,yes
HP:0009901,Crumpled ear,Crumpled ear,yes
HP:0009902,Cleft helix,,no
HP:0009904,Prominent ear helix,,no
HP:0009905,Thin ear helix,,no
HP:0009906,Aplasia/Hypoplasia of the earlobes,Absent/small ear lobes,yes
HP:0009907,Attached earlobe,Attached earlobe,yes
HP:0009908,Anterior creases of earlobe,Earlobe crease,yes
HP:0009909,Uplifted earlobe,"Lobe, uplifted",yes
HP:0009911,Abnormal temporal bone morphology,,no
HP:0009912,Abnormal tragus morphology,,no
HP:0009914,Cyclopia,Cyclops eye,yes
HP:0009916,Anisocoria,Asymmetric pupil sizes,yes
HP:0009917,Persistent pupillary membrane,,no
HP:0009918,Ectopia pupillae,Displaced pupil,yes
HP:0009919,Retinoblastoma,Retina tumor,yes
HP:0009921,Duane anomaly,,no
HP:0009924,Aplasia/Hypoplasia involving the nose,Decreased nasal size,yes
HP:0009926,Epiphora,Increased tears,yes
HP:0009927,Aplasia of the nose,Absent nose,yes
HP:0009928,Thick nasal alae,,no
HP:0009929,Abnormal columella morphology,,no
HP:0009930,Asymmetry of the nares,Asymmetry of nostrils,yes
HP:0009931,Enlarged naris,Broad nostril,yes
HP:0009932,Single naris,Mono nostril,yes
HP:0009933,Narrow naris,Collapsed nostrils,yes
HP:0009934,Supernumerary naris,Extra nostril,yes
HP:0009935,Aplasia/Hypoplasia of the nasal septum,Failure of development of nasal septum,yes
HP:0009937,Facial hirsutism,Excessive face hair,yes
HP:0009938,Sunken cheeks,Depressed cheeks,yes
HP:0009939,Mandibular aplasia,Absence of lower jaw bones,yes
HP:0009941,Asymmetry of the mouth,Asymmetry of the mouth,yes
HP:0009942,Duplication of thumb phalanx,,no
HP:0009943,Complete duplication of thumb phalanx,Complete duplication of thumb bones,yes
HP:0009944,Partial duplication of thumb phalanx,Partial duplication of the thumb bones,yes
HP:0009951,Partial duplication of the distal phalanx of the 2nd finger,Notched outermost bone of the index finger,yes
HP:0009959,Duplication of phalanx of 3rd finger,Duplication of middle finger bone,yes
HP:0009968,Partial duplication of the distal phalanx of the 3rd finger,Notched outermost bone of the middle finger,yes
HP:0009988,Duplication of the distal phalanx of the 5th finger,Duplication of the outermost little finger bone,yes
HP:0009997,Duplication of phalanx of hand,Duplication of finger bones,yes
HP:0010001,Complete duplication of the distal phalanges of the hand,Complete duplication of the outermost bones of the hand,yes
HP:0010011,Abnormal 3rd metacarpal morphology,Abnormality of the 3rd long bone of hand,yes
HP:0010013,Abnormal 5th metacarpal morphology,Abnormality of the 5th long bone of hand,yes
HP:0010017,Cone-shaped epiphysis of the 1st metacarpal,Cone-shaped end part of the 1st long bone of hand,yes
HP:0010022,Pseudoepiphysis of the 1st metacarpal,,no
HP:0010026,Aplasia/Hypoplasia of the 1st metacarpal,Absent/small 1st long bone of hand,yes
HP:0010034,Short 1st metacarpal,Shortened 1st long bone of hand,yes
HP:0010035,Aplasia of the 1st metacarpal,Absent 1st long bone of hand,yes
HP:0010037,Aplasia of the 2nd metacarpal,Absent 2nd long bone of hand,yes
HP:0010038,Short 2nd metacarpal,Shortened 2nd long bone of hand,yes
HP:0010040,Aplasia of the 3rd metacarpal,Absent 3rd long bone of hand,yes
HP:0010041,Short 3rd metacarpal,Shortened 3rd long bone of hand,yes
HP:0010043,Aplasia of the 4th metacarpal,Absent 4th long bone of hand,yes
HP:0010044,Short 4th metacarpal,Shortened 4th long bone of hand,yes
HP:0010046,Aplasia of the 5th metacarpal,Absent 5th long bone of hand,yes
HP:0010047,Short 5th metacarpal,Shortened 5th long bone of hand,yes
HP:0010048,Aplasia of metacarpal bones,Absent long bone of hand,yes
HP:0010049,Short metacarpal,Shortened long bone of hand,yes
HP:0010051,Deviation of the hallux,Displacement of big toe,yes
HP:0010052,Abnormal morphology of the proximal phalanx of the hallux,Abnormal innermost big toe bone,yes
HP:0010054,Abnormality of the first metatarsal bone,Abnormality of the 1st long bone of foot,yes
HP:0010055,Broad hallux,Broad big toe,yes
HP:0010058,Aplasia/Hypoplasia of the phalanges of the hallux,Absent/small big toe bone,yes
HP:0010059,Broad hallux phalanx,Broad bone of big toe,yes
HP:0010066,Duplication of phalanx of hallux,Duplication of big toe bone,yes
HP:0010068,Broad first metatarsal,Wide 1st long bone of foot,yes
HP:0010076,Aplasia/Hypoplasia of the distal phalanx of the hallux,Absent/small outermost big toe bone,yes
HP:0010077,Broad distal phalanx of the hallux,Broad outermost bone of big toe,yes
HP:0010078,Bullet-shaped distal phalanx of the hallux,Bullet-shaped outermost bone of big toe,yes
HP:0010084,Duplication of the distal phalanx of the hallux,Duplication of the outermost bone of big toe,yes
HP:0010086,Broad proximal phalanx of the hallux,Broad innermost bone of the big toe,yes
HP:0010091,Hallux symphalangism,Fused innermost bone of big toe,yes
HP:0010093,Duplication of the proximal phalanx of the hallux,Duplication of the innermost bone of big toe,yes
HP:0010097,Partial duplication of the distal phalanx of the hallux,Notched outermost bone of big toe,yes
HP:0010101,Partial duplication of the phalanges of the hallux,Partial duplication of big toe,yes
HP:0010103,Short distal phalanx of hallux,Small outermost bone of big toe,yes
HP:0010104,Absent first metatarsal,Absent 1st long bone of foot,yes
HP:0010105,Short first metatarsal,Short 1st long bone of foot,yes
HP:0010107,Short proximal phalanx of hallux,Short innermost big toe bone,yes
HP:0010109,Short hallux,Short big toe,yes
HP:0010111,Short phalanx of hallux,Hypoplastic phalanges of the hallux,yes
HP:0010112,Mesoaxial foot polydactyly,Central polydactyly of feet,yes
HP:0010164,Cone-shaped epiphyses of the toes,Cone-shaped end part of the toe bones,yes
HP:0010165,Enlarged epiphyses of the toes,Enlarged end part of the toe bones,yes
HP:0010168,Ivory epiphyses of the toes,Increased bone density of end part of the toes,yes
HP:0010171,Epiphyseal stippling of toe phalanges,Speckled calcifications in long toe bones,yes
HP:0010173,Aplasia/Hypoplasia of the phalanges of the toes,Absent/small toe bones,yes
HP:0010174,Broad phalanx of the toes,Wide toe bones,yes
HP:0010176,Curved toe phalanx,Curved toe bone,yes
HP:0010179,Toe symphalangism,Fused toe bones,yes
HP:0010182,Abnormal distal toe phalanx morphology,Abnormality of the outermost bone of the toes,yes
HP:0010185,Aplasia/Hypoplasia of the distal phalanges of the toes,Absent/small outermost bones of toe,yes
HP:0010186,Broad distal phalanx of the toes,Broad outermost bone of the toe,yes
HP:0010193,Duplication of distal phalanx of toe,Duplication of outermost bone of toe,yes
HP:0010194,Aplasia/Hypoplasia of the middle phalanges of the toes,Absent/small middle bones of toe,yes
HP:0010219,Structural foot deformity,,no
HP:0010228,Absent epiphyses of the phalanges of the hand,Absent end part of fingers,yes
HP:0010230,Cone-shaped epiphyses of the phalanges of the hand,Cone-shaped end part of finger bones,yes
HP:0010231,Enlarged epiphyses of the phalanges of the hand,Enlarged end part of finger bones,yes
HP:0010234,Ivory epiphyses of the phalanges of the hand,Increased bone density of end part of the hand bones,yes
HP:0010236,Small epiphyses of the phalanges of the hand,Small end part of finger bones,yes
HP:0010239,Aplasia of the middle phalanx of the hand,Absent middle bones of hand,yes
HP:0010241,Short proximal phalanx of finger,Short innermost finger bones,yes
HP:0010242,Aplasia of the proximal phalanges of the hand,Absent innermost bones,yes
HP:0010248,Cone-shaped epiphyses of the distal phalanges of the hand,Cone-shaped end part of the outermost hand bones,yes
HP:0010252,Ivory epiphyses of the distal phalanges of the hand,Increased bone density of end part of the outermost hand bones,yes
HP:0010255,Stippling of the epiphyses of the distal phalanges of the hand,Speckled calcifications in the end part of the outermost hand bones,yes
HP:0010259,Cone-shaped epiphyses of the middle phalanges of the hand,Cone-shaped end part of the middle hand bones,yes
HP:0010264,Pseudoepiphyses of the middle phalanges of the hand,,no
HP:0010270,Cone-shaped epiphyses of the proximal phalanges of the hand,Cone-shaped end part of the innermost hand bones,yes
HP:0010275,Pseudoepiphyses of the proximal phalanges of the hand,,no
HP:0010280,Stomatitis,Inflammation of the mouth,yes
HP:0010281,Cleft lower lip,Cleft lower lip,yes
HP:0010282,Thin lower lip vermilion,Decreased volume of lower lip,yes
HP:0010284,Intra-oral hyperpigmentation,Dark color of gums,yes
HP:0010285,Oral synechia,,no
HP:0010286,Abnormal salivary gland morphology,Abnormality of the salivary glands,yes
HP:0010287,Abnormality of the submandibular glands,,no
HP:0010288,Abnormality of the sublingual glands,,no
HP:0010289,Cleft maxillary alveolar ridge,Cleft of gum ridge,yes
HP:0010290,Short hard palate,,no
HP:0010291,Prominent palatine ridges,,no
HP:0010292,Absent uvula,,no
HP:0010293,Aplasia/Hypoplasia of the uvula,,no
HP:0010294,Palate fistula,Hole in roof of mouth,yes
HP:0010295,Aplasia/Hypoplasia of the tongue,,no
HP:0010296,Ankyloglossia,Tongue tied,yes
HP:0010297,Bifid tongue,Cleft tongue,yes
HP:0010298,Smooth tongue,Smooth surface of tongue,yes
HP:0010299,Abnormal dentin morphology,Abnormal dentin,yes
HP:0010300,Abnormally low-pitched voice,,no
HP:0010301,Spinal dysraphism,,no
HP:0010302,Spinal cord tumor,Spinal cord tumor,yes
HP:0010305,Absence of the sacrum,,no
HP:0010306,Short thorax,Shorter than typical length between neck and abdomen,yes
HP:0010307,Stridor,Noisy breathing,yes
HP:0010309,Bifid sternum,,no
HP:0010310,Chylothorax,,no
HP:0010311,Aplasia/Hypoplasia of the breasts,Absent/small breasts,yes
HP:0010313,Breast hypertrophy,,no
HP:0010314,Premature thelarche,Premature breast development,yes
HP:0010315,Aplasia/Hypoplasia of the diaphragm,Absent/small diaprhagm,yes
HP:0010316,Ebstein anomaly of the tricuspid valve,,no
HP:0010318,Aplasia/Hypoplasia of the abdominal wall musculature,Absent/small abdominal wall muscles,yes
HP:0010322,Abnormal fifth toe morphology,Abnormality of the little toe,yes
HP:0010326,Deviation of the 2nd toe,Displacement of the 2nd toe,yes
HP:0010327,Flexion contracture of the 2nd toe,,no
HP:0010331,Aplasia/Hypoplasia of the 3rd toe,Absent/small 3rd toe,yes
HP:0010339,Flexion contracture of the 4th toe,,no
HP:0010348,Broad phalanges of the 2nd toe,Broad bones of the 2nd toe,yes
HP:0010359,Aplasia/Hypoplasia of the phalanges of the 3rd toe,Absent/small bones of 3rd toe,yes
HP:0010371,Aplasia/Hypoplasia of the phalanges of the 4th toe,Absent/small bones of 4th toe,yes
HP:0010383,Aplasia/Hypoplasia of the phalanges of the 5th toe,Absent/small little toe bones,yes
HP:0010413,Aplasia/Hypoplasia of the distal phalanx of the 2nd toe,Absent/small outermost 2nd toe bone,yes
HP:0010432,Absent distal phalanx of the 2nd toe,Absent outermost bone of the 2nd toe,yes
HP:0010441,Ectopic accessory finger-like appendage,,no
HP:0010442,Polydactyly,More than five fingers or toes on hands or feet,yes
HP:0010443,Bifid femur,Notched thighbone,yes
HP:0010444,Pulmonic regurgitation,,no
HP:0010445,Primum atrial septal defect,,no
HP:0010446,Tricuspid stenosis,,no
HP:0010447,Anal fistula,,no
HP:0010448,Colonic atresia,,no
HP:0010450,Esophageal stenosis,Narrowing of the esophagus,yes
HP:0010451,Aplasia/Hypoplasia of the spleen,Absent/small spleen,yes
HP:0010452,Ectopia of the spleen,Abnormal spleen location,yes
HP:0010454,Acetabular spurs,,no
HP:0010455,Steep acetabular roof,,no
HP:0010458,Female pseudohermaphroditism,,no
HP:0010459,True hermaphroditism,,no
HP:0010460,Abnormality of the female genitalia,,no
HP:0010461,Abnormality of the male genitalia,Abnormal male genitals,yes
HP:0010463,Aplasia of the ovary,Absent ovary,yes
HP:0010464,Streak ovary,,no
HP:0010465,Precocious puberty in females,,no
HP:0010468,Aplasia/Hypoplasia of the testes,Absent/small testes,yes
HP:0010469,Absent testis,Absent testes,yes
HP:0010471,Oligosacchariduria,,no
HP:0010472,Abnormal circulating porphyrin concentration,,no
HP:0010473,Porphyrinuria,,no
HP:0010474,Bladder stones,,no
HP:0010475,Cloacal exstrophy,,no
HP:0010476,Aplasia/Hypoplasia of the bladder,Absent/small bladder,yes
HP:0010477,Aplasia of the bladder,Absent bladder,yes
HP:0010479,Patent urachus,,no
HP:0010480,Urethral fistula,,no
HP:0010481,Urethral valve,,no
HP:0010483,Amniotic constriction rings of arms,,no
HP:0010484,Hypertrophy of the upper limb,Increased size of upper limb,yes
HP:0010485,Hyperextensibility at elbow,,no
HP:0010486,Abnormality of the hypothenar eminence,,no
HP:0010487,Small hypothenar eminence,,no
HP:0010489,Absent palmar crease,Absent palm lines,yes
HP:0010490,Abnormal palmar crease morphology,Abnormality of the palm lines,yes
HP:0010491,Digital constriction ring,,no
HP:0010492,Osseous finger syndactyly,,no
HP:0010493,Long metacarpals,Elongated long bone of hand,yes
HP:0010494,Acromelia of the lower limbs,,no
HP:0010495,Amniotic constriction rings of legs,,no
HP:0010497,Sirenomelia,,no
HP:0010498,Bipartite patella,,no
HP:0010499,Patellar subluxation,Partial knee cap dislocation,yes
HP:0010500,Hyperextensibility of the knee,,no
HP:0010501,Limitation of knee mobility,Limitation of knee mobility,yes
HP:0010502,Fibular bowing,Bowed calf bone,yes
HP:0010503,Fibular duplication,Duplicated calf bone,yes
HP:0010505,Limitation of movement at ankles,,no
HP:0010506,Abnormal plantar dermatoglyphics,Abnormal prints on feet,yes
HP:0010508,Metatarsus valgus,,no
HP:0010509,Aplasia of the tarsal bones,Absent ankle bone,yes
HP:0010510,Hypermobility of toe joints,,no
HP:0010511,Long toe,Increased length of toes,yes
HP:0010512,Adrenal calcification,,no
HP:0010514,Hyperpituitarism,,no
HP:0010515,Aplasia/Hypoplasia of the thymus,Absent/small thymus,yes
HP:0010516,Thymus hyperplasia,Enlarged thymus,yes
HP:0010517,Ectopic thymus tissue,Abnormal thymus position,yes
HP:0010518,Thyroglossal cyst,,no
HP:0010519,Increased fetal movement,,no
HP:0010521,Gait apraxia,,no
HP:0010522,Dyslexia,Reading disability,yes
HP:0010523,Alexia,Text blindness,yes
HP:0010524,Disturbed sensory perception,,no
HP:0010525,Finger agnosia,,no
HP:0010526,Dysgraphia,,no
HP:0010527,Astereognosis,,no
HP:0010528,Prosopagnosia,Face blindness,yes
HP:0010529,Echolalia,Echoing another person's speech,yes
HP:0010530,Palatal tremor,,no
HP:0010531,Spinal myoclonus,,no
HP:0010532,Paroxysmal vertigo,,no
HP:0010533,Spasmus nutans,,no
HP:0010534,Transient global amnesia,,no
HP:0010535,Sleep apnea,Pauses in breathing while sleeping,yes
HP:0010536,Central sleep apnea,,no
HP:0010537,Wide cranial sutures,Large cranial suture,yes
HP:0010538,Small sella turcica,Small hypophyseal fossa,yes
HP:0010539,Thin calvarium,Thin cranial bone,yes
HP:0010540,Advanced pneumatization of cranial sinuses,,no
HP:0010541,Cutis gyrata of scalp,Furrows in thickened skin on top of scalp,yes
HP:0010542,Vestibular nystagmus,,no
HP:0010543,Opsoclonus,,no
HP:0010544,Vertical nystagmus,,no
HP:0010545,Downbeat nystagmus,,no
HP:0010546,Muscle fibrillation,Twitching,yes
HP:0010547,Muscle flaccidity,,no
HP:0010548,Percussion myotonia,,no
HP:0010549,Weakness due to upper motor neuron dysfunction,,no
HP:0010550,Paraplegia,Leg paralysis,yes
HP:0010553,Oculogyric crisis,,no
HP:0010554,Cutaneous finger syndactyly,Webbed fingers,yes
HP:0010557,Overlapping fingers,,no
HP:0010558,Abnormal clivus morphology,,no
HP:0010559,Vertical clivus,,no
HP:0010560,Undulate clavicle,Wavy collarbone,yes
HP:0010561,Undulate ribs,Wavy ribs,yes
HP:0010562,Keloids,,no
HP:0010564,Bifid epiglottis,,no
HP:0010565,Aplasia/Hypoplasia of the Epiglottis,,no
HP:0010566,Hamartoma,,no
HP:0010567,Y-shaped metatarsals,,no
HP:0010569,Elevated circulating 7-dehydrocholesterol concentration,,no
HP:0010571,Elevated circulating phytanic acid concentration,Elevated levels of phytanic acid,yes
HP:0010574,Abnormality of the epiphysis of the femoral head,Abnormality of the end part of the innermost thighbone,yes
HP:0010575,Dysplasia of the femoral head,Abnormality of femoral head development,yes
HP:0010576,Intracranial cystic lesion,,no
HP:0010579,Cone-shaped epiphysis,Cone-shaped end part of bone,yes
HP:0010580,Enlarged epiphyses,Large end part of bone,yes
HP:0010582,Irregular epiphyses,Irregular end part of long bone,yes
HP:0010583,Ivory epiphyses,Increased bone density in end part of bone,yes
HP:0010584,Pseudoepiphyses,,no
HP:0010585,Small epiphyses,Small end part of bone,yes
HP:0010588,Premature epimetaphyseal fusion,,no
HP:0010591,Abnormality of the proximal tibial epiphysis,Abnormality of the end part of innermost shankbone,yes
HP:0010593,Abnormal fibular epiphysis morphology,Abnormality of the end part of the calf bone,yes
HP:0010602,Type 2 muscle fiber predominance,,no
HP:0010603,Odontogenic keratocysts of the jaw,,no
HP:0010605,Chalazion,,no
HP:0010609,Skin tags,,no
HP:0010610,Palmar pits,,no
HP:0010612,Plantar pits,,no
HP:0010614,Fibroma,,no
HP:0010615,Angiofibromas,,no
HP:0010617,Cardiac fibroma,,no
HP:0010618,Ovarian fibroma,,no
HP:0010619,Fibroadenoma of the breast,,no
HP:0010620,Malar prominence,,no
HP:0010621,Cutaneous syndactyly of toes,Webbed skin of toes,yes
HP:0010622,Neoplasm of the skeletal system,Skeletal tumor,yes
HP:0010624,Aplastic/hypoplastic toenail,Absent/small toenails,yes
HP:0010625,Anterior pituitary dysgenesis,,no
HP:0010626,Anterior pituitary agenesis,Absent pituitary gland,yes
HP:0010627,Anterior pituitary hypoplasia,Underdeveloped pituitary gland,yes
HP:0010628,Facial palsy,Bell's palsy,yes
HP:0010630,Abnormal metatarsal epiphysis morphology,Abnormality of end part of long bone of foot,yes
HP:0010631,Abnormality of the epiphyses of the feet,Abnormality of the end part of the foot bone,yes
HP:0010632,Total anosmia,,no
HP:0010633,Partial anosmia,,no
HP:0010636,Schizencephaly,,no
HP:0010637,Conjunctival amyloidosis,,no
HP:0010638,Elevated alkaline phosphatase of hepatic origin,,no
HP:0010639,Elevated alkaline phosphatase of bone origin,Elevated alkaline phosphatase of bone origin,yes
HP:0010640,Abnormal nasal cavity morphology,,no
HP:0010644,Midnasal stenosis,,no
HP:0010645,Aplasia of the distal phalanges of the toes,Absent outermost bone of the toes,yes
HP:0010646,Cervical spine instability,,no
HP:0010647,Abnormal elasticity of skin,,no
HP:0010648,Dermal translucency,,no
HP:0010649,Flat nasal alae,,no
HP:0010650,Hypoplasia of the premaxilla,Hypoplasia of the primary palate bone,yes
HP:0010652,Abnormal dura mater morphology,,no
HP:0010653,Abnormality of the falx cerebri,,no
HP:0010654,Aplasia of the falx cerebri,,no
HP:0010655,Epiphyseal stippling,Speckled calcifications in end part of bone,yes
HP:0010656,Abnormal epiphyseal ossification,Abnormal maturation of the end part of a bone,yes
HP:0010657,Patchy reduction of bone mineral density,,no
HP:0010660,Abnormal hand bone ossification,Abnormal maturation of the hand bones,yes
HP:0010662,Abnormal diencephalon morphology,,no
HP:0010663,Abnormal thalamus morphology,,no
HP:0010664,Fusion of the left and right thalami,,no
HP:0010665,Bilateral coxa valga,,no
HP:0010667,Aplasia of the maxilla,Absence of upper jaw bones,yes
HP:0010668,Abnormal zygomatic bone morphology,Abnormality of the cheekbone,yes
HP:0010669,Hypoplasia of the zygomatic bone,Cheekbone underdevelopment,yes
HP:0010672,Abnormality of the third metatarsal bone,Abnormality of the 3rd long bone of foot,yes
HP:0010674,Abnormal curvature of the vertebral column,Abnormal curve of the backbone,yes
HP:0010675,Abnormal foot bone ossification,,no
HP:0010676,Mechanical ileus,,no
HP:0010677,Enuresis nocturna,,no
HP:0010679,Elevated tissue non-specific alkaline phosphatase,,no
HP:0010689,Mirror image polydactyly,,no
HP:0010691,Mirror image foot polydactyly,Mirror image duplication of toes,yes
HP:0010693,Pulverulent cataract,Pulverulent cataract,yes
HP:0010695,Sutural cataract,,no
HP:0010696,Polar cataract,,no
HP:0010698,Nuclear pulverulent cataract,,no
HP:0010701,Abnormal circulating immunoglobulin concentration,,no
HP:0010702,Increased circulating immunoglobulin concentration,Increased antibody level in blood,yes
HP:0010704,1-2 finger cutaneous syndactyly,Webbed 1st-2nd finger,yes
HP:0010705,4-5 finger cutaneous syndactyly,Webbed 4th-5th finger,yes
HP:0010707,1-4 finger cutaneous syndactyly,Webbed 1st-4th finger,yes
HP:0010708,1-5 finger cutaneous syndactyly,Webbed 1st-5th fingers,yes
HP:0010709,2-4 finger cutaneous syndactyly,Webbed index through ring fingers,yes
HP:0010711,1-2 toe syndactyly,Webbed first and second toes,yes
HP:0010712,1-4 toe syndactyly,Webbed first through fourth toes,yes
HP:0010713,1-5 toe syndactyly,Webbed 1st-5th toes,yes
HP:0010714,2-4 toe syndactyly,Webbed 2nd-4th toes,yes
HP:0010715,2-5 toe syndactyly,Webbed 2nd-5th toes,yes
HP:0010716,3-5 toe syndactyly,Webbed 3rd-5th toes,yes
HP:0010719,Abnormality of hair texture,Abnormality of hair consistency,yes
HP:0010720,Abnormal hair pattern,Abnormal distribution of hair,yes
HP:0010721,Abnormal hair whorl,Abnormal hair whorl,yes
HP:0010722,Asymmetry of the ears,Asymmetric ears,yes
HP:0010723,Cystic lesions of the pinnae,,no
HP:0010726,Prominent corneal nerve fibers,,no
HP:0010729,Cherry red spot of the macula,,no
HP:0010730,Double eyebrow,Double eyebrow,yes
HP:0010732,Nodular changes affecting the eyelids,Eyelid nodules,yes
HP:0010733,Naevus flammeus of the eyelid,Port-wine stain on eyelid,yes
HP:0010734,Fibrous dysplasia of bone,,no
HP:0010735,Polyostotic fibrous dysplasia,,no
HP:0010739,Osteopoikilosis,,no
HP:0010740,Osteopathia striata,,no
HP:0010741,Pedal edema,Fluid accumulation in lower limbs,yes
HP:0010742,Edema of the upper limbs,Fluid accumulation in upper limbs,yes
HP:0010743,Short metatarsal,Short long bone of foot,yes
HP:0010744,Absent metatarsal bone,Absent long bone of foot,yes
HP:0010746,Hypoplasia of the phalanges of the toes,Small toe bones,yes
HP:0010747,Medial flaring of the eyebrow,,no
HP:0010748,Ectopic lacrimal punctum,,no
HP:0010749,Blepharochalasis,,no
HP:0010750,Dermatochalasis,Baggy eyes,yes
HP:0010751,Dimple chin,Chin butt,yes
HP:0010752,Cleft mandible,Cleft lower jaw,yes
HP:0010754,Abnormality of the temporomandibular joint,Abnormality of the jaw joint,yes
HP:0010757,Aplasia of the premaxilla,Absence of the intermaxillary bone,yes
HP:0010759,Prominence of the premaxilla,Anterior position of the premaxilla,yes
HP:0010760,Absent toe,Absent toe,yes
HP:0010761,Broad columella,,no
HP:0010762,Chordoma,,no
HP:0010763,Low insertion of columella,,no
HP:0010764,Short eyelashes,Decreased length of eyelashes,yes
HP:0010765,Palmar hyperkeratosis,,no
HP:0010766,Ectopic calcification,,no
HP:0010767,Sacrococcygeal pilonidal abnormality,,no
HP:0010769,Pilonidal sinus,,no
HP:0010772,Anomalous pulmonary venous return,,no
HP:0010773,Partial anomalous pulmonary venous return,,no
HP:0010775,Vascular ring,,no
HP:0010776,Tracheobronchmegaly,,no
HP:0010780,Hyperacusis,,no
HP:0010781,Skin dimple,,no
HP:0010782,Shoulder dimple,,no
HP:0010783,Erythema,Redness of skin or mucous membrane,yes
HP:0010784,Uterine neoplasm,Uterine cancer,yes
HP:0010785,Gonadal neoplasm,,no
HP:0010786,Urinary tract neoplasm,,no
HP:0010787,Genital neoplasm,Genital tumor,yes
HP:0010788,Testicular neoplasm,Testicular cancer,yes
HP:0010789,Abnormality of the Leydig cells,,no
HP:0010790,Hypoplasia of the Leydig cells,,no
HP:0010791,Hyperplasia of the Leydig cells,,no
HP:0010793,Bifid nail,Notched nail,yes
HP:0010794,Impaired visuospatial constructive cognition,,no
HP:0010795,Cerebellar glioma,,no
HP:0010796,Brainstem glioma,,no
HP:0010797,Hemangioblastoma,,no
HP:0010798,Lip freckle,Lip freckle,yes
HP:0010799,Pinealoma,,no
HP:0010800,Absent cupid's bow,Absent cupid's bow,yes
HP:0010801,Underdeveloped nasolabial fold,,no
HP:0010802,Perioral hyperpigmentation,Darkening of skin around the mouth,yes
HP:0010803,Everted upper lip vermilion,Drooping upper lip,yes
HP:0010804,Tented upper lip vermilion,Tented mouth,yes
HP:0010805,Upturned corners of mouth,Upturned corners of mouth,yes
HP:0010806,U-Shaped upper lip vermilion,Carp-like mouth,yes
HP:0010807,Open bite,Absence of overlap of upper and lower teeth,yes
HP:0010808,Protruding tongue,Prominent tongue,yes
HP:0010809,Broad uvula,,no
HP:0010810,Long uvula,,no
HP:0010811,Narrow uvula,,no
HP:0010812,Short uvula,,no
HP:0010814,Abnormal position of hair whorl,Abnormal location of hair swirl,yes
HP:0010815,Nevus sebaceous,,no
HP:0010816,Epidermal nevus,,no
HP:0010817,Linear nevus sebaceous,,no
HP:0010818,Generalized tonic seizure,,no
HP:0010819,Atonic seizure,Sudden loss of muscle tone,yes
HP:0010820,Focal emotional seizure with crying,,no
HP:0010821,Focal emotional seizure with laughing,,no
HP:0010822,Scintillating scotoma,,no
HP:0010824,Abnormal fifth cranial nerve morphology,,no
HP:0010825,Abnormality of the eleventh cranial nerve,,no
HP:0010826,Abnormality of the twelfth cranial nerve,,no
HP:0010827,Abnormal seventh cranial physiology,,no
HP:0010828,Hemifacial spasm,Spasms on one side of the face,yes
HP:0010829,Impaired temperature sensation,Abnormality of temperature sensation,yes
HP:0010830,Impaired tactile sensation,Impaired touch sensation,yes
HP:0010831,Impaired proprioception,,no
HP:0010832,Abnormality of pain sensation,,no
HP:0010833,Spontaneous pain sensation,,no
HP:0010834,Trophic changes related to pain,,no
HP:0010835,Dissociated sensory loss,,no
HP:0010836,Abnormal circulating copper concentration,Abnormal copper levels,yes
HP:0010837,Decreased circulating ceruloplasmin concentration,Decreased serum ceruloplasmin,yes
HP:0010838,High nonceruloplasmin-bound serum copper,,no
HP:0010839,Increased urinary copper concentration,Increased urinary copper concentration,yes
HP:0010841,Multifocal epileptiform discharges,,no
HP:0010843,EEG with focal slow activity,,no
HP:0010844,EEG with multifocal slow activity,,no
HP:0010845,EEG with generalized slow activity,,no
HP:0010846,EEG with persistent abnormal rhythmic activity,,no
HP:0010848,EEG with spike-wave complexes (2.5-3.5 Hz),,no
HP:0010849,EEG with spike-wave complexes (>3.5 Hz),,no
HP:0010850,EEG with spike-wave complexes,,no
HP:0010851,EEG with burst suppression,,no
HP:0010852,EEG with photoparoxysmal response,,no
HP:0010853,EEG with periodic lateralized epileptiform discharges,,no
HP:0010856,EEG with periodic complexes,,no
HP:0010858,EEG with hyperventilation-induced epileptiform discharges,,no
HP:0010862,Delayed fine motor development,,no
HP:0010863,Receptive language delay,,no
HP:0010864,Severe intellectual disability,Early and severe mental retardation,yes
HP:0010865,Age-inappropriate oppositional behavior,,no
HP:0010866,Abdominal wall defect,Abdominal wall defect,yes
HP:0010867,Dyssynergia,,no
HP:0010871,Sensory ataxia,,no
HP:0010872,T-wave inversion,,no
HP:0010873,Cervical spinal cord atrophy,,no
HP:0010874,Tendon xanthomatosis,,no
HP:0010875,Chaddock reflex,,no
HP:0010876,Abnormal circulating protein concentration,Blood protein disease,yes
HP:0010878,Fetal cystic hygroma,,no
HP:0010880,Increased nuchal translucency,,no
HP:0010881,Abnormality of the umbilical cord,Umbilical cord issue,yes
HP:0010882,Pulmonary valve atresia,,no
HP:0010883,Aortic valve atresia,,no
HP:0010884,Acromelia,,no
HP:0010885,Avascular necrosis,Death of bone due to decreased blood supply,yes
HP:0010886,Osteochondritis dissecans,,no
HP:0010891,Morbus Scheuermann,,no
HP:0010895,Abnormal circulating glycine concentration,,no
HP:0010896,Hypersarcosinemia,High plasma sarcosine levels,yes
HP:0010897,Hypersarcosinuria,High urine sarcosine levels,yes
HP:0010900,Abnormal circulating threonine concentration,,no
HP:0010901,Abnormal circulating methionine concentration,,no
HP:0010903,Abnormal circulating glutamine concentration,,no
HP:0010904,Abnormal circulating histidine concentration,,no
HP:0010906,Hyperhistidinemia,High blood histidine level,yes
HP:0010909,Abnormal circulating arginine concentration,,no
HP:0010910,Hypervalinemia,High blood valine concentration,yes
HP:0010911,Hyperleucinemia,High blood leucine concentration,yes
HP:0010913,Hyperisoleucinemia,High blood isoleucine concentration,yes
HP:0010915,Abnormal circulating pyruvate family amino acid concentration,,no
HP:0010916,Abnormal circulating alanine concentration,,no
HP:0010917,Abnormal circulating tyrosine concentration,,no
HP:0010918,Abnormal circulating cysteine concentration,,no
HP:0010920,Zonular cataract,,no
HP:0010922,Membranous cataract,,no
HP:0010923,Anterior subcapsular cataract,,no
HP:0010924,Posterior cortical cataract,,no
HP:0010926,Aculeiform cataract,,no
HP:0010927,Abnormal circulating inorganic divalent cation concentration,,no
HP:0010931,Abnormal circulating sodium concentration,,no
HP:0010933,Hyperxanthinemia,,no
HP:0010934,Xanthinuria,,no
HP:0010935,Abnormality of the upper urinary tract,Abnormality of the upper urinary tract,yes
HP:0010936,Abnormality of the lower urinary tract,,no
HP:0010938,Abnormal external nose morphology,Abnormality of the external nose,yes
HP:0010939,Abnormal nasal bone morphology,Abnormality of the nasal bone,yes
HP:0010940,Aplasia/Hypoplasia of the nasal bone,,no
HP:0010941,Aplasia of the nasal bone,Absence of the nasal bone,yes
HP:0010942,Echogenic intracardiac focus,,no
HP:0010943,Echogenic fetal bowel,,no
HP:0010945,Fetal pyelectasis,,no
HP:0010946,Dilatation of the renal pelvis,,no
HP:0010951,Abnormal third ventricle morphology,,no
HP:0010952,Mild fetal ventriculomegaly,,no
HP:0010953,Noncommunicating hydrocephalus,,no
HP:0010954,Hypoplastic right ventricle,Underdeveloped right heart,yes
HP:0010955,Dilatation of the bladder,,no
HP:0010956,Fetal megacystis,,no
HP:0010957,Congenital posterior urethral valve,,no
HP:0010958,Bilateral renal agenesis,,no
HP:0010959,Congenital pulmonary airway malformation,,no
HP:0010963,Absence of stomach bubble on fetal sonography,,no
HP:0010965,Abnormal circulating phytanic acid concentration,,no
HP:0010967,Abnormal circulating carnitine concentration,,no
HP:0010969,Abnormality of glycolipid metabolism,,no
HP:0010970,Blood group antigen abnormality,,no
HP:0010971,Absence of Lutheran antigen on erythrocytes,,no
HP:0010972,Anemia of inadequate production,,no
HP:0010975,Abnormal total B cell count,,no
HP:0010976,Decreased total B cell count,Low B cell count,yes
HP:0010978,Abnormality of immune system physiology,,no
HP:0010980,Hyperlipoproteinemia,,no
HP:0010987,Abnormal cellular immune system morphology,,no
HP:0010989,Abnormality of the intrinsic pathway,,no
HP:0010990,Abnormality of the common coagulation pathway,,no
HP:0010992,Stress urinary incontinence,,no
HP:0010994,Abnormal corpus striatum morphology,,no
HP:0010997,Chromosomal breakage induced by ionizing radiation,,no
HP:0010998,Increased susceptibility to spontaneous sister chromatid exchange,,no
HP:0010999,Aplasia of the optic tract,Absent optic tract,yes
HP:0011001,Increased bone mineral density,Increased bone density,yes
HP:0011002,Osteopetrosis,"Harder, denser, fracture-prone bones",yes
HP:0011003,High myopia,Severe near sightedness,yes
HP:0011004,Abnormal systemic arterial morphology,,no
HP:0011012,Abnormal circulating polysaccharide concentration,,no
HP:0011013,Abnormal circulating carbohydrate concentration,,no
HP:0011014,Abnormal glucose homeostasis,,no
HP:0011015,Abnormal blood glucose concentration,,no
HP:0011020,Abnormality of mucopolysaccharide metabolism,,no
HP:0011021,Abnormal circulating enzyme concentration,,no
HP:0011024,Abnormality of the gastrointestinal tract,Abnormality of the gastrointestinal tract,yes
HP:0011025,Abnormal cardiovascular system physiology,,no
HP:0011026,Aplasia/Hypoplasia of the vagina,Absent/small vagina,yes
HP:0011027,Abnormal fallopian tube morphology,,no
HP:0011028,Abnormality of blood circulation,,no
HP:0011029,Internal hemorrhage,Internal bleeding,yes
HP:0011031,Abnormality of iron homeostasis,,no
HP:0011033,Impairment of fructose metabolism,,no
HP:0011034,Amyloid deposition,,no
HP:0011035,Abnormal renal cortex morphology,,no
HP:0011036,Abnormality of renal excretion,,no
HP:0011037,Decreased urine output,,no
HP:0011038,Abnormal renal tubular resorption,,no
HP:0011039,Abnormal helix morphology,,no
HP:0011040,Abnormal intrahepatic bile duct morphology,,no
HP:0011042,Abnormal circulating potassium concentration,,no
HP:0011043,Abnormal circulating adrenocorticotropin concentration,,no
HP:0011044,Abnormal number of permanent teeth,Abnormal number of adult teeth,yes
HP:0011050,Agenesis of permanent maxillary lateral incisor,,no
HP:0011051,Agenesis of premolar,Absence of premolar,yes
HP:0011052,Agenesis of maxillary premolar,Absence of upper premolar,yes
HP:0011053,Agenesis of mandibular premolar,Absence of lower premolar,yes
HP:0011054,Agenesis of molar,Absence of molar,yes
HP:0011055,Agenesis of permanent molar,Absence of adult molar,yes
HP:0011056,Agenesis of first permanent molar tooth,Absence of six year molar,yes
HP:0011057,Agenesis of second permanent molar,Absence of twelve year molar,yes
HP:0011060,Dentinogenesis imperfecta limited to primary teeth,,no
HP:0011062,Misalignment of incisors,Abnormality of alignment of incisors,yes
HP:0011063,Abnormal incisor morphology,Abnormality of shape of incisor,yes
HP:0011064,Abnormal number of incisors,Abnormal number of front teeth,yes
HP:0011065,Conical incisor,Cone shaped front tooth,yes
HP:0011067,Mesiodens,Extra tooth,yes
HP:0011068,Odontoma,,no
HP:0011069,Supernumerary tooth,Extra teeth,yes
HP:0011070,Abnormal molar morphology,Abnormal shape of molar tooth,yes
HP:0011071,Abnormal permanent molar morphology,Abnormality of shape of adult molar,yes
HP:0011072,Rootless teeth,Absence of tooth root,yes
HP:0011073,Abnormality of dental color,Abnormality of dental color,yes
HP:0011074,Localized hypoplasia of dental enamel,,no
HP:0011078,Abnormal canine tooth morphology,Abnormality of canine,yes
HP:0011079,Impacted tooth,Buried tooth,yes
HP:0011081,Incisor macrodontia,Increased size of incisor,yes
HP:0011082,Conical primary incisor,Cone shaped front baby tooth,yes
HP:0011084,Hypocalcification of dental enamel,Decreased enamel calcification,yes
HP:0011085,Hypomature dental enamel,Soft teeth,yes
HP:0011087,Talon cusp,Extra cusp on inside of front tooth,yes
HP:0011090,Fused teeth,Fused teeth,yes
HP:0011092,Mulberry molar,,no
HP:0011094,Increased overbite,Deep bite,yes
HP:0011095,Overjet,Buck teeth,yes
HP:0011096,Peripheral demyelination,,no
HP:0011097,Epileptic spasm,,no
HP:0011098,Speech apraxia,,no
HP:0011099,Spastic hemiparesis,,no
HP:0011100,Intestinal atresia,,no
HP:0011102,Ileal atresia,,no
HP:0011103,Abnormal left ventricular outflow tract morphology,,no
HP:0011106,Hypovolemia,Depleted blood volume,yes
HP:0011107,Recurrent aphthous stomatitis,Recurrent canker sores,yes
HP:0011108,Recurrent sinusitis,Recurrent sinus disease,yes
HP:0011109,Chronic sinusitis,Chronic sinus disease,yes
HP:0011110,Recurrent tonsillitis,Recurrent inflammation of tonsils,yes
HP:0011112,Abnormal circulating cytokine concentration,,no
HP:0011113,Abnormality of cytokine secretion,,no
HP:0011114,Defective production of NFKB1-dependent cytokines,,no
HP:0011116,Abnormal circulating interferon concentration,,no
HP:0011117,Abnormal circulating interleukin concentration,,no
HP:0011118,Abnormality of tumor necrosis factor secretion,,no
HP:0011120,Concave nasal ridge,Boxer's nasal deformity,yes
HP:0011121,Abnormal skin morphology,Abnormal skin structure,yes
HP:0011122,Abnormal skin physiology,Abnormality of skin physiology,yes
HP:0011123,Inflammatory abnormality of the skin,Inflammatory abnormality of the skin,yes
HP:0011124,Abnormal epidermal morphology,,no
HP:0011125,Abnormal dermal melanosome morphology,,no
HP:0011126,Nephroptosis,Floating kidney,yes
HP:0011127,Perioral eczema,Eczema around the mouth,yes
HP:0011129,Bilateral fetal pyelectasis,,no
HP:0011130,Abnormal renal calyx morphology,,no
HP:0011131,Perianal dermatitis,Perianal rash,yes
HP:0011132,Chronic furunculosis,,no
HP:0011133,Increased sensitivity to ionizing radiation,,no
HP:0011134,Low-grade fever,Low-grade fever,yes
HP:0011136,Aplasia of the sweat glands,Absent sweat glands,yes
HP:0011138,Abnormal skin adnexa morphology,Abnormal skin appendage,yes
HP:0011140,Gastrointestinal duplication,,no
HP:0011147,Typical absence seizure,,no
HP:0011149,Absence seizure with eyelid myoclonia,,no
HP:0011150,Myoclonic absence seizure,,no
HP:0011151,Atypical absence status epilepticus,,no
HP:0011152,Early onset absence seizures,,no
HP:0011153,Focal motor seizure,,no
HP:0011154,Focal autonomic seizure,,no
HP:0011157,Focal sensory seizure,,no
HP:0011158,Focal sensory seizure with auditory features,,no
HP:0011159,Focal autonomic seizure with epigastric sensation/nausea/vomiting/other gastrointestinal phenomena,,no
HP:0011161,Focal sensory seizure with olfactory features,,no
HP:0011163,Focal sensory seizure with somatosensory features,,no
HP:0011165,Focal sensory seizure with visual features,,no
HP:0011166,Focal myoclonic seizure,,no
HP:0011167,Focal tonic seizure,,no
HP:0011168,Focal seizure with eyelid myoclonia,,no
HP:0011169,Generalized clonic seizure,,no
HP:0011170,Generalized myoclonic-atonic seizure,,no
HP:0011171,Simple febrile seizure,,no
HP:0011172,Complex febrile seizure,,no
HP:0011174,Focal hyperkinetic seizure,,no
HP:0011181,Low voltage EEG,,no
HP:0011182,Interictal epileptiform activity,,no
HP:0011185,EEG with focal epileptiform discharges,,no
HP:0011188,Focal EEG discharges with secondary generalization,,no
HP:0011190,Uni- and bilateral multifocal epileptiform discharges,,no
HP:0011193,EEG with focal spikes,,no
HP:0011194,EEG with series of focal spikes,,no
HP:0011195,EEG with focal sharp slow waves,,no
HP:0011196,EEG with focal sharp waves,,no
HP:0011197,EEG with focal spike waves,,no
HP:0011198,EEG with generalized epileptiform discharges,,no
HP:0011199,EEG with generalized sharp slow waves,,no
HP:0011201,EEG with changes in voltage,,no
HP:0011203,EEG with abnormally slow frequencies,,no
HP:0011204,EEG with continuous slow activity,,no
HP:0011210,EEG with occipital slowing,,no
HP:0011215,Hemihypsarrhythmia,,no
HP:0011217,Abnormal shape of the occiput,Abnormal shape of posterior head,yes
HP:0011219,Short face,Decreased height of face,yes
HP:0011220,Prominent forehead,Bulging forehead,yes
HP:0011221,Vertical forehead creases,Frontal creases of face,yes
HP:0011222,Depressed glabella,Deficient area between the eyebrows,yes
HP:0011223,Metopic depression,Depression of frontal cranial suture,yes
HP:0011224,Ablepharon,Absent eyelids,yes
HP:0011225,Epiblepharon,,no
HP:0011227,Elevated circulating C-reactive protein concentration,,no
HP:0011228,Horizontal eyebrow,Flat eyebrow,yes
HP:0011229,Broad eyebrow,Broad eyebrow,yes
HP:0011230,Laterally extended eyebrow,,no
HP:0011231,Prominent eyelashes,Prominent eyelashes,yes
HP:0011232,Infra-orbital fold,,no
HP:0011234,Absent antihelix,,no
HP:0011235,Additional crus of antihelix,,no
HP:0011236,Angulated antihelix,,no
HP:0011240,Prominent stem of antihelix,,no
HP:0011245,Abnormality of superior crus of antihelix,,no
HP:0011246,Underdeveloped superior crus of antihelix,,no
HP:0011247,Prominent superior crus of antihelix,,no
HP:0011251,Underdeveloped antitragus,,no
HP:0011255,Absent crus of helix,,no
HP:0011261,Darwin tubercle of helix,,no
HP:0011265,Cleft earlobe,Cleft earlobe,yes
HP:0011266,"Microtia, first degree",,no
HP:0011267,"Microtia, third degree",Abnormal shape/structure of ear,yes
HP:0011268,Absent tragus,,no
HP:0011271,Prominent tragus,,no
HP:0011272,Underdeveloped tragus,,no
HP:0011273,Anisocytosis,Unequal size of red blood cells,yes
HP:0011274,Recurrent mycobacterial infections,,no
HP:0011275,Recurrent mycobacterium avium complex infections,,no
HP:0011276,Vascular skin abnormality,,no
HP:0011280,Abnormality of urine calcium concentration,,no
HP:0011281,Abnormality of urine catecholamine level,,no
HP:0011284,Short-segment aganglionic megacolon,,no
HP:0011285,Long-segment aganglionic megacolon,,no
HP:0011286,Total colonic aganglionosis,,no
HP:0011287,EEG with occipital sharp slow waves,,no
HP:0011289,EEG with temporal sharp slow waves,,no
HP:0011290,EEG with frontal sharp slow waves,,no
HP:0011291,EEG with central sharp slow waves,,no
HP:0011293,EEG with central sharp waves,,no
HP:0011295,EEG with parietal sharp waves,,no
HP:0011297,Abnormal digit morphology,Abnormality of fingers or toes,yes
HP:0011298,Prominent digit pad,Prominent digit pad,yes
HP:0011300,Broad fingertip,Broad fingertip,yes
HP:0011301,Absent foot,Absent foot,yes
HP:0011302,Long palm,Long palm,yes
HP:0011304,Broad thumb,Broad thumb,yes
HP:0011307,Splayed toes,Splayed toes,yes
HP:0011308,Slender toe,Narrow toe,yes
HP:0011309,Tapered toe,Tapered toe,yes
HP:0011310,Bridged palmar crease,Bridged palm line,yes
HP:0011313,Narrow nail,Narrow nail,yes
HP:0011314,Abnormal long bone morphology,Abnormal shape of long bone,yes
HP:0011315,Unicoronal synostosis,,no
HP:0011316,Left unicoronal synostosis,,no
HP:0011317,Right unicoronal synostosis,,no
HP:0011318,Bicoronal synostosis,,no
HP:0011320,Unilambdoid synostosis,,no
HP:0011321,Left unilambdoid synostosis,,no
HP:0011322,Right unilambdoid synostosis,,no
HP:0011323,Cleft of chin,Cleft of chin,yes
HP:0011324,Multiple suture craniosynostosis,,no
HP:0011325,Pansynostosis,,no
HP:0011326,Anterior plagiocephaly,Anterior flat head syndrome,yes
HP:0011327,Posterior plagiocephaly,,no
HP:0011328,Abnormal fontanelle morphology,,no
HP:0011329,Abnormality of cranial sutures,Abnormality of cranial sutures,yes
HP:0011330,Metopic synostosis,,no
HP:0011331,Hemifacial atrophy,Atrophy of half of face,yes
HP:0011332,Hemifacial hypoplasia,Decreased size of half of the face,yes
HP:0011333,Asymmetric crying face,Asymmetric crying face,yes
HP:0011334,Facial shape deformation,Distortion of facial shape,yes
HP:0011335,Frontal hirsutism,Hairy forehead,yes
HP:0011336,Bitemporal forceps marks,,no
HP:0011338,Abnormality of mouth shape,Abnormality of mouth shape,yes
HP:0011339,Abnormality of upper lip vermillion,Abnormality of the red part of the upper lip,yes
HP:0011340,Incomplete cleft of the upper lip,Incomplete cleft of the upper lip,yes
HP:0011341,Long upper lip,Elongation of upper lip,yes
HP:0011342,Mild global developmental delay,,no
HP:0011343,Moderate global developmental delay,,no
HP:0011344,Severe global developmental delay,,no
HP:0011347,Abnormality of ocular abduction,,no
HP:0011351,Moderate receptive language delay,,no
HP:0011352,Severe receptive language delay,,no
HP:0011353,Arterial intimal fibrosis,,no
HP:0011354,Generalized abnormality of skin,Generalised abnormality of skin,yes
HP:0011355,Localized skin lesion,Localized skin lesion,yes
HP:0011356,Regional abnormality of skin,,no
HP:0011358,Generalized hypopigmentation of hair,,no
HP:0011359,Dry hair,Dry hair,yes
HP:0011361,Congenital abnormal hair pattern,Abnormal hair pattern since birth,yes
HP:0011362,Abnormal hair quantity,Abnormal hair quantity,yes
HP:0011364,White hair,White hair,yes
HP:0011365,Patchy hypopigmentation of hair,,no
HP:0011367,Yellow nails,Yellow nails,yes
HP:0011368,Epidermal thickening,,no
HP:0011369,Mongolian blue spot,,no
HP:0011370,Recurrent cutaneous fungal infections,,no
HP:0011372,Aplasia of the inner ear,Absent inner ear,yes
HP:0011373,Incomplete partition of the cochlea,,no
HP:0011375,Cochlear aplasia,,no
HP:0011376,Abnormal morphology of the vestibule of the inner ear,,no
HP:0011379,Dilated vestibule of the inner ear,,no
HP:0011380,Abnormal semicircular canal morphology,,no
HP:0011381,Aplasia of the semicircular canal,,no
HP:0011382,Hypoplasia of the semicircular canal,,no
HP:0011384,Abnormality of the internal auditory canal,,no
HP:0011385,Absent internal auditory canal,,no
HP:0011386,Narrow internal auditory canal,,no
HP:0011387,Enlarged vestibular aqueduct,,no
HP:0011388,Enlarged cochlear aqueduct,,no
HP:0011389,Functional abnormality of the inner ear,Functional abnormality of the inner ear,yes
HP:0011390,Abnormal inner ear morphology,,no
HP:0011393,Aplasia of the vestibular nerve,,no
HP:0011395,Aplasia/Hypoplasia of the cochlea,Absent/small cochlea,yes
HP:0011397,Abnormal spinal cord dorsal column morphology,,no
HP:0011399,Tibialis anterior muscle atrophy,,no
HP:0011400,Abnormal CNS myelination,,no
HP:0011401,Delayed peripheral myelination,,no
HP:0011402,Demyelinating sensory neuropathy,,no
HP:0011403,Abnormal umbilical cord blood vessel morphology,,no
HP:0011405,Childhood onset short-limb short stature,,no
HP:0011406,Infancy onset short-trunk short stature,,no
HP:0011407,Proportionate tall stature,,no
HP:0011408,Moderate intrauterine growth retardation,,no
HP:0011409,Abnormal placental membrane morphology,,no
HP:0011410,Caesarean section,Caesarean section,yes
HP:0011412,Ventouse delivery,Vacuum extraction,yes
HP:0011413,Shoulder dystocia,,no
HP:0011414,Hydropic placenta,,no
HP:0011415,Calcified placenta,,no
HP:0011419,Placental abruption,,no
HP:0011423,Hyperchloremia,,no
HP:0011424,Increased serum zinc,,no
HP:0011427,Enlarged fetal cisterna magna,,no
HP:0011428,Short fetal femur length,Short fetal thigh bone length,yes
HP:0011431,Fetal fifth finger clinodactyly,Fetal little finger curvature,yes
HP:0011439,Anesthetic-induced rhabdomylosis,,no
HP:0011440,Alcohol-induced rhabdomyolysis,,no
HP:0011441,Abnormal medulla oblongata morphology,,no
HP:0011442,Abnormal central motor function,,no
HP:0011443,Abnormality of coordination,Abnormality of coordination,yes
HP:0011444,Decorticate rigidity,,no
HP:0011445,Athetoid cerebral palsy,,no
HP:0011446,Abnormality of mental function,,no
HP:0011447,Hyposegmentation of neutrophil nuclei,,no
HP:0011448,Ankle clonus,Abnormal rhythmic movements of ankle,yes
HP:0011449,Knee clonus,,no
HP:0011450,Unusual CNS infection,Central nervous system infection,yes
HP:0011451,Primary microcephaly,Small head present at birth,yes
HP:0011452,Functional abnormality of the middle ear,Functional abnormality of the middle ear,yes
HP:0011453,Abnormal incus morphology,,no
HP:0011454,Abnormal malleus morphology,,no
HP:0011455,Absent malleus,,no
HP:0011456,Absent stapes,,no
HP:0011457,Loss of eyelashes,Eyelashes fell out,yes
HP:0011458,Abdominal symptom,,no
HP:0011459,Esophageal carcinoma,,no
HP:0011466,Aplasia/Hypoplasia of the gallbladder,Absent/small gallbladder,yes
HP:0011467,Absent gallbladder,Absent gallbladder,yes
HP:0011468,Facial tics,Cramping of facial muscles,yes
HP:0011469,Nasal regurgitation,,no
HP:0011470,Nasogastric tube feeding in infancy,,no
HP:0011471,Gastrostomy tube feeding in infancy,,no
HP:0011472,Abnormal small intestinal villus morphology,,no
HP:0011473,Villous atrophy,,no
HP:0011474,Childhood onset sensorineural hearing impairment,,no
HP:0011476,Profound sensorineural hearing impairment,,no
HP:0011477,Upbeat nystagmus,,no
HP:0011478,True anophthalmia,Completely missing eyeball,yes
HP:0011480,Unilateral microphthalmos,Abnormally small eyeball on one side,yes
HP:0011481,Abnormal lacrimal duct morphology,,no
HP:0011482,Abnormal lacrimal gland morphology,,no
HP:0011483,Anterior synechiae of the anterior chamber,,no
HP:0011484,Posterior synechiae of the anterior chamber,,no
HP:0011487,Increased corneal thickness,,no
HP:0011488,Abnormal corneal endothelium morphology,,no
HP:0011489,Abnormal migration of corneal endothelium,,no
HP:0011490,Abnormal Descemet membrane morphology,,no
HP:0011491,Reduced number of corneal endothelial cells,,no
HP:0011493,Central opacification of the cornea,,no
HP:0011494,Generalized opacification of the cornea,,no
HP:0011495,Abnormal corneal epithelium morphology,,no
HP:0011496,Corneal neovascularization,New blood vessel formation in cornea,yes
HP:0011497,Rubeosis iridis,New blood vessel formation in iris,yes
HP:0011499,Mydriasis,Dilated pupil,yes
HP:0011500,Polycoria,Multiple pupils,yes
HP:0011501,Anterior lenticonus,,no
HP:0011502,Posterior lenticonus,,no
HP:0011504,Bull's eye maculopathy,,no
HP:0011505,Cystoid macular edema,,no
HP:0011506,Choroidal neovascularization,,no
HP:0011507,Macular flecks,,no
HP:0011508,Macular hole,,no
HP:0011509,Macular hyperpigmentation,,no
HP:0011510,Drusen,,no
HP:0011513,Retinal cavernous hemangioma,,no
HP:0011514,Abnormality of binocular vision,,no
HP:0011515,Abnormal stereopsis,,no
HP:0011516,Achromatopsia,,no
HP:0011521,Deuteranopia,Green-blind,yes
HP:0011522,Protanopia,Red-blind,yes
HP:0011523,Iris cyst,,no
HP:0011525,Iris nevus,Eye freckle,yes
HP:0011527,Lentiglobus,Bulging of eye lens,yes
HP:0011530,Retinal hole,,no
HP:0011531,Vitritis,,no
HP:0011532,Subretinal exudate,,no
HP:0011533,Snowflake vitreoretinal degeneration,,no
HP:0011534,Abnormal spatial orientation of the cardiac segments,,no
HP:0011535,Abnormal atrial arrangement,Abnormal location of heart atrium,yes
HP:0011536,Right atrial isomerism,,no
HP:0011537,Left atrial isomerism,,no
HP:0011538,Atrial situs inversus,,no
HP:0011539,Atrial situs ambiguous,,no
HP:0011540,Levotransposition of the great arteries,,no
HP:0011546,Abnormal atrioventricular connection,,no
HP:0011553,Discordant atrioventricular connection,,no
HP:0011555,Double inlet left ventricle,,no
HP:0011556,Double inlet right ventricle,,no
HP:0011560,Mitral atresia,,no
HP:0011563,Abnormal ventriculoarterial connection,,no
HP:0011565,Common atrium,,no
HP:0011567,Sinus venosus atrial septal defect,,no
HP:0011571,Parachute mitral valve,,no
HP:0011573,Hypoplastic tricuspid valve,,no
HP:0011575,Imperforate tricuspid valve,,no
HP:0011577,Partial atrioventricular canal defect,,no
HP:0011579,Unbalanced atrioventricular canal defect,,no
HP:0011580,Short chordae tendineae of the mitral valve,,no
HP:0011581,Double outlet left ventricle,,no
HP:0011582,Abdominal ectopia cordis,,no
HP:0011590,Double aortic arch,,no
HP:0011591,Left aortic arch with cervical origin of the right subclavian artery,,no
HP:0011596,Left aortic arch with right descending aorta and right ductus arteriosus,,no
HP:0011599,Mesocardia,,no
HP:0011603,Congenital malformation of the great arteries,,no
HP:0011604,Aortopulmonary window,,no
HP:0011611,Interrupted aortic arch,,no
HP:0011615,Abnormal pulmonary situs morphology,,no
HP:0011617,Pulmonary situs ambiguus,,no
HP:0011620,Abnormality of abdominal situs,,no
HP:0011621,Gerbode ventricular septal defect,,no
HP:0011623,Muscular ventricular septal defect,,no
HP:0011625,Multiple muscular ventricular septal defects,,no
HP:0011626,Scimitar anomaly,,no
HP:0011627,Aorto-ventricular tunnel,,no
HP:0011628,Congenital defect of the pericardium,,no
HP:0011629,Total absence of the pericardium,,no
HP:0011635,Partial diaphragmatic absence of pericardium,,no
HP:0011636,Abnormal coronary artery origin,,no
HP:0011638,Anomalous origin of left coronary artery from the pulmonary artery,,no
HP:0011639,Anomalous origin of right coronary artery from the pulmonary artery,,no
HP:0011640,Single coronary artery origin,,no
HP:0011641,Coronary artery fistula,,no
HP:0011643,Coronary sinus atrial septal defect,,no
HP:0011645,Dilatation of the sinus of Valsalva,,no
HP:0011646,Juxtaductal coarctation of the aorta,,no
HP:0011647,Postductal coarctation of the aorta,,no
HP:0011648,Patent ductus arteriosus after birth at term,,no
HP:0011649,Patent ductus arteriosus after premature birth,,no
HP:0011651,Double outlet right ventricle with doubly committed ventricular septal defect and pulmonary stenosis,,no
HP:0011658,Double outlet right ventricle with subpulmonary ventricular septal defect without pulmonary stenosis,,no
HP:0011660,Anomalous origin of one pulmonary artery from ascending aorta,,no
HP:0011661,Anomalous origin of left pulmonary artery from ascending aorta,,no
HP:0011662,Tricuspid atresia,,no
HP:0011663,Right ventricular cardiomyopathy,,no
HP:0011664,Left ventricular noncompaction cardiomyopathy,,no
HP:0011665,Takotsubo cardiomyopathy,Broken-heart syndrome,yes
HP:0011667,Bilateral superior vena cava with bridging vein,,no
HP:0011669,Left superior vena cava draining directly to the left atrium,,no
HP:0011670,Left superior vena cava draining to coronary sinus,,no
HP:0011671,Interrupted inferior vena cava with azygous continuation,,no
HP:0011672,Cardiac myxoma,,no
HP:0011675,Arrhythmia,Abnormal heart rate,yes
HP:0011679,Tetralogy of Fallot with pulmonary stenosis,,no
HP:0011680,Single ventricle of indeterminate morphology,,no
HP:0011681,Subarterial ventricular septal defect,,no
HP:0011682,Perimembranous ventricular septal defect,,no
HP:0011686,Abnormal coronary artery course,,no
HP:0011688,Supraventricular tachycardia with an accessory connection mediated pathway,,no
HP:0011695,Cerebellar hemorrhage,,no
HP:0011699,Atrial reentry tachycardia,,no
HP:0011700,Automatic atrial tachycardia,,no
HP:0011701,Multifocal atrial tachycardia,,no
HP:0011702,Abnormal electrophysiology of sinoatrial node origin,,no
HP:0011703,Sinus tachycardia,,no
HP:0011704,Sick sinus syndrome,,no
HP:0011705,First degree atrioventricular block,,no
HP:0011706,Second degree atrioventricular block,,no
HP:0011707,Mobitz I atrioventricular block,,no
HP:0011709,Atrioventricular dissociation,,no
HP:0011710,Bundle branch block,,no
HP:0011711,Left anterior fascicular block,,no
HP:0011712,Complete right bundle branch block,,no
HP:0011713,Left bundle branch block,,no
HP:0011714,Libman-Sacks lesions,,no
HP:0011715,Trifascicular block,,no
HP:0011716,Junctional ectopic tachycardia,,no
HP:0011717,Atrioventricular reentrant tachycardia,,no
HP:0011718,Abnormality of the pulmonary veins,Abnormality of lung veins,yes
HP:0011719,Supracardiac total anomalous pulmonary venous connection,,no
HP:0011720,Cardiac total anomalous pulmonary venous connection,,no
HP:0011721,Infracardiac total anomalous pulmonary venous connection,,no
HP:0011722,Mixed total anomalous pulmonary venous connection,,no
HP:0011726,Persistent fetal circulation,,no
HP:0011727,Peroneal muscle weakness,,no
HP:0011729,Abnormality of joint mobility,,no
HP:0011730,Abnormal central sensory function,,no
HP:0011731,Abnormality of circulating cortisol level,,no
HP:0011732,Abnormal adrenal morphology,,no
HP:0011733,Abnormality of adrenal physiology,,no
HP:0011734,Central adrenal insufficiency,,no
HP:0011735,Adrenocorticotropin deficient adrenal insufficiency,,no
HP:0011736,Primary hyperaldosteronism,,no
HP:0011739,Dexamethasone-suppressible primary hyperaldosteronism,,no
HP:0011740,Glucocortocoid-insensitive primary hyperaldosteronism,,no
HP:0011741,Secondary hyperaldosteronism,,no
HP:0011743,Adrenal gland agenesis,,no
HP:0011744,Secondary hypercortisolism,,no
HP:0011746,Secretory adrenocortical adenoma,,no
HP:0011747,Abnormality of the anterior pituitary,,no
HP:0011748,Adrenocorticotropic hormone deficiency,,no
HP:0011749,Adrenocorticotropic hormone excess,,no
HP:0011750,Neoplasm of the anterior pituitary,,no
HP:0011751,Abnormal posterior pituitary morphogenesis,,no
HP:0011752,Neoplasm of the posterior pituitary,,no
HP:0011754,Pituicytoma,,no
HP:0011755,Ectopic posterior pituitary,,no
HP:0011756,Posterior pituitary agenesis,,no
HP:0011757,Posterior pituitary hypoplasia,,no
HP:0011759,Pituitary gonadotropic cell adenoma,,no
HP:0011760,Pituitary growth hormone cell adenoma,,no
HP:0011761,Pituitary null cell adenoma,,no
HP:0011762,Pituitary thyrotropic cell adenoma,,no
HP:0011763,Pituitary carcinoma,,no
HP:0011766,Abnormal parathyroid morphology,,no
HP:0011771,Autoimmune hypoparathyroidism,,no
HP:0011772,Abnormal thyroid morphology,Abnormal shape of thyroid gland,yes
HP:0011779,Anaplastic thyroid carcinoma,,no
HP:0011780,Thyroid hemiagenesis,,no
HP:0011781,Thyroid C cell hyperplasia,,no
HP:0011784,Thyrotoxicosis with diffuse goiter,,no
HP:0011785,Thyrotoxicosis with toxic multinodular goiter,,no
HP:0011786,Thyrotoxicosis with toxic single thyroid nodule,,no
HP:0011787,Central hypothyroidism,,no
HP:0011788,Increased circulating free T3,,no
HP:0011789,Impaired sensitivity to thyroid stimulating hormone,,no
HP:0011790,Activating thyroid-stimulating hormone receptor defect,,no
HP:0011793,Neoplasm by anatomical site,,no
HP:0011798,Renal oncocytoma,,no
HP:0011799,Abnormality of facial soft tissue,Abnormality of facial soft tissue,yes
HP:0011800,Midface retrusion,Decreased projection of midface,yes
HP:0011801,Enlargement of parotid gland,,no
HP:0011802,Hamartoma of tongue,,no
HP:0011803,Bifid nose,Cleft nasal bridge,yes
HP:0011804,Abnormal muscle physiology,Issue with muscle function,yes
HP:0011805,Abnormal skeletal muscle morphology,Abnormally shaped muscle,yes
HP:0011807,Type 1 muscle fiber atrophy,,no
HP:0011808,Decreased patellar reflex,Decreased knee jerk reflex,yes
HP:0011809,Paradoxical myotonia,,no
HP:0011812,Agraphesthesia,,no
HP:0011813,Increased cerebral lipofuscin,,no
HP:0011814,Increased urinary hypoxanthine level,,no
HP:0011815,Cephalocele,,no
HP:0011816,Parietal encephalocele,,no
HP:0011817,Basal encephalocele,,no
HP:0011818,Nasofrontal encephalocele,,no
HP:0011819,Submucous cleft soft palate,,no
HP:0011821,Abnormal facial skeleton morphology,Abnormality of facial bones,yes
HP:0011822,Broad chin,Broad chin,yes
HP:0011823,Chin with horizontal crease,Chin with horizontal crease,yes
HP:0011824,Chin with H-shaped crease,Chin with H-shaped crease,yes
HP:0011825,Tented philtrum,,no
HP:0011829,Narrow philtrum,,no
HP:0011830,Abnormal oral mucosa morphology,Abnormality of lining of mouth,yes
HP:0011832,Narrow nasal tip,Narrow nasal tip,yes
HP:0011833,Overhanging nasal tip,Drooping nasal tip,yes
HP:0011834,Moyamoya phenomenon,,no
HP:0011835,Absent scaphoid,,no
HP:0011838,Sclerodactyly,,no
HP:0011839,Abnormal total T cell number,,no
HP:0011840,Abnormal T cell physiology,Impaired T cell function,yes
HP:0011841,Ventricular flutter,,no
HP:0011842,Abnormal skeletal morphology,Abnormally shaped skeletal,yes
HP:0011843,Abnormal musculoskeletal physiology,,no
HP:0011844,Abnormal appendicular skeleton morphology,,no
HP:0011847,Giant cell tumor of bone,,no
HP:0011848,Abdominal colic,,no
HP:0011849,Abnormal bone ossification,Abnormal bone maturation,yes
HP:0011850,Parotitis,,no
HP:0011852,Chylopericardium,,no
HP:0011854,Hemoperitoneum,,no
HP:0011855,Pharyngeal edema,Throat swelling,yes
HP:0011856,Pica,,no
HP:0011858,Reduced factor IX activity,,no
HP:0011859,Punctate keratitis,,no
HP:0011860,Metaphyseal dappling,,no
HP:0011861,Bilateral trilobed lung,,no
HP:0011864,Elevated plasma pyrophosphate,,no
HP:0011867,Abnormal iliac wing morphology,,no
HP:0011868,Sciatica,,no
HP:0011869,Abnormal platelet function,,no
HP:0011870,Impaired arachidonic acid-induced platelet aggregation,,no
HP:0011871,Impaired ristocetin-induced platelet aggregation,,no
HP:0011872,Impaired thrombin-induced platelet aggregation,,no
HP:0011873,Abnormal platelet count,,no
HP:0011875,Abnormal platelet morphology,Abnormal shape of platelets,yes
HP:0011876,Abnormal platelet volume,,no
HP:0011877,Increased mean platelet volume,Large platelets,yes
HP:0011879,Decreased platelet glycoprotein Ib-IX-V,,no
HP:0011880,Acute disseminated intravascular coagulation,,no
HP:0011883,Abnormal platelet granules,,no
HP:0011884,Abnormal umbilical stump bleeding,,no
HP:0011885,Hemorrhage of the eye,Bleeding from the eye,yes
HP:0011886,Hyphema,,no
HP:0011887,Choroid hemorrhage,,no
HP:0011888,Bleeding requiring red cell transfusion,Bleeding requiring red cell transfusion,yes
HP:0011889,Bleeding with minor or no trauma,Bleeding with minor or no trauma,yes
HP:0011890,Prolonged bleeding following procedure,Prolonged bleeding following procedure,yes
HP:0011891,Post-partum hemorrhage,Bleeding post-delivery,yes
HP:0011892,Decreased circulating vitamin K concentration,,no
HP:0011893,Abnormal leukocyte count,Abnormal white blood cell count,yes
HP:0011894,Impaired thromboxane A2 agonist-induced platelet aggregation,,no
HP:0011896,Subconjunctival hemorrhage,,no
HP:0011897,Increased total neutrophil count,Increased blood neutrophil counts,yes
HP:0011898,Abnormality of circulating fibrinogen,,no
HP:0011899,Hyperfibrinogenemia,,no
HP:0011900,Hypofibrinogenemia,,no
HP:0011901,Dysfibrinogenemia,,no
HP:0011902,Abnormal hemoglobin,,no
HP:0011903,HbH hemoglobin,,no
HP:0011904,Persistence of hemoglobin F,,no
HP:0011905,Reduced hemoglobin A,,no
HP:0011906,Reduced beta/alpha synthesis ratio,,no
HP:0011907,Reduced alpha/beta synthesis ratio,,no
HP:0011908,Unilateral radial aplasia,,no
HP:0011909,Flattened metacarpal heads,Flattened head of long bone of hand,yes
HP:0011910,Shortening of all phalanges of fingers,Shortening of all finger bones,yes
HP:0011911,Abnormal metacarpophalangeal joint morphology,Abnormality of the knuckle,yes
HP:0011912,Abnormality of the glenoid fossa,,no
HP:0011913,Lumbar hypertrichosis,,no
HP:0011914,Thoracic hypertrichosis,,no
HP:0011915,Cardiovascular calcification,,no
HP:0011916,Toe extensor amyotrophy,,no
HP:0011917,Short 5th toe,Short little toe,yes
HP:0011918,Clinodactyly of the 4th toe,Curvature of 4th toe,yes
HP:0011919,Pleural empyema,,no
HP:0011920,Transudative pleural effusion,,no
HP:0011922,Abnormal activity of mitochondrial respiratory chain,,no
HP:0011923,Decreased activity of mitochondrial complex I,,no
HP:0011924,Decreased activity of mitochondrial complex III,,no
HP:0011925,Decreased activity of mitochondrial ATP synthase complex,,no
HP:0011926,Proximal placement of hallux,,no
HP:0011927,Short digit,Short digit,yes
HP:0011929,Hypersegmentation of proximal phalanx of third finger,,no
HP:0011931,Abnormal cerebellar peduncle morphology,,no
HP:0011932,Abnormal superior cerebellar peduncle morphology,,no
HP:0011933,Elongated superior cerebellar peduncle,,no
HP:0011934,Dilatation of mesenteric artery,,no
HP:0011935,Decreased urinary urate,,no
HP:0011936,Decreased plasma total carnitine,Decreased plasma total carnitine,yes
HP:0011937,Hypoplastic fifth toenail,Small fifth toenail,yes
HP:0011939,3-4 finger cutaneous syndactyly,,no
HP:0011940,Anterior wedging of T12,,no
HP:0011942,Increased urinary sulfite level,,no
HP:0011943,Increased urinary thiosulfate,,no
HP:0011944,Small vessel vasculitis,,no
HP:0011945,Bronchiolitis obliterans organizing pneumonia,,no
HP:0011946,Bronchiolitis obliterans,,no
HP:0011947,Respiratory tract infection,Respiratory infection,yes
HP:0011948,Recurrent acute respiratory tract infection,Acute respiratory tract infection,yes
HP:0011949,Acute infectious pneumonia,,no
HP:0011950,Unusual bronchiolitis,,no
HP:0011951,Aspiration pneumonia,,no
HP:0011954,Nodular regenerative hyperplasia of liver,,no
HP:0011955,Hepatic granulomatosis,,no
HP:0011956,Intestinal lymphoid nodular hyperplasia,,no
HP:0011958,Retinal perforation,Retinal tear,yes
HP:0011959,Unilateral hypoplasia of pectoralis major muscle,Small pec muscle on one side,yes
HP:0011960,Substantia nigra gliosis,,no
HP:0011961,Non-obstructive azoospermia,,no
HP:0011962,Obstructive azoospermia,,no
HP:0011964,Intermittent painful muscle spasms,,no
HP:0011965,Abnormal circulating citrulline concentration,,no
HP:0011966,Elevated circulating citrulline concentration,,no
HP:0011967,Decreased circulating copper concentration,Copper deficiency,yes
HP:0011968,Feeding difficulties,Feeding difficulties,yes
HP:0011969,Elevated circulating luteinizing hormone level,,no
HP:0011970,Cerebral amyloid angiopathy,,no
HP:0011971,Dermatographic urticaria,Skin writing,yes
HP:0011972,Hypoglycorrhachia,Low glucose levels in cerebral spinal fluid,yes
HP:0011973,Paroxysmal lethargy,,no
HP:0011974,Myelofibrosis,,no
HP:0011976,Elevated urinary catecholamine level,Elevated urinary catecholamines,yes
HP:0011977,Elevated urinary homovanillic acid,,no
HP:0011978,Elevated urinary vanillylmandelic acid,,no
HP:0011979,Elevated urinary dopamine level,Elevated urinary dopamine,yes
HP:0011980,Cholesterol gallstones,,no
HP:0011981,Pigment gallstones,,no
HP:0011982,Black pigment gallstones,,no
HP:0011984,Atretic gallbladder,,no
HP:0011985,Acholic stools,Clay colored stools,yes
HP:0011986,Ectopic ossification,,no
HP:0011987,Ectopic ossification in muscle tissue,Calcification of muscle tissue,yes
HP:0011988,Ectopic ossification in tendon tissue,,no
HP:0011989,Ectopic ossification in ligament tissue,,no
HP:0011990,Abnormal neutrophil physiology,,no
HP:0011991,Abnormal total neutrophil count,,no
HP:0011992,Abnormal neutrophil morphology,,no
HP:0011993,Impaired neutrophil bactericidal activity,,no
HP:0011994,Abnormal atrial septum morphology,,no
HP:0011995,Atrial septal dilatation,,no
HP:0011996,Elevated coagulation factor V activity,,no
HP:0011997,Postprandial hyperlactemia,,no
HP:0011998,Postprandial hyperglycemia,,no
HP:0011999,Paranoia,Paranoia,yes
HP:0012000,EEG with generalized spikes,,no
HP:0012001,EEG with generalized polyspikes,,no
HP:0012002,Experiential epileptic aura,,no
HP:0012005,Deja vu aura,Deja vu,yes
HP:0012010,EEG with frontal focal spike waves,,no
HP:0012012,EEG with parietal focal spike waves,,no
HP:0012013,EEG with temporal focal spike waves,,no
HP:0012014,EEG with central focal spikes,,no
HP:0012015,EEG with frontal focal spikes,,no
HP:0012016,EEG with occipital focal spikes,,no
HP:0012017,EEG with parietal focal spikes,,no
HP:0012018,EEG with temporal focal spikes,,no
HP:0012019,Lens luxation,Completely dislocated lens,yes
HP:0012020,Right aortic arch,,no
HP:0012021,Persistent patent ductus venosus,,no
HP:0012022,Congenital portosystemic venous shunt,,no
HP:0012023,Galactosuria,Increased urinary galactose level,yes
HP:0012024,Hypergalactosemia,,no
HP:0012026,Hyperornithinemia,High blood ornithine levels,yes
HP:0012027,Laryngeal edema,,no
HP:0012028,Hepatocellular adenoma,,no
HP:0012030,Increased urinary cortisol level,High urine cortisol level,yes
HP:0012032,Lipoma,Fatty lump,yes
HP:0012033,Sacral lipoma,,no
HP:0012034,Liposarcoma,,no
HP:0012035,Steatocystoma multiplex,,no
HP:0012036,Sternocleidomastoid amyotrophy,,no
HP:0012037,Pectoralis amyotrophy,Wasting of pec muscles,yes
HP:0012038,Corneal guttata,,no
HP:0012039,Descemet Membrane Folds,,no
HP:0012040,Corneal stromal edema,,no
HP:0012041,Decreased fertility in males,Decreased fertility in males,yes
HP:0012042,Aspirin-induced asthma,Aspirin-induced asthma,yes
HP:0012043,Pendular nystagmus,,no
HP:0012044,Seesaw nystagmus,,no
HP:0012045,Retinal flecks,,no
HP:0012046,Areflexia of upper limbs,,no
HP:0012047,Hemeralopia,Day blindness,yes
HP:0012048,Oromandibular dystonia,,no
HP:0012049,Laryngeal dystonia,,no
HP:0012050,Anasarca,,no
HP:0012051,Reactive hypoglycemia,Low blood sugar after a meal,yes
HP:0012052,Decreased circulating calcitriol concentration,,no
HP:0012053,Decreased circulating calcifediol concentration,,no
HP:0012054,Choroidal melanoma,,no
HP:0012056,Cutaneous melanoma,,no
HP:0012059,Lentigo maligna melanoma,,no
HP:0012060,Acral lentiginous melanoma,,no
HP:0012061,Urinary excretion of sialylated oligosaccharides,,no
HP:0012062,Bone cyst,Bone cyst,yes
HP:0012063,Aneurysmal bone cyst,,no
HP:0012064,Unicameral bone cyst,,no
HP:0012065,Multiple bony cystic lesions,Multiple bony cystic lesions,yes
HP:0012066,Increased urinary disaccharide excretion,,no
HP:0012067,Glycopeptiduria,High urine glycopeptide levels,yes
HP:0012068,Aspartylglucosaminuria,High urine aspartylglucosamine levels,yes
HP:0012069,Keratan sulfate excretion in urine,,no
HP:0012070,Chondroitin sulfate excretion in urine,,no
HP:0012071,Abnormal circulating fatty acylcarnitine concentration,,no
HP:0012072,Aciduria,Acidic urine,yes
HP:0012073,Abnormal urinary acylglycine profile,,no
HP:0012074,Tonic pupil,,no
HP:0012075,Personality disorder,,no
HP:0012076,Borderline personality disorder,,no
HP:0012078,Motor conduction block,,no
HP:0012079,Abnormality of central motor conduction,,no
HP:0012081,Enlarged cerebellum,,no
HP:0012082,Cerebellar Purkinje layer atrophy,,no
HP:0012083,Ubiquitin-positive cerebral inclusion bodies,,no
HP:0012084,Abnormality of skeletal muscle fiber size,,no
HP:0012085,Pyuria,High urine neutrophil count,yes
HP:0012086,Abnormal urinary color,Abnormal urinary color,yes
HP:0012087,Abnormal mitochondrial shape,,no
HP:0012088,Abnormal urinary odor,Abnormal urinary odor,yes
HP:0012089,Arteritis,Inflammation of artery,yes
HP:0012090,Abnormal pancreas morphology,Abnormally shaped pancreas,yes
HP:0012091,Abnormality of pancreas physiology,,no
HP:0012092,Abnormality of exocrine pancreas physiology,,no
HP:0012093,Abnormality of endocrine pancreas physiology,,no
HP:0012095,Multiple joint dislocation,,no
HP:0012098,Edema of the dorsum of feet,,no
HP:0012099,Abnormal circulating catecholamine concentration,,no
HP:0012100,Abnormal circulating creatinine concentration,Abnormal blood creatinine level,yes
HP:0012101,Decreased serum creatinine,Decreased serum creatinine,yes
HP:0012103,Abnormality of the mitochondrion,,no
HP:0012104,Parietal cortical atrophy,,no
HP:0012105,Occipital cortical atrophy,,no
HP:0012106,Rhizomelic leg shortening,,no
HP:0012107,Increased fibular diameter,Wide calf bone,yes
HP:0012108,Open angle glaucoma,,no
HP:0012109,Angle closure glaucoma,,no
HP:0012110,Hypoplasia of the pons,,no
HP:0012112,Abnormal circulating corticosterone level,,no
HP:0012113,Abnormal circulating creatine concentration,Abnormality of creatine metabolism,yes
HP:0012114,Endometrial carcinoma,,no
HP:0012115,Hepatitis,Liver inflammation,yes
HP:0012116,Abnormal circulating albumin concentration,Abnormal albumin level,yes
HP:0012118,Laryngeal carcinoma,,no
HP:0012119,Methemoglobinemia,,no
HP:0012120,Methylmalonic aciduria,,no
HP:0012121,Panuveitis,,no
HP:0012122,Anterior uveitis,,no
HP:0012123,Posterior uveitis,,no
HP:0012124,Intermediate uveitis,,no
HP:0012125,Prostate cancer,,no
HP:0012126,Stomach cancer,,no
HP:0012127,Uraciluria,High urine uracil levels,yes
HP:0012128,Basal ganglia necrosis,,no
HP:0012129,Abnormality of bone marrow stromal cells,,no
HP:0012130,Abnormal erythroid lineage cell morphology,,no
HP:0012132,Erythroid hyperplasia,,no
HP:0012133,Erythroid hypoplasia,,no
HP:0012134,Dysplastic erythropoesis,,no
HP:0012135,Abnormal granulocytopoietic cell morphology,,no
HP:0012136,Dysplastic granulopoesis,,no
HP:0012137,Abnormal number of granulocyte precursors,,no
HP:0012138,Granulocytic hyperplasia,,no
HP:0012139,Granulocytic hypoplasia,,no
HP:0012142,Pancreatic squamous cell carcinoma,,no
HP:0012143,Abnormal megakaryocyte morphology,,no
HP:0012145,Abnormality of multiple cell lineages in the bone marrow,,no
HP:0012146,Abnormality of von Willebrand factor,,no
HP:0012147,Reduced quantity of Von Willebrand factor,,no
HP:0012148,Multiple lineage myelodysplasia,,no
HP:0012150,Single lineage myelodysplasia,,no
HP:0012151,Hemothorax,,no
HP:0012152,Foveoschisis,,no
HP:0012153,Hypotriglyceridemia,Low blood triglyceride levels,yes
HP:0012155,Decreased corneal sensation,,no
HP:0012156,Hemophagocytosis,,no
HP:0012157,Subcortical cerebral atrophy,,no
HP:0012158,Carotid artery dissection,,no
HP:0012159,Internal carotid artery dissection,,no
HP:0012163,Carotid artery dilatation,,no
HP:0012164,Asterixis,,no
HP:0012165,Oligodactyly,,no
HP:0012166,Skin-picking,,no
HP:0012167,Hair-pulling,,no
HP:0012168,Head-banging,,no
HP:0012169,Self-biting,,no
HP:0012170,Nail-biting,Nail-biting,yes
HP:0012171,Stereotypical hand wringing,,no
HP:0012172,Stereotypical body rocking,,no
HP:0012173,Orthostatic tachycardia,,no
HP:0012174,Glioblastoma multiforme,,no
HP:0012175,Resistance to activated protein C,,no
HP:0012176,Abnormal natural killer cell morphology,,no
HP:0012177,Abnormal natural killer cell physiology,,no
HP:0012179,Craniofacial dystonia,Abnormal craniofacial muscle tone,yes
HP:0012180,Cystic medial necrosis,,no
HP:0012181,Entrapment neuropathy,,no
HP:0012182,Oropharyngeal squamous cell carcinoma,,no
HP:0012183,Hyperplastic colonic polyposis,,no
HP:0012184,Elevated circulating HDL-C concentration,High blood HDL level,yes
HP:0012185,Constrictive median neuropathy,,no
HP:0012186,Entrapment neuropathy of the ulnar nerve at elbow,,no
HP:0012187,Increased erythrocyte protoporphyrin concentration,,no
HP:0012189,Hodgkin lymphoma,,no
HP:0012190,T-cell lymphoma,,no
HP:0012191,B-cell lymphoma,,no
HP:0012192,Cutaneous T-cell lymphoma,,no
HP:0012194,Episodic hemiplegia,,no
HP:0012195,Irregular respiration,,no
HP:0012196,Cheyne-Stokes respiration,,no
HP:0012197,Insulinoma,,no
HP:0012198,Juvenile colonic polyposis,,no
HP:0012199,Cluster headache,,no
HP:0012202,Increased serum bile acid concentration,,no
HP:0012203,Unusual fungal nail infection,,no
HP:0012204,Recurrent vulvovaginal candidiasis,,no
HP:0012205,Globozoospermia,,no
HP:0012207,Reduced sperm motility,Reduced sperm motility,yes
HP:0012208,Immotile sperm,,no
HP:0012209,Juvenile myelomonocytic leukemia,,no
HP:0012210,Abnormal renal morphology,Abnormally shaped kidney,yes
HP:0012211,Abnormal renal physiology,Abnormal kidney function,yes
HP:0012213,Decreased glomerular filtration rate,,no
HP:0012215,Testicular microlithiasis,,no
HP:0012217,Increased urinary porphobilinogen,,no
HP:0012219,Erythema nodosum,,no
HP:0012221,Pretibial blistering,,no
HP:0012222,Arachnoid hemangiomatosis,,no
HP:0012223,Splenic rupture,Ruptured spleen,yes
HP:0012224,Circulating immune complexes,,no
HP:0012225,Oligodontia of primary teeth,Decreased number of baby teeth,yes
HP:0012226,Ovarian teratoma,,no
HP:0012227,Urethral stricture,,no
HP:0012229,CSF pleocytosis,,no
HP:0012230,Rhegmatogenous retinal detachment,,no
HP:0012231,Serous retinal detachment,,no
HP:0012232,Shortened QT interval,,no
HP:0012233,Intramuscular hematoma,,no
HP:0012234,Absence of circulating granulocytes,,no
HP:0012236,Elevated sweat chloride,Elevated sweat chloride,yes
HP:0012237,Urocanic aciduria,High urine urocanic acid levels,yes
HP:0012238,Increased circulating chylomicron concentration,,no
HP:0012239,Atransferrinemia,,no
HP:0012240,Increased intramyocellular lipid droplets,,no
HP:0012241,Levator palpebrae superioris atrophy,,no
HP:0012242,Superior rectus atrophy,,no
HP:0012243,Abnormal reproductive system morphology,,no
HP:0012244,Abnormal sex determination,,no
HP:0012245,Sex reversal,,no
HP:0012246,Oculomotor nerve palsy,,no
HP:0012248,Prolonged PR interval,,no
HP:0012249,Abnormal ST segment,,no
HP:0012250,ST segment depression,,no
HP:0012251,ST segment elevation,,no
HP:0012252,Abnormal respiratory system morphology,,no
HP:0012254,Ewing sarcoma,,no
HP:0012255,Dynein arm defect of respiratory motile cilia,,no
HP:0012256,Absent outer dynein arms,,no
HP:0012257,Absent inner dynein arms,,no
HP:0012258,Abnormal axonemal organization of respiratory motile cilia,,no
HP:0012259,Absent inner and outer dynein arms,,no
HP:0012260,Abnormal central microtubular pair morphology of respiratory motile cilia,,no
HP:0012262,Abnormal ciliary motility,,no
HP:0012263,Immotile cilia,,no
HP:0012264,Absent central microtubular pair morphology of respiratory motile cilia,,no
HP:0012265,Ciliary dyskinesia,,no
HP:0012266,T-wave alternans,,no
HP:0012267,Absent respiratory ciliary axoneme radial spokes,,no
HP:0012269,Abnormal muscle glycogen content,,no
HP:0012270,Decreased muscle glycogen content,,no
HP:0012271,Episodic upper airway obstruction,,no
HP:0012272,J wave,,no
HP:0012276,Digital flexor tenosynovitis,Trigger finger,yes
HP:0012277,Hypoglycinemia,Low blood glycine levels,yes
HP:0012278,Abnormal circulating serine concentration,,no
HP:0012279,Hyposerinemia,Low blood serine levels,yes
HP:0012280,Hepatic amyloidosis,,no
HP:0012281,Chylous ascites,,no
HP:0012282,Morbilliform rash,,no
HP:0012283,Small distal femoral epiphysis,Small end part of outermost thighbone,yes
HP:0012284,Small proximal tibial epiphyses,Small end part of innermost shankbone,yes
HP:0012285,Abnormal hypothalamus physiology,,no
HP:0012286,Abnormal hypothalamus morphology,Abnormal shape of hypothalamus,yes
HP:0012287,Hypothalamic luteinizing hormone-releasing hormone deficiency,,no
HP:0012288,Neoplasm of head and neck,Head and neck tumor,yes
HP:0012289,Facial neoplasm,Face tumor,yes
HP:0012292,Fusion of gums,Fusion of gums,yes
HP:0012294,Abnormal occipital bone morphology,,no
HP:0012296,Slender distal phalanx of finger,Slender outermost bone of finger,yes
HP:0012297,Slender proximal phalanx of finger,Slender innermost bone of finger,yes
HP:0012299,Long distal phalanx of finger,Long outermost bone of finger,yes
HP:0012300,Ureteral agenesis,,no
HP:0012301,Type II transferrin isoform profile,,no
HP:0012302,HSV encephalitis,,no
HP:0012303,Abnormal aortic arch morphology,,no
HP:0012304,Hypoplastic aortic arch,Underdeveloped aortic arch,yes
HP:0012305,Coarctation of the descending aortic arch,,no
HP:0012307,Spatulate ribs,,no
HP:0012309,Cutaneous amyloidosis,,no
HP:0012310,Abnormal monocyte count,,no
HP:0012311,Increased total monocyte count,High blood monocyte number,yes
HP:0012312,Decreased total monocyte count,Low blood monocyte number,yes
HP:0012313,Heberden node,,no
HP:0012315,Histiocytoma,,no
HP:0012317,Sacroiliac arthritis,,no
HP:0012318,Occipital neuralgia,,no
HP:0012321,D-2-hydroxyglutaric aciduria,,no
HP:0012322,Perifolliculitis,,no
HP:0012324,Myeloid leukemia,,no
HP:0012325,Chronic myelomonocytic leukemia,,no
HP:0012328,Cementoma,,no
HP:0012329,Tufted angioma,,no
HP:0012330,Pyelonephritis,,no
HP:0012332,Abnormal autonomic nervous system physiology,,no
HP:0012333,Abnormal sudomotor regulation,,no
HP:0012334,Extrahepatic cholestasis,,no
HP:0012339,Increased resting energy expenditure,,no
HP:0012340,Decreased resting energy expenditure,,no
HP:0012343,Decreased circulating ferritin concentration,Decreased serum ferritin,yes
HP:0012344,Morphea,,no
HP:0012345,Abnormal glycosylation,,no
HP:0012347,Abnormal protein N-linked glycosylation,,no
HP:0012358,Abnormal protein O-linked glycosylation,,no
HP:0012363,Decreased sialylation of O-linked protein glycosylation,,no
HP:0012364,Decreased urinary potassium,,no
HP:0012365,Hypophosphaturia,,no
HP:0012366,Basilar invagination,,no
HP:0012368,Flat face,Flat face,yes
HP:0012370,Prominence of the zygomatic bone,Prominence of cheekbone,yes
HP:0012371,Hyperplasia of midface,Big midface,yes
HP:0012372,Abnormal eye morphology,Abnormal eye structure,yes
HP:0012373,Abnormal eye physiology,Abnormal eye physiology,yes
HP:0012375,Chemosis,,no
HP:0012376,Microphakia,Small lens,yes
HP:0012377,Hemianopia,,no
HP:0012378,Fatigue,Fatigue,yes
HP:0012379,Abnormal circulating enzyme concentration or activity,,no
HP:0012380,Reduced tissue carnitine O-palmitoyltransferase 2 activity,,no
HP:0012382,Left-to-right shunt,,no
HP:0012383,Bidirectional shunt,,no
HP:0012384,Rhinitis,Nasal inflammation,yes
HP:0012385,Camptodactyly,Permanent flexion of the finger or toe,yes
HP:0012386,Absent hallux,Absent big toe,yes
HP:0012387,Bronchitis,,no
HP:0012389,Appendicular hypotonia,,no
HP:0012390,Anal fissure,,no
HP:0012391,Hyporeflexia of upper limbs,,no
HP:0012393,Allergy,Allergy,yes
HP:0012397,Aortic atherosclerotic lesion,,no
HP:0012398,Peripheral edema,,no
HP:0012400,Abnormal circulating aldolase concentration,,no
HP:0012401,Abnormal urine alpha-ketoglutarate concentration,,no
HP:0012402,Increased urine alpha-ketoglutarate concentration,Increased urine alpha-ketoglutarate concentration,yes
HP:0012405,Hypocitraturia,,no
HP:0012406,Hypercitraturia,,no
HP:0012407,Scissor gait,Scissor gait,yes
HP:0012408,Medullary nephrocalcinosis,,no
HP:0012409,Cortical nephrocalcinosis,,no
HP:0012410,Pure red cell aplasia,,no
HP:0012411,Premature pubarche,Premature pubic hair growth,yes
HP:0012412,Premature adrenarche,,no
HP:0012413,Notched primary central incisor,Notched front baby tooth,yes
HP:0012415,Abnormal blood gas level,Abnormal blood gas level,yes
HP:0012416,Hypercapnia,High blood carbon dioxide level,yes
HP:0012417,Hypocapnia,Reduced carbon dioxide in the blood,yes
HP:0012418,Hypoxemia,Low blood oxygen level,yes
HP:0012419,Hyperoxemia,,no
HP:0012420,Meconium stained amniotic fluid,,no
HP:0012423,Colonic inertia,,no
HP:0012424,Chorioretinitis,,no
HP:0012425,Stercoral ulcer,Colon ulcer,yes
HP:0012426,Optic disc drusen,,no
HP:0012427,Increased femoral anteversion,Internally rotated hips,yes
HP:0012428,Prominent calcaneus,Prominent heel bone,yes
HP:0012429,Aplasia/Hypoplasia of the cerebral white matter,Absent/small cerebral white matter,yes
HP:0012430,Cerebral white matter hypoplasia,,no
HP:0012431,Episodic fatigue,,no
HP:0012432,Chronic fatigue,Chronic extreme exhaustion,yes
HP:0012433,Abnormal social behavior,Abnormal social behavior,yes
HP:0012434,Delayed early-childhood social milestone development,Delayed social development,yes
HP:0012435,Ventral shortening of foreskin,,no
HP:0012437,Abnormal gallbladder morphology,Abnormal gallbladder structure,yes
HP:0012440,Abnormal biliary tract morphology,,no
HP:0012443,Abnormal brain morphology,Abnormal shape of brain,yes
HP:0012444,Brain atrophy,Brain degeneration,yes
HP:0012446,Decreased CSF 5-methyltetrahydrofolate concentration,,no
HP:0012447,Abnormal myelination,,no
HP:0012448,Delayed myelination,,no
HP:0012449,Sacroiliac joint synovitis,,no
HP:0012450,Chronic constipation,Chronic constipation,yes
HP:0012452,Restless legs,Willis-Ekbom disease,yes
HP:0012453,Bilateral wrist flexion contracture,,no
HP:0012454,Unilateral wrist flexion contracture,,no
HP:0012457,Medial calcification of medium-sized arteries,,no
HP:0012462,Chin myoclonus,,no
HP:0012463,Elevated transferrin saturation,,no
HP:0012464,Decreased transferrin saturation,,no
HP:0012465,Elevated hepatic iron concentration,Increased iron concentration in liver,yes
HP:0012466,Chronic respiratory acidosis,,no
HP:0012468,Chronic acidosis,,no
HP:0012469,Infantile spasms,,no
HP:0012470,Setting-sun eye phenomenon,Eyes fixed downward,yes
HP:0012471,Thick vermilion border,Full lips,yes
HP:0012472,Eclabion,Outward turned lips,yes
HP:0012473,Tongue atrophy,Wasting of the tongue,yes
HP:0012474,Carotid artery occlusion,Obstructed carotid artery,yes
HP:0012475,Impaired specific antibody response,,no
HP:0012476,Decreased circulating specific pneumococcal antibody concentration,,no
HP:0012477,Vocal tremor,Shakey voice,yes
HP:0012478,Temporomandibular joint ankylosis,Adhesion of the temporomandibular joint,yes
HP:0012480,Abnormal cerebral vein morphology,,no
HP:0012483,Abnormal alpha granules,,no
HP:0012484,Abnormal dense granules,,no
HP:0012486,Myelitis,Inflammation of spinal cord,yes
HP:0012487,Cerebellopontine angle arachnoid cyst,,no
HP:0012488,Intraventricular arachnoid cyst,,no
HP:0012490,Panniculitis,Inflammation of fat tissue,yes
HP:0012492,Cerebral artery stenosis,Narrowing of a cerebral artery,yes
HP:0012493,Middle cerebral artery stenosis,,no
HP:0012494,Anterior cerebral artery stenosis,,no
HP:0012495,Posterior cerebral artery stenosis,,no
HP:0012496,Reduced maximal inspiratory pressure,,no
HP:0012497,Reduced maximal expiratory pressure,,no
HP:0012498,Nuchal cord,,no
HP:0012499,Descending aortic dissection,,no
HP:0012500,Verrucous papule,,no
HP:0012502,Abnormality of the internal capsule,,no
HP:0012503,Abnormal pituitary gland morphology,,no
HP:0012504,Abnormal size of pituitary gland,,no
HP:0012505,Enlarged pituitary gland,,no
HP:0012506,Small pituitary gland,,no
HP:0012507,Weakness of orbicularis oculi muscle,,no
HP:0012508,Metamorphopsia,,no
HP:0012510,Extra-axial cerebrospinal fluid accumulation,,no
HP:0012511,Temporal optic disc pallor,,no
HP:0012513,Upper limb pain,Upper limb pain,yes
HP:0012514,Lower limb pain,Leg pain,yes
HP:0012515,Hip flexor weakness,,no
HP:0012516,Tetralogy of Fallot with pulmonary atresia,,no
HP:0012517,Reduced circulating catalase activity,,no
HP:0012518,Abnormal circle of Willis morphology,,no
HP:0012520,Dilation of Virchow-Robin spaces,,no
HP:0012521,Optic nerve aplasia,,no
HP:0012522,Spider hemangioma,,no
HP:0012523,Oral aversion,,no
HP:0012524,Abnormal platelet shape,,no
HP:0012526,Absence of alpha granules,,no
HP:0012527,Abnormal alpha granule content,,no
HP:0012528,Abnormal number of alpha granules,,no
HP:0012529,Abnormal dense granule content,,no
HP:0012530,Abnormal number of dense granules,,no
HP:0012531,Pain,Pain,yes
HP:0012532,Chronic pain,Chronic pain,yes
HP:0012533,Allodynia,,no
HP:0012534,Dysesthesia,,no
HP:0012535,Abnormal synaptic transmission,,no
HP:0012537,Food intolerance,Food intolerance,yes
HP:0012538,Gluten intolerance,Gluten intolerance,yes
HP:0012539,Non-Hodgkin lymphoma,,no
HP:0012541,Cephalohematoma,,no
HP:0012542,Onychauxis,,no
HP:0012543,Hemosiderinuria,,no
HP:0012544,Elevated circulating aldolase concentration,,no
HP:0012545,Reduced circulating aldolase concentration,,no
HP:0012547,Abnormal involuntary eye movements,,no
HP:0012548,Fatty replacement of skeletal muscle,,no
HP:0012551,Absent neutrophil specific granules,,no
HP:0012553,Hypoplastic thumbnail,Small thumbnail,yes
HP:0012554,Absent thumbnail,,no
HP:0012555,Absent nail of hallux,Absent big toe nail,yes
HP:0012557,EEG with centrotemporal focal spike waves,,no
HP:0012559,Increased T3/T4 ratio,,no
HP:0012568,Lower eyelid edema,Fullness of lower eyelid,yes
HP:0012569,Delayed menarche,Delayed start of first period,yes
HP:0012572,Ureter duplex,,no
HP:0012573,Global proximal tubulopathy,,no
HP:0012574,Mesangial hypercellularity,,no
HP:0012575,Abnormal nephron morphology,,no
HP:0012576,Glomerular C3 deposition,,no
HP:0012577,Thin glomerular basement membrane,,no
HP:0012578,Membranous nephropathy,,no
HP:0012579,Minimal change glomerulonephritis,,no
HP:0012582,Bilateral renal dysplasia,,no
HP:0012583,Unilateral renal hypoplasia,Small kidney on one side,yes
HP:0012584,Bilateral renal hypoplasia,,no
HP:0012585,Renal atrophy,Kidney degeneration,yes
HP:0012586,Bilateral renal atrophy,,no
HP:0012587,Macroscopic hematuria,Bloody urine,yes
HP:0012588,Steroid-resistant nephrotic syndrome,,no
HP:0012590,Abnormal urine output,,no
HP:0012591,Abnormal urinary electrolyte concentration,,no
HP:0012592,Albuminuria,,no
HP:0012593,Nephrotic range proteinuria,,no
HP:0012594,Moderate albuminuria,High urine albumin levels,yes
HP:0012595,Mild proteinuria,,no
HP:0012596,Moderate proteinuria,,no
HP:0012597,Heavy proteinuria,Severely high blood protein levels,yes
HP:0012598,Abnormal urine potassium concentration,,no
HP:0012603,Abnormal urine sodium concentration,,no
HP:0012605,Hypernatriuria,,no
HP:0012606,Renal sodium wasting,,no
HP:0012608,Hypermagnesiuria,,no
HP:0012609,Hypomagnesiuria,Decreased urine magnesium,yes
HP:0012613,Increased urinary sulfate,,no
HP:0012614,Abnormal urine cytology,,no
HP:0012615,Cylindruria,,no
HP:0012617,Erythrocyte cylindruria,,no
HP:0012618,Urachal cyst,,no
HP:0012619,Multiple bladder diverticula,Multiple pouches in bladder wall,yes
HP:0012620,Cloacal abnormality,,no
HP:0012621,Persistent cloaca,,no
HP:0012622,Chronic kidney disease,Chronic kidney disease,yes
HP:0012623,Stage 1 chronic kidney disease,,no
HP:0012624,Stage 2 chronic kidney disease,,no
HP:0012625,Stage 3 chronic kidney disease,,no
HP:0012626,Stage 4 chronic kidney disease,Stage 4 chronic kidney disease,yes
HP:0012627,Pseudoexfoliation,,no
HP:0012628,Abnormal suspensory ligament of lens morphology,,no
HP:0012629,Phakodonesis,Trembling eye lens,yes
HP:0012631,Pigment deposition in the trabecular meshwork,,no
HP:0012632,Abnormal intraocular pressure,Abnormal eye pressure,yes
HP:0012633,Asymmetry of intraocular pressure,,no
HP:0012634,Iris pigment dispersion,,no
HP:0012635,Iris hypoperfusion,,no
HP:0012636,Retinal venous occlusion,,no
HP:0012637,Renal calcium wasting,Kidney Ca wasting,yes
HP:0012638,Abnormal nervous system physiology,,no
HP:0012639,Abnormal nervous system morphology,Abnormal shape of nervous system,yes
HP:0012642,Cerebellar agenesis,,no
HP:0012643,Foveal hypopigmentation,,no
HP:0012645,Enlarged peripheral nerve,,no
HP:0012646,Retractile testis,,no
HP:0012647,Abnormal inflammatory response,Abnormal inflammatory response,yes
HP:0012649,Increased inflammatory response,,no
HP:0012650,Perisylvian polymicrogyria,,no
HP:0012651,Abasia,,no
HP:0012658,Abnormal brain FDG positron emission tomography,,no
HP:0012660,Thalamic hypometabolism in FDG PET,,no
HP:0012662,Parietal hypometabolism in FDG PET,,no
HP:0012663,Mildly reduced left ventricular ejection fraction,,no
HP:0012664,Reduced left ventricular ejection fraction,,no
HP:0012665,Moderately reduced left ventricular ejection fraction,,no
HP:0012666,Severely reduced left ventricular ejection fraction,,no
HP:0012670,Orthostatic syncope,,no
HP:0012671,Abulia,,no
HP:0012672,Akinetic mutism,,no
HP:0012673,Aplasia of the upper vagina,Absent upper vagina,yes
HP:0012675,Iron accumulation in brain,Iron accumulation in brain,yes
HP:0012678,Iron accumulation in substantia nigra,,no
HP:0012679,Widened interpedicular distance,,no
HP:0012680,Abnormality of the pineal gland,,no
HP:0012683,Pineal cyst,,no
HP:0012685,Decreased pineal volume,,no
HP:0012686,Increased pineal volume,,no
HP:0012687,Agenesis of pineal gland,,no
HP:0012689,Abnormal pineal melatonin secretion,,no
HP:0012690,T2 hypointense thalamus,,no
HP:0012692,Focal T2 hyperintense thalamic lesion,,no
HP:0012695,Decreased thalamic volume,,no
HP:0012696,Abnormal thalamic MRI signal intensity,,no
HP:0012697,Small basal ganglia,,no
HP:0012698,Cerebellar gliosis,,no
HP:0012700,Abnormal large intestine physiology,,no
HP:0012701,Bowel urgency,,no
HP:0012702,Tenesmus,,no
HP:0012703,Abnormal subarachnoid space morphology,,no
HP:0012704,Widened subarachnoid space,,no
HP:0012705,Abnormal metabolic brain imaging by MRS,,no
HP:0012706,Elevated brain choline level by MRS,,no
HP:0012707,Elevated brain lactate level by MRS,,no
HP:0012708,Reduced brain N-acetyl aspartate level by MRS,,no
HP:0012709,Abnormal brain choline/creatine ratio by MRS,,no
HP:0012710,Ingrown nail,Ingrown nail,yes
HP:0012712,Mild hearing impairment,Mild hearing impairment,yes
HP:0012713,Moderate hearing impairment,Moderate hearing impairment,yes
HP:0012714,Severe hearing impairment,Severe deafness,yes
HP:0012715,Profound hearing impairment,Profound hearing impairment,yes
HP:0012717,Severe conductive hearing impairment,,no
HP:0012718,Abnormal gastrointestinal tract morphology,Abnormal shape of the digestive system,yes
HP:0012719,Functional abnormality of the gastrointestinal tract,,no
HP:0012720,Neoplasm of the nose,Nasal tumor,yes
HP:0012721,Venous malformation,,no
HP:0012722,Heart block,,no
HP:0012723,Sinoatrial block,,no
HP:0012724,Upper eyelid edema,Fullness of upper eyelid,yes
HP:0012725,Cutaneous syndactyly,,no
HP:0012726,Episodic hypokalemia,Recurrent low potassium,yes
HP:0012727,Thoracic aortic aneurysm,,no
HP:0012730,Aglossia,Failure of development of tongue,yes
HP:0012731,Ectopic anterior pituitary gland,,no
HP:0012732,Anorectal anomaly,,no
HP:0012733,Macule,"Flat, discolored area of skin",yes
HP:0012734,Ketotic hypoglycemia,,no
HP:0012735,Cough,Cough,yes
HP:0012736,Profound global developmental delay,,no
HP:0012738,Agenesis of canine,Absence of canine,yes
HP:0012740,Papilloma,,no
HP:0012741,Unilateral cryptorchidism,,no
HP:0012742,Thin fingernail,Thin fingernail,yes
HP:0012743,Abdominal obesity,Abdominal obesity,yes
HP:0012745,Short palpebral fissure,Short opening between the eyelids,yes
HP:0012746,Thin toenail,Thin toenail,yes
HP:0012747,Abnormal brainstem MRI signal intensity,,no
HP:0012748,Focal T2 hyperintense brainstem lesion,,no
HP:0012749,Focal T2 hypointense brainstem lesion,,no
HP:0012751,Abnormal basal ganglia MRI signal intensity,,no
HP:0012752,Focal T2 hypointense basal ganglia lesion,,no
HP:0012753,T2 hypointense basal ganglia,,no
HP:0012756,CSF polymorphonuclear pleocytosis,,no
HP:0012757,Abnormal neuron morphology,Abnormal neuron shape,yes
HP:0012758,Neurodevelopmental delay,,no
HP:0012759,Neurodevelopmental abnormality,,no
HP:0012760,Reduced social responsiveness,Poor social interactions,yes
HP:0012762,Cerebral white matter atrophy,,no
HP:0012763,Paroxysmal dyspnea,,no
HP:0012764,Orthopnea,,no
HP:0012765,Widened cerebellar subarachnoid space,,no
HP:0012766,Widened cerebral subarachnoid space,,no
HP:0012767,Abnormal placental size,,no
HP:0012768,Neonatal asphyxia,,no
HP:0012770,Reduced arm span,Reduced arm span,yes
HP:0012771,Increased arm span,Increased arm span,yes
HP:0012773,Reduced upper to lower segment ratio,,no
HP:0012774,Increased upper to lower segment ratio,,no
HP:0012775,Stellate iris,,no
HP:0012778,Retinal astrocytic hamartoma,,no
HP:0012779,Transient hearing impairment,,no
HP:0012785,Flexion contracture of finger,,no
HP:0012786,Recurrent cystitis,Recurrent bladder infections,yes
HP:0012787,Recurrent pyelonephritis,,no
HP:0012788,Reticulate pigmentation of oral mucosa,,no
HP:0012789,Hypoplasia of the calcaneus,Small heel bone,yes
HP:0012790,Abnormal intramembranous ossification,,no
HP:0012793,Kinked brainstem,,no
HP:0012794,Periventricular white matter hypodensities,,no
HP:0012795,Abnormal optic disc morphology,,no
HP:0012796,Increased cup-to-disc ratio,,no
HP:0012798,Pulmonary lymphangiomyomatosis,,no
HP:0012799,Unilateral facial palsy,Facial droop,yes
HP:0012801,Narrow jaw,Narrow jaw,yes
HP:0012802,Broad jaw,Broad jaw,yes
HP:0012803,Anisometropia,,no
HP:0012804,Corneal ulceration,,no
HP:0012805,Iris transillumination defect,,no
HP:0012806,Proboscis,,no
HP:0012808,Abnormal nasal base norphology,Abnormal nasal base,yes
HP:0012809,Narrow nasal base,Decreased width of base of nose,yes
HP:0012810,Wide nasal base,Broad base of nose,yes
HP:0012811,Wide nasal ridge,Broad nasal ridge,yes
HP:0012813,Unilateral breast hypoplasia,One underdeveloped breast,yes
HP:0012814,Bilateral breast hypoplasia,Two underdeveloped breasts,yes
HP:0012815,Hypoplastic female external genitalia,Underdeveloped female external genitalia,yes
HP:0012817,Noncompaction cardiomyopathy,,no
HP:0012819,Myocarditis,Inflammation of heart muscle,yes
HP:0012821,Unilateral vocal cord paresis,,no
HP:0012822,Bilateral vocal cord paresis,,no
HP:0012841,Retinal vascular tortuosity,,no
HP:0012842,Skin appendage neoplasm,,no
HP:0012844,Trichilemmoma,,no
HP:0012847,Epilepsia partialis continua,,no
HP:0012848,Small intestinal stenosis,Narrowing of small intestine,yes
HP:0012850,Small intestinal dysmotility,,no
HP:0012851,Colonic stenosis,Narrowing of the colon,yes
HP:0012852,Hepatic bridging fibrosis,,no
HP:0012853,Scrotal hypospadias,,no
HP:0012854,Midshaft hypospadias,,no
HP:0012855,Scrotal hyperpigmentation,,no
HP:0012856,Abnormal scrotal rugation,,no
HP:0012858,Decreased scrotal rugation,,no
HP:0012861,Ovotestis,,no
HP:0012863,Abnormal male germ cell morphology,,no
HP:0012864,Abnormal sperm morphology,Abnormal shape of sperm,yes
HP:0012865,Abnormal sperm head morphology,,no
HP:0012867,Abnormal sperm mid-piece morphology,,no
HP:0012868,Abnormal sperm tail morphology,,no
HP:0012869,Acephalic spermatozoa,,no
HP:0012870,Vanishing testis,Vanishing testis,yes
HP:0012871,Varicocele,,no
HP:0012872,Abnormal vas deferens morphology,,no
HP:0012873,Absent vas deferens,,no
HP:0012877,Retrograde ejaculation,,no
HP:0012881,Abnormal labia majora morphology,Abnormality of vaginal lips,yes
HP:0012882,Hyperplastic labia majora,,no
HP:0012886,Hemorrhagic ovarian cyst,,no
HP:0012887,Ovarian serous cystadenoma,,no
HP:0012888,Abnormal uterine cervix morphology,,no
HP:0012890,Posteriorly placed anus,,no
HP:0012892,Facial muscle hypertrophy,Increased size of facial muscles,yes
HP:0012893,Neck muscle hypertrophy,Increased size of neck muscles,yes
HP:0012894,Paraspinal muscle hypertrophy,,no
HP:0012896,Abnormal motor evoked potentials,,no
HP:0012898,Abnormal lower-limb motor evoked potentials,,no
HP:0012899,Handgrip myotonia,,no
HP:0012900,Myotonia of the face,,no
HP:0012901,Myotonia of the jaw,,no
HP:0012902,Myotonia of the lower limb,,no
HP:0012903,Myotonia of the upper limb,,no
HP:0012904,Cold-sensitive myotonia,,no
HP:0012905,Euryblepharon,,no
HP:0020002,Ileal stricture,,no
HP:0020003,Embryo developmental arrest,,no
HP:0020006,Ciliary body coloboma,,no
HP:0020020,Decreased CSF 5-hydroxyindoleacetic acid concentration,,no
HP:0020025,Hip flexion contracture,,no
HP:0020026,Positive Coombs test,,no
HP:0020035,Lower limb dysmetria,,no
HP:0020036,Upper limb dysmetria,,no
HP:0020037,Astasia,,no
HP:0020038,Vertebrobasilar dolichoectasia,,no
HP:0020041,Double elevator palsy,,no
HP:0020045,Esodeviation,,no
HP:0020046,Accommodative esotropia,,no
HP:0020049,Exodeviation,,no
HP:0020050,Anti-granulocyte-macrophage colony stimulating factor antibody positivity,,no
HP:0020059,Increased red blood cell count,,no
HP:0020061,Abnormal hemoglobin concentration,,no
HP:0020062,Decreased hemoglobin concentration,,no
HP:0020068,Intranuclear inclusion bodies,,no
HP:0020071,Viremia,,no
HP:0020072,Persistent EBV viremia,,no
HP:0020073,Hypopigmented macule,,no
HP:0020074,Crystalluria,,no
HP:0020078,Alaninuria,,no
HP:0020079,Beta-alaninuria,,no
HP:0020080,Erythrocyte inclusion bodies,,no
HP:0020081,Pappenheimer bodies,,no
HP:0020082,Heinz bodies,,no
HP:0020083,Furuncle,Boil,yes
HP:0020086,BCGitis,,no
HP:0020087,BCGosis,,no
HP:0020088,Post-vaccination measles,,no
HP:0020089,Post-vaccination rubella,,no
HP:0020090,Post-vaccination polio,,no
HP:0020096,Recurrent streptococcal infections,,no
HP:0020101,Invasive fungal infection,,no
HP:0020102,Pneumocystis jirovecii pneumonia,,no
HP:0020103,Invasive pulmonary aspergillosis,,no
HP:0020105,Severe Toxoplasma infection,,no
HP:0020109,Glomerular basement membrane duplication,,no
HP:0020110,Bone fracture,,no
HP:0020113,Decreased regulatory T cell proportion,,no
HP:0020114,Persistent human papillomavirus infection,,no
HP:0020116,Subcutaneous abscess,,no
HP:0020117,Hypoplastic dermoepidermal hemidesmosomes,,no
HP:0020119,Abnormal retinal nerve fiber layer morphology,,no
HP:0020120,Retinal nerve fiber edema,,no
HP:0020122,Bite cells,,no
HP:0020123,Tympanosclerosis,,no
HP:0020125,Spontaneous conjunctival filtering bleb,,no
HP:0020127,Periarticular soft-tissue mass,,no
HP:0020128,Aplasia of the olfactory tract,,no
HP:0020132,Thickening of the tubular basement membrane,,no
HP:0020135,Myofibromatosis,,no
HP:0020136,Anticardiolipin IgG antibody positivity,,no
HP:0020137,Anticardiolipin IgM antibody positivity,,no
HP:0020142,Blood pressure substantially higher in arms than legs,,no
HP:0020151,Anti-dsDNA antibody positivity,,no
HP:0020152,Distal joint hypermobility,,no
HP:0020155,Abnormal oocyte morphology,,no
HP:0020159,Reduced response to gonadotropin-releasing hormone stimulation test,,no
HP:0020161,Branch retinal artery occlusion,,no
HP:0020165,Branch retinal vein occlusion,,no
HP:0020166,Central retinal vein occlusion,,no
HP:0020169,Abnormal drug response,,no
HP:0020172,Adverse drug response,,no
HP:0020180,Elevated circulating haptoglobin concentration,,no
HP:0020181,Decreased circulating haptoglobin concentration,,no
HP:0020185,Superior cerebellar dysplasia,,no
HP:0020186,Multilobulated spleen,,no
HP:0020189,Posterior predominant thick cortex pachygyria,,no
HP:0020191,Anterior predominant thick cortex pachygyria,,no
HP:0020200,Increased circulating 18-hydroxycortisone level,,no
HP:0020202,Abnormal Z disk morphology,,no
HP:0020203,Z-band streaming,,no
HP:0020206,Simple ear,,no
HP:0020208,Eating-induced seizure,,no
HP:0020214,Startle-induced seizure,,no
HP:0020216,Visually-induced seizure,,no
HP:0020217,Focal aware motor seizure,,no
HP:0020219,Motor seizure,,no
HP:0020220,Focal atonic seizure,,no
HP:0020221,Clonic seizure,,no
HP:0020222,Hypohomocysteinemia,,no
HP:0020223,Dermal sinus tract,,no
HP:0020309,Ankle instability,,no
HP:0025005,Thickening of glomerular capillary wall,,no
HP:0025007,Ectopic fovea,,no
HP:0025010,Foveal atrophy,,no
HP:0025011,Pyriform aperture stenosis,,no
HP:0025012,Status cribrosum,,no
HP:0025013,Decerebrate rigidity,,no
HP:0025014,Subcutaneous spheroids,,no
HP:0025015,Abnormal vascular morphology,,no
HP:0025016,Abnormal capillary morphology,,no
HP:0025018,Abnormal capillary physiology,,no
HP:0025019,Arterial rupture,,no
HP:0025021,Abnormal erythrocyte sedimentation rate,Abnormal ESR,yes
HP:0025022,Decreased erythrocyte sedimentation rate,Low ESR,yes
HP:0025023,Rectal atresia,,no
HP:0025024,Megarectum,,no
HP:0025025,Rectovestibular fistula,,no
HP:0025027,Osteoma cutis,,no
HP:0025028,Abnormal enteric nervous system morphology,,no
HP:0025031,Abnormality of the digestive system,,no
HP:0025035,Abnormal proerythroblast morphology,,no
HP:0025040,Thalamic edema,,no
HP:0025041,Thalamic calcification,,no
HP:0025043,Enlarged mesenteric lymph node,,no
HP:0025044,Lung abscess,,no
HP:0025045,Abnormal brain lactate level by MRS,,no
HP:0025051,Reduced brain creatine level by MRS,,no
HP:0025053,Elevated brain N-acetyl aspartate level by MRS,,no
HP:0025058,Hypothalamic atrophy,,no
HP:0025059,Splenic abscess,,no
HP:0025062,Geophagia,,no
HP:0025064,Thalamic hemorrhage,,no
HP:0025065,Abnormal mean corpuscular volume,,no
HP:0025066,Decreased mean corpuscular volume,,no
HP:0025067,Recurrent sepsis,,no
HP:0025070,Abnormal U wave,,no
HP:0025072,Prominent U wave,,no
HP:0025074,Abnormal QRS complex,,no
HP:0025075,Increased QRS voltage,,no
HP:0025077,Decreased QRS voltage,,no
HP:0025080,Orthokeratotic hyperkeratosis,,no
HP:0025081,Darier's sign,,no
HP:0025082,Abnormal cutaneous elastic fiber morphology,,no
HP:0025084,Folliculitis,,no
HP:0025085,Bloody diarrhea,Blood in stool,yes
HP:0025086,Bloody mucoid diarrhea,,no
HP:0025088,Onychomadesis,,no
HP:0025090,Abnormal large intestinal mucosa morphology,,no
HP:0025092,Epidermal acanthosis,Thickening of upper layer of skin,yes
HP:0025097,Eyelid myoclonus,,no
HP:0025098,Dysgenesis of the hypothalamus,,no
HP:0025099,Dysgenesis of the thalamus,,no
HP:0025100,Abnormal hippocampus morphology,,no
HP:0025101,Dysgenesis of the hippocampus,,no
HP:0025102,Dysgenesis of the basal ganglia,,no
HP:0025103,Umbilicated nodule,,no
HP:0025104,Capillary malformation,,no
HP:0025107,Cutis marmorata telangiectatica congenita,,no
HP:0025109,Reduced red cell pyruvate kinase level,,no
HP:0025112,Auditory sensitivity,,no
HP:0025114,Hypergranulosis,,no
HP:0025115,Civatte bodies,,no
HP:0025116,Fetal distress,,no
HP:0025118,Lip discoloration,,no
HP:0025124,Fragile teeth,,no
HP:0025127,Actinic keratosis,,no
HP:0025128,Reduced intraabdominal adipose tissue,,no
HP:0025129,Abnormal small intestinal mucosa morphology,,no
HP:0025130,Decreased small intestinal mucosa lactase level,,no
HP:0025131,Finger swelling,,no
HP:0025132,Abnormal circulating estrogen level,,no
HP:0025133,Abnormal serum estradiol,,no
HP:0025134,Increased serum estradiol,,no
HP:0025139,Increased serum estrone,,no
HP:0025142,Constitutional symptom,,no
HP:0025143,Chills,Chills,yes
HP:0025144,Shivering,Shivering,yes
HP:0025145,Rigors,,no
HP:0025147,Beaten bronze macular sheen,,no
HP:0025148,Dark choroid,,no
HP:0025151,Ganglioneuromatosis,,no
HP:0025152,Poor visual behavior for age,,no
HP:0025156,Dependency on intravenous nutrition,,no
HP:0025158,Hyperautofluorescent retinal lesion,,no
HP:0025159,Hypoautofluorescent retinal lesion,,no
HP:0025160,Abnormal temper tantrums,,no
HP:0025161,Frequent temper tantrums,,no
HP:0025162,Severe temper tantrums,,no
HP:0025163,Abnormal optic chiasm morphology,,no
HP:0025164,Increased number of elastic fibers in the dermis,,no
HP:0025167,Fragmented elastic fibers in the dermis,,no
HP:0025168,Left ventricular diastolic dysfunction,,no
HP:0025169,Left ventricular systolic dysfunction,,no
HP:0025170,Neuronal/glioneuronal neoplasm of the central nervous system,,no
HP:0025174,Irregular septal thickening on pulmonary HRCT,,no
HP:0025175,Honeycomb lung,,no
HP:0025177,Peribronchovascular interstitial thickening,,no
HP:0025178,Subpleural interstitial thickening,,no
HP:0025179,Ground-glass opacification,,no
HP:0025180,Centrilobular ground-glass opacification on pulmonary HRCT,,no
HP:0025181,Abdominal aseptic abscess,,no
HP:0025183,Abnormal total CD4+ T cell number,,no
HP:0025186,Marcus Gunn jaw winking synkinesis,,no
HP:0025188,Retinal vasculitis,,no
HP:0025190,Bilateral tonic-clonic seizure with generalized onset,,no
HP:0025193,Posterolateral diaphragmatic hernia,,no
HP:0025194,Morgagni diaphragmatic hernia,,no
HP:0025195,Central diaphragmatic hernia,,no
HP:0025196,Increased total iron binding capacity,,no
HP:0025197,Inclusion body fibromatosis,,no
HP:0025201,Abnormal circulating apolipoprotein concentration,,no
HP:0025230,Tendonitis,,no
HP:0025232,Bursitis,,no
HP:0025233,Sleep paralysis,,no
HP:0025234,Parasomnia,,no
HP:0025235,NREM parasomnia,,no
HP:0025236,Sleep walking,Sleep walking,yes
HP:0025238,Foot pain,Foot pain,yes
HP:0025240,Preretinal hemorrhage,,no
HP:0025244,Sub-retinal pigment epithelium haemorrhage,,no
HP:0025245,Cutaneous cyst,Skin cyst,yes
HP:0025247,Dermoid cyst,,no
HP:0025248,Eruptive vellus hair cyst,,no
HP:0025249,Comedo,,no
HP:0025252,Geographic tongue,,no
HP:0025253,Claustrophobia,,no
HP:0025258,Stiff neck,Neck stiffness,yes
HP:0025259,Stiff elbow,Elbow stiffness,yes
HP:0025261,Stiff finger,Finger stiffness,yes
HP:0025262,Stiff hip,Hip stiffness,yes
HP:0025263,Stiff knee,Knee stiffness,yes
HP:0025264,Stiff ankle,Ankle stiffness,yes
HP:0025267,Snoring,,no
HP:0025268,Stuttering,Stammering,yes
HP:0025269,Panic attack,Panic attack,yes
HP:0025270,Abnormal esophagus physiology,,no
HP:0025271,Esophageal spasms,,no
HP:0025274,Ovarian dermoid cyst,,no
HP:0025278,Cold-induced sweating,,no
HP:0025289,Cervical lymphadenopathy,Swollen lymph nodes in the neck,yes
HP:0025300,Malar rash,,no
HP:0025309,Abnormal pupil shape,Irregular pupil,yes
HP:0025312,Esophoria,,no
HP:0025313,Exophoria,,no
HP:0025318,Ovarian carcinoma,,no
HP:0025321,Copper accumulation in liver,,no
HP:0025324,Arterial occlusion,,no
HP:0025325,Sparse medial eyebrow,,no
HP:0025326,Retinal arterial occlusion,,no
HP:0025328,Antepartum hemorrhage,,no
HP:0025329,Anti-glutamic acid decarboxylase antibody positivity,,no
HP:0025330,Downgaze palsy,,no
HP:0025331,Upgaze palsy,,no
HP:0025335,Delayed ability to stand,,no
HP:0025336,Delayed ability to sit,,no
HP:0025337,Red eye,Red eye,yes
HP:0025339,Superficial episcleral hyperemia,,no
HP:0025341,Corneal keratic precipitates,,no
HP:0025342,Central retinal artery occlusion,,no
HP:0025343,Lupus anticoagulant,,no
HP:0025344,Interlobular bile duct destruction,,no
HP:0025346,Elevated circulating beta-2-microglobulin concentration,,no
HP:0025347,Decreased circulating beta-2-microglobulin concentration,,no
HP:0025348,Abnormal corneal limbus morphology,,no
HP:0025349,Limbal edema,,no
HP:0025350,Giant conjunctival papillae,,no
HP:0025354,Abnormal cellular phenotype,,no
HP:0025355,Retinal arteriolar macroaneurysms,,no
HP:0025357,Erratic myoclonus,,no
HP:0025358,Uveal ectropion,,no
HP:0025361,Abnormal medullary pyramid morphology,,no
HP:0025363,Glomerular endocapillary hypercellularity,,no
HP:0025367,Trichoepithelioma,,no
HP:0025369,Thick growth plates,,no
HP:0025372,Loud snoring,,no
HP:0025373,Interictal EEG abnormality,,no
HP:0025376,Hyperglutaminuria,,no
HP:0025379,Anti-thyroid peroxidase antibody positivity,,no
HP:0025380,Increased circulating androstenedione concentration,,no
HP:0025383,Dorsocervical fat pad,Buffalo hump,yes
HP:0025386,Bitemporal hollowing,,no
HP:0025387,Pill-rolling tremor,,no
HP:0025388,Thyroid nodule,,no
HP:0025389,Pulmonary interstitial high-resolution computed tomography abnormality,,no
HP:0025390,Reticular pattern on pulmonary HRCT,,no
HP:0025391,Crazy paving pattern,,no
HP:0025392,Nodular pattern on pulmonary HRCT,,no
HP:0025393,Reticulonodular pattern on pulmonary HRCT,,no
HP:0025394,Cystic pattern on pulmonary HRCT,,no
HP:0025395,Combined cystic and ground-glass pattern on pulmonary HRCT,,no
HP:0025401,Staring gaze,,no
HP:0025402,Square-wave jerks,,no
HP:0025403,Stooped posture,,no
HP:0025404,Abnormal visual fixation,,no
HP:0025405,Visual fixation instability,,no
HP:0025406,Asthenia,Lack of energy and strength,yes
HP:0025407,Rectourethral fistula,,no
HP:0025408,Abnormal spleen morphology,,no
HP:0025409,Abnormal spleen physiology,,no
HP:0025416,Vaginal stricture,,no
HP:0025419,Pulmonary pneumatocele,,no
HP:0025420,Diffuse alveolar hemorrhage,,no
HP:0025421,Pneumomediastinum,,no
HP:0025423,Abnormal larynx morphology,,no
HP:0025425,Laryngospasm,,no
HP:0025426,Abnormal bronchus morphology,,no
HP:0025427,Abnormal bronchus physiology,,no
HP:0025429,Abnormal cry,,no
HP:0025430,High-pitched cry,,no
HP:0025431,Staccato cry,,no
HP:0025433,Decreased lecithin cholesterol acyl transferase level,,no
HP:0025434,Reduced circulating CH50 activity,,no
HP:0025435,Increased circulating lactate dehydrogenase concentration,,no
HP:0025436,Elevated serum 11-deoxycortisol,,no
HP:0025437,Macrozoospermia,,no
HP:0025439,Pharyngitis,,no
HP:0025441,Achilles tendon calcification,,no
HP:0025444,Reduced amygdala volume,,no
HP:0025447,Displacement of the papillary muscles,,no
HP:0025451,Testicular adrenal rest tumor,,no
HP:0025452,Pyoderma gangrenosum,,no
HP:0025455,Decreased CSF 5-hydroxyindolacetic acid concentration,,no
HP:0025456,Abnormal CSF protein concentration,,no
HP:0025458,Decreased CSF albumin concentration,,no
HP:0025459,Increased CSF/serum albumin ratio,,no
HP:0025460,High myoinositol in brain by MRS,,no
HP:0025461,Abnormal cell morphology,,no
HP:0025464,Increased reactive oxygen species production,,no
HP:0025466,Beta 2-microglobulinuria,,no
HP:0025473,Hyperpigmented papule,,no
HP:0025474,Erythematous plaque,,no
HP:0025475,Erythematous macule,,no
HP:0025476,Testicular lipomatosis,,no
HP:0025477,Periarticular calcification,,no
HP:0025478,Atrial standstill,,no
HP:0025479,Self-neglect,,no
HP:0025480,Lipomyelomeningocele,,no
HP:0025481,Cervical hemivertebrae,,no
HP:0025482,Positive perchlorate discharge test,,no
HP:0025483,Abnormal circulating thyroglobulin concentration,,no
HP:0025484,Elevated circulating thyroglobulin concentration,,no
HP:0025486,Fused labia majora,,no
HP:0025487,Abnormal bladder morphology,,no
HP:0025488,Detrusor sphincter dyssynergia,,no
HP:0025489,Bladder duplication,,no
HP:0025492,Microcoria,,no
HP:0025493,Palmoplantar erythema,,no
HP:0025495,Descending aorta hypoplasia,,no
HP:0025498,Aceruloplasminemia,,no
HP:0025501,Class III obesity,,no
HP:0025502,Overweight,,no
HP:0025507,Yellow papule,,no
HP:0025509,Piezogenic pedal papules,,no
HP:0025510,Nevus spilus,,no
HP:0025512,Skin-colored papule,,no
HP:0025514,Morning glory anomaly,,no
HP:0025515,Delayed thelarche,,no
HP:0025516,Coronary-pulmonary artery fistula,,no
HP:0025517,Hypoplastic hippocampus,Small hippocampus,yes
HP:0025518,Visual gaze preference,,no
HP:0025520,Calcinosis cutis,,no
HP:0025523,Abnormal morphology of the chordae tendinae of the mitral valve,,no
HP:0025524,Palmoplantar scaling skin,,no
HP:0025525,Scaling skin on fingertip,,no
HP:0025526,Psoriasiform lesion,,no
HP:0025527,Serpiginous cutaneous lesion,,no
HP:0025528,Annular cutaneous lesion,,no
HP:0025530,Xanthomas of the palmar creases,,no
HP:0025532,Positive pathergy test,,no
HP:0025533,Peau d'orange,,no
HP:0025534,Ocular melanocytosis,,no
HP:0025536,V-sign,,no
HP:0025537,Plantar edema,,no
HP:0025538,Palmar edema,,no
HP:0025540,Abnormal T cell subset number,,no
HP:0025547,Decreased mean corpuscular hemoglobin concentration,,no
HP:0025548,Increased mean corpuscular hemoglobin concentration,,no
HP:0025549,Eccentric visual fixation,,no
HP:0025550,Elevated circulating ribitol concentration,,no
HP:0025551,Optic nerve misrouting,,no
HP:0025553,Periorbital ecchymosis with tarsal plate sparing,Raccoon eyes,yes
HP:0025555,Periungual teleangiectasia,,no
HP:0025560,Anterior chamber cells,,no
HP:0025561,Anterior chamber cells grade 1+,,no
HP:0025572,Punctal stenosis,,no
HP:0025573,Mild myopia,,no
HP:0025574,Macular hemorrhage,,no
HP:0025575,Abnormal superior vena cava morphology,,no
HP:0025576,Abnormal inferior vena cava morphology,,no
HP:0025578,Aortic valve prolapse,,no
HP:0025584,Hypotropia,,no
HP:0025586,Hypertropia,,no
HP:0025592,Superior oblique muscle weakness,,no
HP:0025605,Lid lag on downgaze,,no
HP:0025607,Upper eyelid entropion,,no
HP:0025608,Cicatricial ectropion,,no
HP:0025610,Posterior blepharitis,,no
HP:0025612,Corneal astigmatism,,no
HP:0025615,Abscess,,no
HP:0025616,Sterile abscess,,no
HP:0025624,Decreased effector memory CD4+ T cell proportion,,no
HP:0025630,Argininosuccinic aciduria,,no
HP:0025631,Alpha-aminobutyric aciduria,,no
HP:0025633,Abnormal ureter morphology,,no
HP:0025637,Vasospasm,,no
HP:0025643,Tarlov cyst,,no
HP:0025646,Bilateral polymicrogyria,,no
HP:0025650,Steroid-dependent nephrotic syndrome,,no
HP:0025656,Prenatal double bubble sign,,no
HP:0025660,Chiari type II malformation,,no
HP:0025664,Moderate to late preterm birth,,no
HP:0025670,Syntelencephaly,,no
HP:0025671,Fetal pericardial effusion,,no
HP:0025672,Fetal skin edema,,no
HP:0025676,Fetal pleural effusion,,no
HP:0025677,Fetal chylothorax,,no
HP:0025678,Fetal hydrothorax,,no
HP:0025680,Compound muscle action potential amplitude facilitation,,no
HP:0025681,Distal clavicular thinning,,no
HP:0025682,Crouch gait,,no
HP:0025691,Impaired fasting glucose,,no
HP:0025700,Anhydramnios,,no
HP:0025707,Hypoplastic fetal nasal bone,,no
HP:0025711,Convergence-retraction nystagmus,,no
HP:0025712,Spontaneous chorioamniotic separation,,no
HP:0025714,Cerebral cortical microinfarct,,no
HP:0025717,Skeletal muscle autophagosome accumulation,,no
HP:0025721,Limited vertical extraocular movement,,no
HP:0025722,Cerebral infarct,,no
HP:0025724,Caseous vernix-like desquamation,,no
HP:0025732,Abnormal social development,,no
HP:0025733,Streak gonad,,no
HP:0025734,Elevated urinary 5-hydroxyhexanoic acid level,,no
HP:0025737,Abnormal subthalamic nucleus morphology,,no
HP:0025747,Tongue spasticity,,no
HP:0025751,Reduced anterior scleral thickness,,no
HP:0025757,Abnormal nail surface,,no
HP:0025769,Disordered formal thought process,,no
HP:0025770,2-3 finger osseus syndactyly,,no
HP:0025784,Word salad,,no
HP:0025797,Unilateral sensorineural hearing impairment,,no
HP:0025802,Talipes varus,,no
HP:0025805,Absent circulating T cells,,no
HP:0025808,Decreased natural killer cell-induced killing of target cells,,no
HP:0025809,Generalized scaling,,no
HP:0025810,Ichthyosis linearis circumflexa,,no
HP:0025811,Trichorrhexis invaginata,,no
HP:0025813,Eyebrow scaling skin,,no
HP:0025815,Absent stratum granulosum of epidermis,,no
HP:0025816,Hypogranulosis,,no
HP:0025817,Psoriasiform acanthosis,,no
HP:0025819,Palmoplantar peeling,,no
HP:0025834,Impaired phytohemagglutinin-induced T lymphocyte transformation,,no
HP:0030000,EMG: repetitive nerve stimulation abnormality,,no
HP:0030001,Lagophthalmos,Eyelids stay open,yes
HP:0030002,Nocturnal lagophthalmos,Eyelids stay open at night,yes
HP:0030003,Paralytic lagophthalmos,,no
HP:0030005,Capillary leak,,no
HP:0030006,Single fiber EMG abnormality,,no
HP:0030007,EMG: positive sharp waves,,no
HP:0030009,Cervical insufficiency,,no
HP:0030010,Hydrometrocolpos,,no
HP:0030011,Imperforate hymen,,no
HP:0030014,Female sexual dysfunction,,no
HP:0030015,Female anorgasmia,Female orgasmic disorder,yes
HP:0030016,Dyspareunia,,no
HP:0030018,Decreased female libido,Decreased female sex drive,yes
HP:0030019,Increased female libido,Increased female sex drive,yes
HP:0030022,Question mark ear,Question mark ear,yes
HP:0030025,Auricular pit,,no
HP:0030026,Squared superior portion of helix,,no
HP:0030031,Small toe,Small toe,yes
HP:0030032,Partial absence of foot,Partial absence of foot,yes
HP:0030033,Small finger,Small finger,yes
HP:0030034,Glomerular basement membrane lamellation,,no
HP:0030036,Isothenuria,,no
HP:0030037,Bifid ureter,,no
HP:0030038,Enchondroma,,no
HP:0030039,Fused thoracic vertebrae,,no
HP:0030041,Schmorl's node,,no
HP:0030042,Incomplete ossification of pubis,Incomplete maturation of the pubic bone,yes
HP:0030043,Hip subluxation,Partial hip dislocation,yes
HP:0030044,Flexion contracture of digit,,no
HP:0030046,Hypoglycosylation of alpha-dystroglycan,,no
HP:0030047,Abnormal lateral ventricle morphology,,no
HP:0030048,Colpocephaly,,no
HP:0030049,Brain abscess,Brain abscess,yes
HP:0030051,Tip-toe gait,Toe walking,yes
HP:0030052,Inguinal freckling,Freckles in groin region,yes
HP:0030053,Stiff skin,Stiff skin,yes
HP:0030054,Perifollicular fibrosis,,no
HP:0030055,Hyperconvex toenail,,no
HP:0030056,Uncombable hair,Uncombable hair,yes
HP:0030057,Autoimmune antibody positivity,,no
HP:0030058,Sickled erythrocytes,,no
HP:0030059,Mitochondrial depletion,,no
HP:0030061,Neuroectodermal neoplasm,,no
HP:0030062,Craniopharyngioma,,no
HP:0030067,Peripheral primitive neuroectodermal neoplasm,,no
HP:0030070,Central primitive neuroectodermal tumor,,no
HP:0030071,Medulloepithelioma,,no
HP:0030072,Paranasal sinus neoplasm,,no
HP:0030074,Chemodectoma,,no
HP:0030075,Ductal carcinoma in situ,,no
HP:0030078,Lung adenocarcinoma,,no
HP:0030079,Cervix cancer,,no
HP:0030080,Burkitt lymphoma,,no
HP:0030081,Punctate periventricular T2 hyperintense foci,,no
HP:0030082,Abnormal drinking behavior,Abnormal drinking behavior,yes
HP:0030083,Salt craving,Salt craving,yes
HP:0030084,Clinodactyly,Curvature of digit,yes
HP:0030085,Abnormal CSF lactate concentration,,no
HP:0030087,Abnormal circulating testosterone concentration,Abnormal testosterone level,yes
HP:0030088,Increased serum testosterone level,Increased testosterone,yes
HP:0030089,Abnormal muscle fiber protein expression,,no
HP:0030091,Absent muscle fiber merosin,,no
HP:0030092,Reduced muscle fiber merosin,,no
HP:0030095,Reduced muscle collagen VI,,no
HP:0030097,Absent muscle dystrophin expression,,no
HP:0030099,Reduced muscle fiber alpha dystroglycan,,no
HP:0030113,Abnormal muscle fiber dysferlin,,no
HP:0030114,Absent muscle fiber dysferlin,,no
HP:0030117,Absent muscle fiber emerin,,no
HP:0030126,Abnormal endometrium morphology,,no
HP:0030127,Endometriosis,,no
HP:0030129,Impaired ristocetin cofactor assay activity,,no
HP:0030137,Prolonged bleeding following circumcision,Prolonged bleeding following circumcision,yes
HP:0030138,Excessive bleeding from superficial cuts,Excessive bleeding from superficial cuts,yes
HP:0030139,Excessive bleeding after a venipuncture,,no
HP:0030140,Oral cavity bleeding,Bleeding from mouth,yes
HP:0030142,Abnormal bowel sounds,Abnormal bowel sounds,yes
HP:0030143,Hyperactive bowel sounds,Increased bowel sounds,yes
HP:0030144,Hypoactive bowel sounds,Decreased bowel sounds,yes
HP:0030145,Lack of bowel sounds,Lack of bowel sounds,yes
HP:0030146,Abnormal liver parenchyma morphology,,no
HP:0030147,Truncal titubation,,no
HP:0030148,Heart murmur,Heart murmur,yes
HP:0030149,Cardiogenic shock,,no
HP:0030150,Plasmacytosis,,no
HP:0030151,Cholangitis,Bile duct inflammation,yes
HP:0030153,Cholangiocarcinoma,Bile duct cancer,yes
HP:0030154,Gallbladder perforation,,no
HP:0030155,Scrotal pain,Scrotal pain,yes
HP:0030156,Bence Jones Proteinuria,,no
HP:0030157,Flank pain,Flank pain,yes
HP:0030160,Cervicitis,Uterine cervix inflammation,yes
HP:0030162,Glomerulomegaly,,no
HP:0030164,Jaw claudication,Jaw pain while chewing,yes
HP:0030166,Night sweats,Night sweats,yes
HP:0030167,Antimitochondrial antibody positivity,,no
HP:0030169,Gastric varix,,no
HP:0030175,Myelin tomacula,,no
HP:0030177,Abnormality of peripheral nervous system electrophysiology,,no
HP:0030178,Abnormality of central nervous system electrophysiology,,no
HP:0030179,Abnormal peripheral action potential amplitude,,no
HP:0030182,Tetraplegia/tetraparesis,,no
HP:0030183,Impaired visually enhanced vestibulo-ocular reflex,,no
HP:0030185,Isometric tremor,,no
HP:0030186,Kinetic tremor,,no
HP:0030187,Titubation,,no
HP:0030188,Tremor by anatomical site,Tremor of a body part,yes
HP:0030190,Oral motor hypotonia,,no
HP:0030191,Abnormal peripheral nervous system synaptic transmission,,no
HP:0030192,Fatigable weakness of bulbar muscles,,no
HP:0030193,Fatigable weakness of chewing muscles,,no
HP:0030194,Fatigable weakness of speech muscles,,no
HP:0030195,Fatigable weakness of swallowing muscles,,no
HP:0030196,Fatigable weakness of respiratory muscles,,no
HP:0030197,Fatigable weakness of skeletal muscles,,no
HP:0030198,Fatigable weakness of distal limb muscles,,no
HP:0030199,Fatigable weakness of neck muscles,,no
HP:0030200,Fatiguable weakness of proximal limb muscles,,no
HP:0030202,Favorable response of weakness to acetylcholine esterase inhibitors,,no
HP:0030203,Unfavorable response of muscle weakness to acetylcholine esterase inhibitors,,no
HP:0030205,Increased jitter at single fiber EMG,,no
HP:0030207,Paradoxical respiration,,no
HP:0030208,Anti-neuromuscular Junction acetylcholine receptor antibody positivity,,no
HP:0030209,Calcium channel antibody positivity,,no
HP:0030210,Anti-muscle-specific tyrosine kinase antibody,,no
HP:0030211,Slow pupillary light response,,no
HP:0030212,Collectionism,Compulsive hoarding,yes
HP:0030213,Emotional dearth,Emotional poverty,yes
HP:0030215,Inappropriate crying,Inappropriate crying,yes
HP:0030216,Inertia,,no
HP:0030217,Limb apraxia,,no
HP:0030218,Punding,,no
HP:0030219,Semantic dementia,Trouble remembering words,yes
HP:0030221,Sweet craving,Sweet craving,yes
HP:0030222,Visual agnosia,,no
HP:0030223,Perseverative thought,,no
HP:0030225,Accumulation of muscle fiber desmin,,no
HP:0030226,Abnormal muscle fiber myotilin,,no
HP:0030227,Accumulation of muscle fiber myotilin,,no
HP:0030230,Central core regions in muscle fibers,,no
HP:0030231,Glycogen accumulation in muscle fiber lysosomes,,no
HP:0030232,Increased sarcoplasmic glycogen,,no
HP:0030234,Highly elevated creatine kinase,,no
HP:0030235,Extremely elevated creatine kinase,,no
HP:0030236,Abnormality of muscle size,Abnormality of muscle size,yes
HP:0030237,Hand muscle weakness,Hand muscle weakness,yes
HP:0030241,Hypoplasia of deltoid muscle,,no
HP:0030242,Portal vein thrombosis,Blood clot in portal vein,yes
HP:0030243,Hepatic vein thrombosis,Blood clot in liver vein,yes
HP:0030247,Splanchnic vein thrombosis,,no
HP:0030248,Mesenteric venous thrombosis,,no
HP:0030249,Enanthema,,no
HP:0030250,Pulmonary granulomatosis,,no
HP:0030252,Absent circulating B cells,,no
HP:0030254,Nail bed hemorrhage,,no
HP:0030255,Large intestinal polyposis,,no
HP:0030256,Small intestinal polyposis,,no
HP:0030257,Freckled genitalia,Freckled genitalia,yes
HP:0030258,Hyperpigmented genitalia,Increased genital pigmentation,yes
HP:0030260,Microphallus,,no
HP:0030261,Absent penis,Absent penis,yes
HP:0030264,Webbed penis,Webbed penis,yes
HP:0030265,Wide penis,Wide penis,yes
HP:0030267,Calcification of the interosseus membrane of the forearm,,no
HP:0030268,Hyperplastic callus formation,,no
HP:0030269,Increased circulating insulin-like growth factor 1 concentration,,no
HP:0030270,Elevated red cell adenosine deaminase activity,,no
HP:0030271,"Reduced erythrocyte 2,3-diphosphoglycerate concentration",,no
HP:0030272,Abnormal erythrocyte enzyme concentration or activity,,no
HP:0030273,Reduced red cell adenosine deaminase level,,no
HP:0030275,Ectopic scrotum,Abnormal scrotum position,yes
HP:0030280,Rib gap,Rib gap,yes
HP:0030281,Cervical C3/C4 vertebral fusion,,no
HP:0030282,Posterior rib gap,,no
HP:0030284,Triangular tongue,Triangle shaped tongue,yes
HP:0030289,Flattened femoral epiphysis,Flattended end part of thigh bone,yes
HP:0030290,Unossified sacrum,,no
HP:0030291,Lower-limb metaphyseal irregularity,,no
HP:0030292,Tibial metaphyseal irregularity,,no
HP:0030299,Abnormal distal femoral metaphysis morphology,Abnormality of wide portion of outermost thighbone,yes
HP:0030300,10 pairs of ribs,10 pairs of ribs,yes
HP:0030301,Abnormality of the anterior commissure,,no
HP:0030302,Agenesis of the anterior commissure,,no
HP:0030303,Hypoplastic anterior commissure,,no
HP:0030311,Lower extremity joint dislocation,Dislocated leg joints,yes
HP:0030312,Obliteration of the calvarial diploe,,no
HP:0030313,Abnormal periosteum morphology,,no
HP:0030314,Periostosis,,no
HP:0030318,Angular cheilitis,Inflammation of corners of the mouth,yes
HP:0030319,Weakness of facial musculature,Decreased facial muscle strength,yes
HP:0030320,Increased intervertebral space,,no
HP:0030321,Abnormal vertebral artery morphology,,no
HP:0030322,Vertebral artery hypoplasia,,no
HP:0030323,Unilateral vertebral artery hypoplasia,,no
HP:0030325,Cervicomedullary schisis,,no
HP:0030328,Decreased osteoclast count,,no
HP:0030329,Retinal thinning on OCT,Retinal thinning,yes
HP:0030330,Multinucleated giant chondrocytes in epiphyseal cartilage,,no
HP:0030338,Abnormal circulating gonadotropin concentration,,no
HP:0030339,Decreased circulating gonadotropin concentration,,no
HP:0030341,Decreased circulating follicle stimulating hormone concentration,,no
HP:0030344,Decreased circulating luteinizing hormone level,,no
HP:0030345,Abnormal circulating luteinizing hormone concentration,,no
HP:0030346,Abnormal circulating follicle-stimulating hormone concentration,,no
HP:0030347,Abnormal circulating androgen level,,no
HP:0030348,Increased circulating androgen concentration,,no
HP:0030349,Decreased circulating androgen concentration,,no
HP:0030350,Erythematous papule,,no
HP:0030351,Urticarial plaque,,no
HP:0030352,Abnormal circulating insulin-like growth factor 1 concentration,,no
HP:0030353,Decreased circulating insulin-like growth factor 1 concentration,,no
HP:0030355,Abnormal circulating interferon-gamma concentration,,no
HP:0030356,Increased circulating interferon-gamma concentration,,no
HP:0030357,Small cell lung carcinoma,,no
HP:0030358,Non-small cell lung carcinoma,,no
HP:0030360,Large cell lung carcinoma,,no
HP:0030361,Abnormal circulating icosanoid concentration,,no
HP:0030362,Reduced muscle carnitine level,,no
HP:0030365,Vaginal birth after Caesarean,,no
HP:0030367,Finger hyperphalangy,,no
HP:0030368,Hyperphalangy of the 2nd finger,,no
HP:0030369,Induced vaginal delivery,,no
HP:0030371,Increased naive B cell proportion,,no
HP:0030374,Decreased memory B cell proportion,,no
HP:0030381,Increased transitional B cell proportion,,no
HP:0030384,Decreased marginal zone B cell proportion,,no
HP:0030386,Abnormal class-switched memory B cell proportion,,no
HP:0030388,Decreased class-switched memory B cell proportion,,no
HP:0030390,Reduced circulating leukotriene C4 concentration,,no
HP:0030391,Spoken word recognition deficit,,no
HP:0030392,Choroid plexus carcinoma,,no
HP:0030393,Endolymphatic sac tumor,,no
HP:0030402,Abnormal platelet aggregation,,no
HP:0030404,Glucagonoma,,no
HP:0030405,Pancreatic endocrine tumor,,no
HP:0030406,Primary peritoneal carcinoma,,no
HP:0030408,Pineoblastoma,,no
HP:0030409,Renal transitional cell carcinoma,,no
HP:0030410,Sebaceous gland carcinoma,,no
HP:0030412,Ileal adenocarcinoma,,no
HP:0030413,Squamous cell carcinoma of the tongue,,no
HP:0030416,Vulvar neoplasm,Tumor of the vulva,yes
HP:0030417,Squamous cell carcinoma of the vulva,,no
HP:0030423,Splenic cyst,Cyst on spleen,yes
HP:0030424,Epididymal cyst,,no
HP:0030426,Ossifying fibroma,,no
HP:0030427,Ossifying fibroma of the jaw,,no
HP:0030428,Cutaneous myxoma,,no
HP:0030429,Juvenile nasopharyngeal angiofibroma,,no
HP:0030430,Neuroma,Nerve tumor,yes
HP:0030431,Osteochondroma,,no
HP:0030434,Pilomatrixoma,,no
HP:0030436,Fibrofolliculoma,,no
HP:0030438,Anal canal squamous cell carcinoma,,no
HP:0030439,Anal canal adenocarcinoma,,no
HP:0030442,Anal margin squamous cell carcinoma,,no
HP:0030445,Pulmonary carcinoid tumor,,no
HP:0030446,Atypical pulmonary carcinoid tumor,,no
HP:0030447,Merkel cell skin cancer,,no
HP:0030448,Soft tissue sarcoma,,no
HP:0030451,Mesenteric cyst,,no
HP:0030454,Abnormal electrooculogram,,no
HP:0030455,Abnormality of pattern visual evoked potentials,,no
HP:0030465,Undetectable light-adapted electroretinogram,,no
HP:0030466,Abnormal full-field electroretinogram,,no
HP:0030467,Abnormal pattern electroretinogram,,no
HP:0030468,Abnormal multifocal electroretinogram,,no
HP:0030469,Abnormal dark-adapted electroretinogram,,no
HP:0030473,Abnormal light-adapted flicker electroretinogram,,no
HP:0030474,Undetectable dark-adapted electroretinogram,,no
HP:0030479,Abnormal amplitude of light-adapted flicker electroretinogram,,no
HP:0030481,Abnormal amplitude of light-adapted single flash electroretinogram,,no
HP:0030483,Reduced amplitude of dark-adapted bright flash electroretinogram a-wave,,no
HP:0030485,Abnormal amplitude of pattern electroretinogram,,no
HP:0030486,Abnormal timing of pattern electroretinogram,,no
HP:0030488,Abnormal central response of multifocal electroretinogram,,no
HP:0030490,Exudative vitreoretinopathy,,no
HP:0030491,Choriocapillaris atrophy,,no
HP:0030496,Macular exudate,,no
HP:0030497,Macular cotton wool spot,,no
HP:0030498,Macular thickening,,no
HP:0030499,Macular drusen,,no
HP:0030500,Yellow/white macular lesion,,no
HP:0030501,Macular crystals,,no
HP:0030502,Retinoschisis,,no
HP:0030503,Macular telangiectasia,,no
HP:0030505,Nummular pigmentation of the retina,,no
HP:0030506,Yellow/white retinal lesion,,no
HP:0030507,Retinal crystals,,no
HP:0030511,Bradyopsia,Difficulty seeing moving objects,yes
HP:0030512,Difficulty adjusting to changes in luminance,,no
HP:0030513,Difficulty adjusting from light to dark,,no
HP:0030515,Moderately reduced visual acuity,Moderate visual impairment,yes
HP:0030516,Homonymous hemianopia,,no
HP:0030517,Heteronymous hemianopia,,no
HP:0030521,Bitemporal hemianopia,,no
HP:0030528,Paracentral scotoma,,no
HP:0030529,Ring scotoma,,no
HP:0030530,Arcuate scotoma,Arc-shaped blind spot,yes
HP:0030531,Altitudinal visual field defect,,no
HP:0030532,Visual acuity test abnormality,,no
HP:0030534,Abnormal best corrected visual acuity test,,no
HP:0030551,Visual acuity light perception with projection,,no
HP:0030553,Visual acuity no light perception,,no
HP:0030554,Best corrected visual acuity 0.1 LogMAR,,no
HP:0030584,Color vision test abnormality,,no
HP:0030586,Abnormal Ishihara plate test,,no
HP:0030588,Abnormal visual field test,,no
HP:0030591,Abnormal kinetic perimetry test,,no
HP:0030595,Abnormal static automated perimetry test,,no
HP:0030602,Abnormal fundus autofluorescence imaging,,no
HP:0030604,Abnormal fundus fluorescein angiography,,no
HP:0030609,Photoreceptor layer loss on macular OCT,,no
HP:0030610,Photoreceptor outer segment loss on macular OCT,,no
HP:0030612,Abnormal retinal morphology on macular OCT,,no
HP:0030613,Abnormal foveal morphology on macular OCT,,no
HP:0030615,Foveal photoreceptor outer segment loss on macular OCT,,no
HP:0030618,Increased OCT-measured foveal thickness,,no
HP:0030619,Reduced OCT-measured foveal thickness,,no
HP:0030620,Inner retinal layer loss on macular OCT,,no
HP:0030622,Abnormal foveal pit on macular OCT,,no
HP:0030625,Hyporeflective spaces on macular OCT,,no
HP:0030627,Foveal hyporeflective spaces on macular OCT,,no
HP:0030629,Perifoveal ring of hyperautofluorescence,,no
HP:0030631,Hyperautofluorescent macular lesion,,no
HP:0030632,Hypoautofluorescent macular lesion,,no
HP:0030642,Fundus albipunctatus,,no
HP:0030644,Blind-spot enlargement,,no
HP:0030652,Vitreous haze,,no
HP:0030657,Umbilical cord hematoma,,no
HP:0030661,Vitreous snowballs,,no
HP:0030662,Vitreous inflammatory cells,,no
HP:0030663,Optically empty vitreous,,no
HP:0030664,Beevor's sign,,no
HP:0030666,Retinal neovascularization,,no
HP:0030667,Peripheral retinal neovascularization,,no
HP:0030668,Periorbital dermoid cyst,,no
HP:0030669,Abnormal ocular adnexa morphology,,no
HP:0030670,Hamartoma of the orbital region,,no
HP:0030672,Asteroid hyalosis,,no
HP:0030676,Satyr ear,,no
HP:0030680,Abnormal cardiovascular system morphology,,no
HP:0030682,Left ventricular noncompaction,,no
HP:0030683,Recurrent bacterial vaginosis,,no
HP:0030685,Decreased adiponectin level,,no
HP:0030688,Increased glucagon level,,no
HP:0030690,Gingival cleft,,no
HP:0030692,Brain neoplasm,,no
HP:0030693,Supratentorial neoplasm,,no
HP:0030707,Unilateral lung agenesis,,no
HP:0030708,Myeloschisis,,no
HP:0030711,Hydrocolpos,,no
HP:0030713,Vein of Galen aneurysmal malformation,,no
HP:0030716,Acrania,,no
HP:0030717,Meconium peritonitis,,no
HP:0030718,Right atrial enlargement,,no
HP:0030724,Central nervous system cyst,,no
HP:0030731,Carcinoma,,no
HP:0030732,Dysplastic tricuspid valve,,no
HP:0030735,Ureterovesical junction obstruction,,no
HP:0030736,Sacrococcygeal teratoma,,no
HP:0030743,Glial remnants anterior to the optic disc,,no
HP:0030744,Hyaloid vascular remnant and retrolental mass,,no
HP:0030745,Dilatation of the ductus arteriosus,,no
HP:0030746,Intraventricular hemorrhage,,no
HP:0030747,Preterm intraventricular hemorrhage,,no
HP:0030752,Dacryocystocele,,no
HP:0030756,Erythrodontia,,no
HP:0030757,Tooth abscess,,no
HP:0030758,Periapical tooth abscess,,no
HP:0030760,Renal fibrosis,,no
HP:0030764,Ochronosis,,no
HP:0030765,Sleep terror,Waking up screaming,yes
HP:0030766,Ear pain,Ear pain,yes
HP:0030769,Exencephaly,,no
HP:0030771,Mallet finger,,no
HP:0030772,Proximal femoral focal deficiency,,no
HP:0030773,Internuclear ophthalmoplegia,,no
HP:0030774,Mitochondrial swelling,,no
HP:0030779,Ethmocephaly,,no
HP:0030781,Increased circulating free fatty acid level,,no
HP:0030783,Increased circulating interleukin 6 concentration,,no
HP:0030784,Anomic aphasia,Word-finding difficulty,yes
HP:0030786,Photopsia,,no
HP:0030788,Impacted cerumen,,no
HP:0030791,Abnormal jaw morphology,,no
HP:0030793,Jaw swelling,,no
HP:0030794,Abnormal circulating C-peptide concentration,,no
HP:0030795,Decreased circulating C-peptide concentration,,no
HP:0030796,Elevated circulating C-peptide concentration,,no
HP:0030799,Scaphocephaly,,no
HP:0030800,Abnormal visual accommodation,,no
HP:0030802,Lower eyelid retraction,,no
HP:0030803,Platonychia,,no
HP:0030804,Trachyonychia,,no
HP:0030805,Absent lunula,,no
HP:0030809,Abnormal tongue morphology,,no
HP:0030810,Abnormal tongue physiology,,no
HP:0030811,Tongue pain,,no
HP:0030812,Enlarged tonsils,,no
HP:0030813,Absent tonsils,,no
HP:0030814,Orange discolored tonsils,,no
HP:0030815,Lipoma of the tongue,,no
HP:0030816,Gingival recession,,no
HP:0030820,Hooded eyelid,,no
HP:0030822,Hooded upper eyelid,,no
HP:0030823,Scleral thickening,,no
HP:0030824,Mizuo phenomenon,,no
HP:0030825,Absent foveal reflex,,no
HP:0030826,Eyelid fasciculation,Muscle twitches in eye lid,yes
HP:0030828,Wheezing,Wheezing,yes
HP:0030829,Abnormal breath sound,,no
HP:0030830,Crackles,,no
HP:0030831,Rhonchi,,no
HP:0030833,Neck pain,Neck pain,yes
HP:0030834,Shoulder pain,Shoulder pain,yes
HP:0030835,Elbow pain,Elbow pain,yes
HP:0030836,Wrist pain,Wrist pain,yes
HP:0030838,Hip pain,Hip pain,yes
HP:0030839,Knee pain,Knee pain,yes
HP:0030840,Ankle pain,Ankle pain,yes
HP:0030842,Choking episodes,,no
HP:0030843,Cardiac amyloidosis,,no
HP:0030844,Undetectable pattern electroretinogram,,no
HP:0030846,Abnormality of venous physiology,,no
HP:0030848,Elevated jugular venous pressure,,no
HP:0030849,Hepatojugular reflux,,no
HP:0030850,Abnormal pulse pressure,,no
HP:0030851,Low pulse pressure,,no
HP:0030853,Heterotaxy,,no
HP:0030854,Scleral staphyloma,,no
HP:0030856,Posterior staphyloma,,no
HP:0030857,Eye movement-induced pain,,no
HP:0030858,Addictive behavior,,no
HP:0030859,Anti-topoisomerase I antibody positivity,,no
HP:0030863,Nasal flaring,,no
HP:0030864,Intercostal retractions,,no
HP:0030865,Large elbow,,no
HP:0030866,Large knee,,no
HP:0030867,Vertical orbital dystopia,Eyes at different heights,yes
HP:0030871,Facet joint arthrosis,,no
HP:0030872,Abnormal cardiac ventricular function,,no
HP:0030873,Anti-centromere antibody positivity,,no
HP:0030874,Oxygen desaturation on exertion,,no
HP:0030876,Increased pulmonary capillary wedge pressure,,no
HP:0030877,Reduced FEV1/FVC ratio,,no
HP:0030878,Abnormality on pulmonary function testing,,no
HP:0030879,Interlobular septal thickening,,no
HP:0030880,Raynaud phenomenon,,no
HP:0030882,Coronary artery aneurysm,,no
HP:0030884,Gastrojejunal tube feeding in infancy,,no
HP:0030888,C3 nephritic factor positivity,,no
HP:0030889,Congenital shortened small intestine,,no
HP:0030890,Hyperintensity of cerebral white matter on MRI,,no
HP:0030891,Periventricular white matter hyperintensities,,no
HP:0030892,Deep cerebral white matter hyperintensities,,no
HP:0030895,Abnormal gastrointestinal motility,,no
HP:0030897,Decreased intestinal transit time,,no
HP:0030898,Pruritis on abdomen,,no
HP:0030899,Pruritis on hand,,no
HP:0030900,Pruritus on foot,Itchy feet,yes
HP:0030901,Pruritis on breast,,no
HP:0030902,Palmomental reflex,,no
HP:0030903,Grasp reflex,,no
HP:0030904,Glabellar reflex,,no
HP:0030906,Suck reflex,,no
HP:0030907,Thunderclap headache,,no
HP:0030908,Liver kidney microsome type 1 antibody positivity,,no
HP:0030909,Anti-liver cytosolic antigen type 1 antibody positivity,,no
HP:0030911,Bifid clitoris,,no
HP:0030913,Exaggerated rugosity of the labia majora,,no
HP:0030914,Abnormal peristalsis,,no
HP:0030915,Cerebellar edema,,no
HP:0030917,Low APGAR score,,no
HP:0030918,Low 1-minute APGAR score,,no
HP:0030919,Low 5-minute APGAR score,,no
HP:0030921,5-minute APGAR score of 1,,no
HP:0030923,5-minute APGAR score of 3,,no
HP:0030925,5-minute APGAR score of 5,,no
HP:0030927,1-minute APGAR score of 0,,no
HP:0030928,1-minute APGAR score of 1,,no
HP:0030939,Palpebral thickening,,no
HP:0030943,Vulvodynia,,no
HP:0030948,Elevated gamma-glutamyltransferase level,,no
HP:0030949,Glomerular deposits,,no
HP:0030950,Pulmonary venous hypertension,,no
HP:0030951,Skeletal muscle fibrosis,,no
HP:0030953,Conjunctival hyperemia,,no
HP:0030955,Addictive alcohol use,,no
HP:0030961,Microspherophakia,,no
HP:0030966,Abnormal pulmonary artery morphology,,no
HP:0030968,Abnormal pulmonary vein morphology,,no
HP:0030973,Postexertional symptom exacerbation,,no
HP:0030974,Cryptozoospermia,,no
HP:0030975,Pontine tegmental cap,,no
HP:0030976,Abnormal factor VIII activity,,no
HP:0030977,Increased factor VIII activity,,no
HP:0030978,Decreased CSF/serum albumin ratio,,no
HP:0030980,Reduced brain glutamine level by MRS,,no
HP:0030983,Ovarian thecoma,,no
HP:0030984,Abnormal serum bile acid concentration,,no
HP:0030985,Decreased serum bile acid concentration,,no
HP:0030988,Granulomatous cholangitis,,no
HP:0030991,Sclerosing cholangitis,,no
HP:0030992,Abnormal pancreatic duct morphology,,no
HP:0030996,Megaduodenum,,no
HP:0030997,Atretic vas deferens,,no
HP:0030998,Cerebrospinal fluid rhinorrhoea,,no
HP:0031002,Neuritis,,no
HP:0031003,Polyneuritis,,no
HP:0031006,Acroparesthesia,,no
HP:0031008,Lingual dystonia,,no
HP:0031013,Ankylosis,,no
HP:0031015,Intrahepatic portal vein sclerosis,,no
HP:0031020,Bone marrow hypercellularity,,no
HP:0031023,Multiple mucosal neuromas,,no
HP:0031024,Cylindroma,,no
HP:0031026,Snail-like ilia,,no
HP:0031028,Lactescent serum,,no
HP:0031029,Elevated circulating CEA concentration,,no
HP:0031030,Elevated circulating mucin 16 concentration,,no
HP:0031032,Decreased circulating retinol-binding protein concentration,,no
HP:0031033,Impaired urinary acidification,,no
HP:0031035,Chronic infection,,no
HP:0031038,Spermatogenesis maturation arrest,,no
HP:0031039,Spermatocyte maturation arrest,,no
HP:0031040,Round spermatid arrest,,no
HP:0031041,Obstruction of the superior vena cava,,no
HP:0031042,Strawberry tongue,,no
HP:0031045,Acral blistering,,no
HP:0031047,Paraproteinemia,,no
HP:0031051,Tarsal sclerosis,,no
HP:0031052,Elevated vascular endothelial growth factor level,,no
HP:0031055,Abnormal branching pattern of left aortic arch,,no
HP:0031056,Fusiform cerebral aneurysm,,no
HP:0031057,Skin fissure,Cracked skin,yes
HP:0031058,Impairment of activities of daily living,,no
HP:0031060,Impaired ability to dress oneself,,no
HP:0031061,Impaired toileting ability,,no
HP:0031064,Impaired continence,,no
HP:0031069,Abnormal femoral torsion,,no
HP:0031074,Abnormal response to ACTH stimulation test,,no
HP:0031076,Impaired cortisol response to insulin stimulation test,,no
HP:0031077,Abnormal response to corticotropin releasing hormone stimulation test,,no
HP:0031078,Impaired cortisol response to corticotropin releasing hormone stimulation test,,no
HP:0031079,Impaired growth-hormone response to insulin stimulation test,,no
HP:0031080,Abnormal response to glucagon stimulation test,,no
HP:0031082,Impaired growth-hormone response to glucagon stimulation test,,no
HP:0031084,Excessive insulin response to glucagon test,,no
HP:0031085,Decreased circulating prealbumin concentration,,no
HP:0031086,Ectopic ovary,,no
HP:0031087,Absent pubertal growth spurt,,no
HP:0031088,Vaginal dryness,,no
HP:0031090,Finger dactylitis,Sausage fingers,yes
HP:0031091,Toe dactylitis,Sausage toes,yes
HP:0031092,Spindle-shaped finger,,no
HP:0031093,Abnormal breast morphology,,no
HP:0031095,Abnormal humerus morphology,,no
HP:0031096,Delayed vertebral ossification,,no
HP:0031097,Abnormal circulating thyroid-stimulating hormone concentration,,no
HP:0031098,Decreased thyroid-stimulating hormone level,,no
HP:0031100,Decreased circulating inhibin B concentration,,no
HP:0031102,Increased circulating antimullerian hormone concentration,,no
HP:0031103,Decreased circulating antimullerian hormone circulation,,no
HP:0031104,Insulin receptor antibody positivity,,no
HP:0031105,Abnormal uterus morphology,,no
HP:0031107,Decreased fibular diameter,,no
HP:0031108,Triceps weakness,,no
HP:0031109,Agalactia,,no
HP:0031110,Twin-to-twin transfusion,,no
HP:0031111,Cutaneous hamartoma,,no
HP:0031123,Recurrent gastroenteritis,,no
HP:0031124,Decreased platelet thromboxane A2 receptor,,no
HP:0031126,Impaired clot retraction,,no
HP:0031128,Impaired collagen-related peptide-induced platelet aggregation,,no
HP:0031134,Cor triatriatum sinister,,no
HP:0031136,Decreased acrosin in sperm head,,no
HP:0031137,Storage in hepatocytes,,no
HP:0031138,Abnormal circulating B-type natriuretic peptide concentration,,no
HP:0031139,Frog-leg posture,,no
HP:0031140,Abnormal liver sonography,,no
HP:0031141,Increased hepatic echogenicity,,no
HP:0031143,Decreased hepatic echogenicity,,no
HP:0031145,Starry sky appearance on hepatic sonography,,no
HP:0031146,Impaired oral bolus formation,,no
HP:0031152,Full-thickness macular hole,,no
HP:0031153,Membranous vitreous appearance,,no
HP:0031154,Beaded vitreous appearance,,no
HP:0031156,Decreased platelet glycoprotein Ib,,no
HP:0031157,Carotid cavernous fistula,,no
HP:0031158,Widened atrophic scar,,no
HP:0031159,Thinning of Descemet membrane,,no
HP:0031160,Myelokathexis,,no
HP:0031162,Impaired oropharyngeal swallow response,,no
HP:0031164,Growth arrest lines,,no
HP:0031165,Multifocal seizures,,no
HP:0031166,Eyelid myokymia,,no
HP:0031169,Postterm pregnancy,,no
HP:0031171,Femoral spur,,no
HP:0031174,Double-layered patella,,no
HP:0031176,Absent thoracic vertebra,,no
HP:0031177,Finger flexor weakness,,no
HP:0031179,Nuchal rigidity,,no
HP:0031180,Erythema migrans,,no
HP:0031181,Necrolytic migratory erythema,,no
HP:0031185,Elevated circulating NT-proBNP concentration,,no
HP:0031186,Abnormal circulating deoxycorticosterone level,,no
HP:0031188,Genital edema,,no
HP:0031189,Wrist drop,,no
HP:0031190,Superficial dermal perivascular inflammatory infiltrate,,no
HP:0031191,Deep dermal perivascular inflammatory infiltrate,,no
HP:0031193,Abnormal morphology of right ventricular trabeculae,,no
HP:0031195,Apical hypertrabeculation of the left ventricle,,no
HP:0031197,Cellular urinary casts,,no
HP:0031205,Reduced lysosomal acid lipase activity,,no
HP:0031206,Striatal T2 hyperintensity,,no
HP:0031207,Hepatic hemangioma,,no
HP:0031208,Increased pituitary glycoprotein hormone alpha subunit level,,no
HP:0031209,Decreased circulating lipoprotein lipase concentration,,no
HP:0031213,Elevated circulating 17-hydroxyprogesterone concentration,,no
HP:0031214,Decreased circulating dehydroepiandrosterone concentration,,no
HP:0031215,Decreased circulating dehydroepiandrosterone-sulfate concentration,,no
HP:0031216,Increased circulating progesterone,,no
HP:0031217,Hot flashes,,no
HP:0031218,Inappropriate antidiuretic hormone secretion,,no
HP:0031219,Reduced radioactive iodine uptake,,no
HP:0031220,Increased radioactive iodine uptake,,no
HP:0031221,Abnormal radioactive iodine uptake test result,,no
HP:0031223,Focal pancreatic islet hyperplasia,,no
HP:0031224,Diffuse pancreatic islet hyperplasia,,no
HP:0031229,Increased incisura length,,no
HP:0031233,Horizontal inferior border of scapula,,no
HP:0031234,Neutrophilic infiltration of the skin,,no
HP:0031236,Predominantly dermal neutrophilic infiltrate,,no
HP:0031237,Internally nucleated skeletal muscle fibers,,no
HP:0031238,Necklace skeletal muscle fibers,,no
HP:0031244,Swollen lip,,no
HP:0031245,Productive cough,Wet cough,yes
HP:0031246,Nonproductive cough,Dry cough,yes
HP:0031248,Palmar pruritus,Itchy palm,yes
HP:0031249,Parageusia,Altered sense of taste,yes
HP:0031250,Lip fissure,,no
HP:0031251,Abnormal subclavian artery morphology,,no
HP:0031252,Dilated left subclavian artery,,no
HP:0031253,Anomalous origin of left subclavian artery,,no
HP:0031258,Delirium,,no
HP:0031260,Triangular tibia,,no
HP:0031261,Bladder polyp,,no
HP:0031264,Abnormal Bowman capsule morphology,,no
HP:0031265,Abnormal glomerular visceral epithelial cell morphology,,no
HP:0031266,Podocyte foot process effacement,,no
HP:0031268,Decreased CD69 upregulation upon TCR activation,,no
HP:0031271,Absent ankle pulse,,no
HP:0031273,Shock,,no
HP:0031274,Hypovolemic shock,,no
HP:0031279,Abnormal response to gonadotropin-releasing hormone stimulation test,,no
HP:0031281,Sialadenitis,,no
HP:0031282,Malalignment of the great toenail,,no
HP:0031284,Flushing,,no
HP:0031285,Abnormal perifollicular morphology,,no
HP:0031287,Seborrheic keratosis,Senile wart,yes
HP:0031288,Cobblestone-like hyperkeratosis,,no
HP:0031289,White papule,,no
HP:0031290,Tuberous xanthoma,,no
HP:0031291,Ichthyosis follicularis,,no
HP:0031292,Cutaneous abscess,Skin abscess,yes
HP:0031293,Digital pitting scar,,no
HP:0031295,Left atrial enlargement,,no
HP:0031298,Coronary sinus enlargement,,no
HP:0031303,Femoral arterial calcification,,no
HP:0031304,Iliac arterial calcification,,no
HP:0031305,Tibial arterial calcification,,no
HP:0031310,Basilar artery calcification,,no
HP:0031313,Abdominal aortic calcification,,no
HP:0031314,Carotid artery calcification,,no
HP:0031316,Abnormal ventricular myocardium morphology,,no
HP:0031317,Fatty replacement of ventricular myocardial tissue,,no
HP:0031318,Myofiber disarray,,no
HP:0031319,Cardiomyocyte hypertrophy,,no
HP:0031320,Cardiomyocyte mitochondrial proliferation,,no
HP:0031323,Myocardial eosinophilic infiltration,,no
HP:0031324,Myocardial multinucleated giant cells,,no
HP:0031327,Cardiac transthyretin amyloid deposition,,no
HP:0031329,Interstitial cardiac fibrosis,,no
HP:0031331,Abnormal cardiomyocyte morphology,,no
HP:0031333,Myocardial sarcomeric disarray,,no
HP:0031348,Dextrotransposition of the great arteries,,no
HP:0031352,Chest tightness,,no
HP:0031353,Otitis media with effusion,Fluid behind eardrum,yes
HP:0031354,Sleep onset insomnia,Difficulty falling asleep,yes
HP:0031355,Maintenance insomnia,Difficulty staying asleep,yes
HP:0031357,Glomeruloid hemangioma,,no
HP:0031358,Vegetative state,,no
HP:0031359,Cutaneous sclerotic plaque,,no
HP:0031363,Palpable purpura,,no
HP:0031364,Ecchymosis,,no
HP:0031365,Macular purpura,,no
HP:0031367,Metaphyseal striations,,no
HP:0031368,Intestinal perforation,,no
HP:0031369,Colon perforation,,no
HP:0031372,Cold paresis,,no
HP:0031374,Ankle weakness,,no
HP:0031378,Abnormal lymphocyte proliferation,,no
HP:0031379,Abnormal T cell proliferation,,no
HP:0031380,Abnormal B cell proliferation,,no
HP:0031381,Decreased mitogen-induced T-cell proliferation,,no
HP:0031382,Decreased anti-CD3/28-induced T-cell proliferation,,no
HP:0031385,Megakaryocyte nucleus hypolobulation,,no
HP:0031386,Increased micromegakaryocyte count,,no
HP:0031388,Megakaryocyte nucleus hyperlobulation,,no
HP:0031390,Reduced MHC II cell surface expression,,no
HP:0031392,Abnormal CD4+ T cell subset proportion,,no
HP:0031393,Abnormal total CD8+ T cell number,,no
HP:0031394,Abnormal CD4:CD8 ratio,,no
HP:0031396,Abnormal naive T cell proportion,,no
HP:0031397,Decreased naive T cell proportion,,no
HP:0031402,Decreased antigen-specific T cell proliferation,,no
HP:0031404,Impaired antigen-specific response,,no
HP:0031405,Poroma,,no
HP:0031406,Abnormal cytokine signaling,,no
HP:0031408,Increased CD25+ mast cell proportion,,no
HP:0031409,Abnormal lymphocyte physiology,,no
HP:0031412,Abnormal telomere morphology,,no
HP:0031413,Short telomere length,,no
HP:0031414,Elevated circulating calcifediol concentration,,no
HP:0031415,Elevated circulating calcitriol concentration,,no
HP:0031416,Abnormal nasal mucus secretion,,no
HP:0031417,Rhinorrhea,Runny Nose,yes
HP:0031418,Increased body mass index,,no
HP:0031422,Abnormal cerebellar cortex morphology,,no
HP:0031424,Abnormal circulating beta-CTX concentration,,no
HP:0031425,Elevated circulating beta-CTX concentration,,no
HP:0031427,Abnormal circulating osteocalcin level,,no
HP:0031428,Increased circulating osteocalcin level,,no
HP:0031429,Decreased circulating osteocalcin level,,no
HP:0031430,Oligoclonal T cell expansion,,no
HP:0031432,Restricted or repetitive behaviors or interests,,no
HP:0031434,Abnormal prosody,,no
HP:0031435,Monotonic speech,,no
HP:0031441,Abnormal tricuspid valve annulus morphology,,no
HP:0031442,Abnormal tricuspid chordae tendinae morphology,,no
HP:0031443,Abnormal tricuspid valve leaflet morphology,,no
HP:0031445,Oral mucosa nodule,,no
HP:0031446,Erosion of oral mucosa,,no
HP:0031447,Penile freckling,,no
HP:0031448,Herpetiform vesicles,,no
HP:0031449,Perineal hemangioma,,no
HP:0031452,Lichenoid skin lesion,,no
HP:0031454,Apocrine hidrocystoma,,no
HP:0031457,Pulmonary opacity,,no
HP:0031459,Soft tissue neoplasm,,no
HP:0031464,Genital blistering,,no
HP:0031466,Impairment in personality functioning,,no
HP:0031467,Dysregulated negative emotional state,Feeling bad,yes
HP:0031468,Separation insecurity,,no
HP:0031469,Low self-esteem,,no
HP:0031473,Anger,Boiling mad,yes
HP:0031475,Status epilepticus without prominent motor symptoms,,no
HP:0031481,Abnormal mitral valve physiology,,no
HP:0031483,Reduced contraction of the left ventricular apex,,no
HP:0031485,Subperiosteal bone formation,,no
HP:0031487,Capillary malformation of the lip,,no
HP:0031490,Hemangioma of the lip,,no
HP:0031491,Continuous spike and waves during slow sleep,,no
HP:0031499,Appendiceal mucinous neoplasm,,no
HP:0031500,Abdominal mass,,no
HP:0031501,Pelvic mass,,no
HP:0031502,Trophoblastic tumor,,no
HP:0031504,Foamy urine,,no
HP:0031506,Increased circulating T4 concentration,,no
HP:0031507,Decreased circulating T4 concentration,,no
HP:0031508,Abnormal circulating thyroid hormone concentration,,no
HP:0031510,Linear earlobe crease,,no
HP:0031512,Abnormal cutaneous collagen fibril morphology,,no
HP:0031514,Increased exhausted T cell proportion,,no
HP:0031515,Abnormal meiosis,,no
HP:0031516,Metaphase I oocyte maturation arrest,,no
HP:0031517,Verruciform xanthoma,,no
HP:0031518,Absent posterior alpha rhythm,,no
HP:0031520,Groin pain,,no
HP:0031523,Salivary gland oncocytoma,,no
HP:0031525,Keratoacanthoma,,no
HP:0031526,Subretinal fluid,,no
HP:0031528,Subretinal deposits,,no
HP:0031531,Sub-RPE deposits,,no
HP:0031535,Increased theta frequency activity in EEG,,no
HP:0031538,Abnormal dermoepidermal junction morphology,,no
HP:0031539,Linear IgA deposits along the epidermal basement membrane zone,,no
HP:0031540,Linear IgG deposits along the epidermal basement membrane zone,,no
HP:0031541,Linear C3 deposits along the epidermal basement membrane zone,,no
HP:0031544,Elevated circulating palmitoleylcarnitine concentration,,no
HP:0031545,Abnormally low T cell receptor excision circle level,,no
HP:0031546,Cardiac conduction abnormality,,no
HP:0031547,Abnormal QT interval,,no
HP:0031549,Lymphocytoma cutis,,no
HP:0031555,Reduced granulocyte CD59 level,,no
HP:0031564,Bronchial isomerism,,no
HP:0031565,Abdominal situs ambiguus,,no
HP:0031566,Abnormal pulmonary valve cusp morphology,,no
HP:0031567,Abnormal aortic valve cusp morphology,,no
HP:0031568,Thickened aortic valve cusp,,no
HP:0031576,Tessier number 4 facial cleft,,no
HP:0031585,Tessier number 13 facial cleft,,no
HP:0031589,Suicidal ideation,,no
HP:0031590,Asthenopia,Eye strain,yes
HP:0031593,Abnormal PR interval,,no
HP:0031595,Abnormal P wave,,no
HP:0031601,P pulmonale,,no
HP:0031602,Abnormal mucociliary clearance,,no
HP:0031603,Impaired nasal mucociliary clearance,,no
HP:0031605,Abnormal fundus pigmentation,,no
HP:0031606,Retinal cotton wool spot,,no
HP:0031607,Pelvic organ prolapse,,no
HP:0031609,Macular geographic atrophy,,no
HP:0031610,Recurrent shoulder dislocation,Multiple shoulder dislocation,yes
HP:0031613,Inferior chorioretinal coloboma,,no
HP:0031615,Hypopyon,,no
HP:0031616,Anterior chamber flare,,no
HP:0031618,Anterior chamber flare grade 1+,,no
HP:0031623,Brow ptosis,Drooping brow,yes
HP:0031624,Moderate myopia,,no
HP:0031625,Pseudoaneurysm,,no
HP:0031627,Globus pallidus calcification,,no
HP:0031628,Aborted sudden cardiac death,,no
HP:0031629,Impaired tandem gait,Clumsy tandem walking,yes
HP:0031630,Abnormal subpleural morphology,,no
HP:0031631,Subpleural honeycombing,,no
HP:0031632,Aberrant right subclavian artery,,no
HP:0031634,Anomalous origin of the left common carotid artery from the main pulmonary artery,,no
HP:0031635,Anomalous origin of the left common carotid artery from the brachiocephalic artery,,no
HP:0031643,Fusiform ascending tubular aorta aneurysm,,no
HP:0031649,Aortic rupture,,no
HP:0031650,Abnormal atrioventricular valve physiology,,no
HP:0031653,Abnormal heart valve physiology,,no
HP:0031655,Quadricuspid aortic valve,,no
HP:0031656,Systolic anterior motion of the mitral valve,,no
HP:0031658,Third heart sound,,no
HP:0031659,Fourth heart sound,,no
HP:0031662,Fixed splitting of the second heart sound,,no
HP:0031663,Paradoxical splitting of the second heart sound,,no
HP:0031664,Systolic heart murmur,,no
HP:0031665,Midsystolic murmur,,no
HP:0031667,Holosystolic murmur,,no
HP:0031668,Diastolic heart murmur,,no
HP:0031670,Continuous heart murmur,,no
HP:0031676,Monomorphic ventricular tachycardia,,no
HP:0031677,Polymorphic ventricular tachycardia,,no
HP:0031684,Renal artery atherosclerosis,,no
HP:0031686,Increased stool alpha1-antitrypsin concentration,,no
HP:0031687,Abnormally loud pulmonic component of the second heart sound,,no
HP:0031688,Erythroid dysplasia,,no
HP:0031689,Megakaryocyte dysplasia,,no
HP:0031690,Opportunistic infection,,no
HP:0031691,Severe viral infection,,no
HP:0031692,Severe cytomegalovirus infection,,no
HP:0031693,Severe Epstein Barr virus infection,,no
HP:0031695,Severe parainfluenza infection,,no
HP:0031696,Disseminated viral infection,,no
HP:0031699,Disseminated cryptosporidium infection,,no
HP:0031700,Invasive parasitic infection,,no
HP:0031701,Anterior chamber inflammatory cells,,no
HP:0031703,Abnormal ear morphology,,no
HP:0031705,Compensatory head posture,,no
HP:0031707,Compensatory face turn to the right,,no
HP:0031710,Compensatory head tilt to the left shoulder,,no
HP:0031717,Alternating exotropia,,no
HP:0031721,Sensory exotropia,,no
HP:0031723,Secondary esotropia,,no
HP:0031728,Mild hypermetropia,,no
HP:0031729,Moderate hypermetropia,,no
HP:0031730,Axial myopia,,no
HP:0031731,Increased tear production,,no
HP:0031747,Superior rectus muscle underaction,,no
HP:0031766,Convergence excess esotropia,,no
HP:0031784,Abnormal ascending aorta morphology,,no
HP:0031790,Mixed astigmatism,,no
HP:0031792,Irregular astigmatism,,no
HP:0031793,Increased serum leptin,,no
HP:0031798,Elevated circulating apolipoprotein B concentration,,no
HP:0031799,Decreased circulating apolipoprotein A-I concentration,,no
HP:0031800,Elevated circulating apolipoprotein A-II concentration,,no
HP:0031807,Increased total basophil count,,no
HP:0031808,Decreased total basophil count,,no
HP:0031811,Bilirubinuria,,no
HP:0031813,Colonic eosinophilia,,no
HP:0031814,Palilalia,,no
HP:0031817,Decreased circulating parathyroid hormone level,,no
HP:0031819,Increased waist to hip ratio,,no
HP:0031825,Freezing of gait,,no
HP:0031826,Abnormal reflex,,no
HP:0031830,Pinguecula,,no
HP:0031831,Decreased serum zinc,,no
HP:0031833,Hypometric upward saccades,,no
HP:0031834,Aortopulmonary collateral arteries,,no
HP:0031842,Lymphangiectasis,,no
HP:0031843,Abnormally slow thought process,Mental slowness,yes
HP:0031844,Euphoria,,no
HP:0031845,Abnormal libido,,no
HP:0031846,Femur fracture,,no
HP:0031851,Reduced hematocrit,,no
HP:0031853,Isomerism,,no
HP:0031854,Left Isomerism,,no
HP:0031857,Ineffective esophageal peristalsis,,no
HP:0031860,Abnormal heart rate variability,,no
HP:0031861,Decreased heart rate variability,,no
HP:0031862,Increased heart rate variability,,no
HP:0031863,Bloodstream infectious agent,,no
HP:0031864,Bacteremia,,no
HP:0031866,Clasp-knife sign,,no
HP:0031867,Neck hypertonia,,no
HP:0031868,Optic ataxia,,no
HP:0031869,Recurrent joint dislocation,,no
HP:0031871,Abnormal Langerhans cell morphology,,no
HP:0031873,Early chronotype,,no
HP:0031874,Late chronotype,,no
HP:0031876,Decreased circulating hepcidin concentration,,no
HP:0031877,Elevated circulating hepcidin concentration,,no
HP:0031878,Acromicria,,no
HP:0031882,Agyria,,no
HP:0031883,Increased proinsulin:insulin ratio,,no
HP:0031885,Hyperglycorrhachia,,no
HP:0031886,Abnormal LDL cholesterol concentration,,no
HP:0031890,Increased urine urobilinogen,,no
HP:0031891,Decreased total eosinophil count,,no
HP:0031901,Elevated total serum tryptase,,no
HP:0031903,Abnormal circulating selenium concentration,,no
HP:0031905,Increased total hemolytic complement activity,,no
HP:0031908,Micrographia,,no
HP:0031909,Unicornuate uterus,,no
HP:0031910,Abnormal cranial nerve physiology,,no
HP:0031912,Trigeminal anesthesia,,no
HP:0031913,Rhombencephalosynapsis,,no
HP:0031919,Juvenile type ovarian granulosa cell tumor,,no
HP:0031921,Gastrocnemius myalgia,Calf muscle pain,yes
HP:0031923,Hematocolpos,,no
HP:0031925,Rosette,,no
HP:0031931,Ocular flutter,,no
HP:0031934,Abnormal descending aorta morphology,,no
HP:0031935,Ascending aorta hypoplasia,,no
HP:0031936,Delayed ability to walk,,no
HP:0031937,Tachylalia,,no
HP:0031938,Abnormal conus terminalis morphology,,no
HP:0031939,Conus terminalis arteriovenous malformation,,no
HP:0031943,Akathisia,,no
HP:0031944,Pleural thickening,,no
HP:0031945,"Elevated circulating N,N-dimethylglycine concentration",,no
HP:0031946,"Elevated urinary N,N-dimethylglycine level",,no
HP:0031947,Tongue tremor,Jerky movements of the tongue,yes
HP:0031949,Recurrent bacterial upper respiratory tract infections,,no
HP:0031950,Usual interstitial pneumonia,,no
HP:0031951,Nocturnal seizures,,no
HP:0031954,Dystonic gait,,no
HP:0031955,Antalgic gait,,no
HP:0031956,Elevated circulating aspartate aminotransferase concentration,,no
HP:0031958,Spastic paraparetic gait,,no
HP:0031959,Leg dystonia,,no
HP:0031960,Arm dystonia,,no
HP:0031961,Abnormal serum anion gap,,no
HP:0031962,Elevated serum anion gap,,no
HP:0031964,Elevated circulating alanine aminotransferase concentration,,no
HP:0031965,Increased RBC distribution width,,no
HP:0031969,Reduced blood urea nitrogen,,no
HP:0031971,Subaortic ventricular septal bulge,,no
HP:0031972,Presyncope,,no
HP:0031979,Abnormal urine carbohydrate level,,no
HP:0031981,Elevated urine glycolate,,no
HP:0031982,Abnormal putamen morphology,,no
HP:0031983,Abnormal pulmonary thoracic imaging finding,,no
HP:0031984,Esophageal food impaction,,no
HP:0031986,Polyminimyoclonus,,no
HP:0031987,Diminished ability to concentrate,Poor concentration,yes
HP:0031990,Chvostek sign,,no
HP:0031992,Apical hypertrophic cardiomyopathy,,no
HP:0031993,Hoffmann sign,,no
HP:0031994,Bronchial breath sound,,no
HP:0031996,Inspiratory crackles,,no
HP:0031998,Late inspiratory crackles,,no
HP:0032001,Pink urine,,no
HP:0032002,Orange urine,,no
HP:0032003,Green urine,,no
HP:0032005,Hemidystonia,,no
HP:0032007,Maceration,,no
HP:0032009,Infantile constant exotropia,,no
HP:0032012,Heterotropia,,no
HP:0032014,Dysmetric vertical saccades,,no
HP:0032016,Abnormal sputum,,no
HP:0032017,Sputum eosinophilia,,no
HP:0032018,Multiple mononeuropathy,,no
HP:0032019,Muscle eosinophilia,,no
HP:0032021,Eosinophilic liver infiltration,,no
HP:0032022,Eosinophilic dermal infiltration,,no
HP:0032024,Ileal ulcer,,no
HP:0032025,Decreased circulating alpha-1-antitrypsin concentration,,no
HP:0032027,Retinal dots,,no
HP:0032028,Macular dots,,no
HP:0032036,Reduced contrast sensitivity,,no
HP:0032037,Mildly reduced visual acuity,,no
HP:0032039,Abnormality of the ocular adnexa,,no
HP:0032043,Odynophagia,Painful swallowing,yes
HP:0032044,Decreased vigilance,,no
HP:0032046,Focal cortical dysplasia,,no
HP:0032047,Focal cortical dysplasia type I,,no
HP:0032051,Focal cortical dysplasia type II,,no
HP:0032052,Focal cortical dysplasia type IIa,,no
HP:0032059,Mild malformation of cortical development,,no
HP:0032061,Severely increased total eosinophil count,,no
HP:0032063,Ankle joint effusion,,no
HP:0032064,Gastrointestinal eosinophilia,,no
HP:0032066,Decreased serum bicarbonate concentration,,no
HP:0032067,Elevated serum bicarbonate concentration,,no
HP:0032069,Anti-thyroglobulin antibody positivity,,no
HP:0032072,Popliteal synovial cyst,,no
HP:0032073,Aplasia of the fallopian tube,,no
HP:0032075,Splenopancreatic fusion,,no
HP:0032077,Male urethral meatus stenosis,,no
HP:0032078,Angel-shaped phalanx,,no
HP:0032092,Left ventricular outflow tract obstruction,,no
HP:0032094,Elevated circulating surfactant protein concentration,,no
HP:0032097,Hypermanganesemia,,no
HP:0032101,Unusual infection,,no
HP:0032105,Macrosaccadic oscillations,,no
HP:0032106,Conjunctival icterus,Yellowing of the whites of the eyes,yes
HP:0032107,Limbal stem cell deficiency,,no
HP:0032118,Retinitis,,no
HP:0032121,Froment sign,,no
HP:0032122,Very low visual acuity,,no
HP:0032123,Ultra-low vision,,no
HP:0032126,Decreased unswitched memory B cell proportion,,no
HP:0032128,Increased plasmablast proportion,,no
HP:0032129,Decreased plasmablast proportion,,no
HP:0032132,Decreased circulating total IgG concentration,,no
HP:0032134,Chronic decreased circulating total IgG concentration,,no
HP:0032136,Decreased circulating IgG1 concentration,,no
HP:0032137,Decreased circulating IgG3 concentration,,no
HP:0032138,Decreased circulating IgG4 concentration,,no
HP:0032139,Decreased circulating isohemagglutinin concentration,,no
HP:0032140,Decreased specific antibody response to vaccination,,no
HP:0032141,Precordial pain,,no
HP:0032143,Burning mouth,,no
HP:0032147,Erythromelalgia,,no
HP:0032148,Episodic pain,,no
HP:0032150,Paroxysmal rectal pain,,no
HP:0032152,Keratosis pilaris,Chicken skin,yes
HP:0032153,Joint subluxation,,no
HP:0032154,Aphthous ulcer,Canker sore,yes
HP:0032155,Abdominal cramps,,no
HP:0032156,Skin detachment,,no
HP:0032159,Fungal meningitis,,no
HP:0032160,Cryptococcal meningitis,,no
HP:0032161,Coccidioidal meningitis,,no
HP:0032162,Unusual skin infection,,no
HP:0032163,Unusual molluscum contagiosum,,no
HP:0032164,Increased circulating folate concentration,,no
HP:0032165,Placental mesenchymal dysplasia,,no
HP:0032166,Unusual gastrointestinal infection,,no
HP:0032168,Clostridium difficile colitis,,no
HP:0032169,Severe infection,,no
HP:0032170,Severe varicella zoster infection,,no
HP:0032176,Apical pulmonary opacity,,no
HP:0032177,Parenchymal consolidation,,no
HP:0032180,Abnormal circulating metabolite concentration,,no
HP:0032182,Abnormal memory T cell proportion,,no
HP:0032183,Decreased memory T cell proportion,,no
HP:0032184,Increased memory T cell proportion,,no
HP:0032185,Disseminated molluscum contagiosum,,no
HP:0032188,Cellular hypersensitivity to mitomycin C,,no
HP:0032198,Decreased prothrombin time,,no
HP:0032199,Abnormal prothrombin time,,no
HP:0032203,Lymphoid nodular hyperplasia,,no
HP:0032204,Chronic active EBV infection,,no
HP:0032208,Increased urinary type 1 collagen N-terminal telopeptide level,,no
HP:0032209,Abnormal circulating free T3 concentration,,no
HP:0032210,Decreased circulating free T3,,no
HP:0032215,Disseminated cutaneous warts,,no
HP:0032216,Lymphocytic infiltration of the colorectal mucosa,,no
HP:0032217,Indurated nodule,,no
HP:0032218,Decreased total CD4+ T cell proportion,,no
HP:0032219,Increased total CD4+ T cell proportion,,no
HP:0032220,Interface hepatitis,,no
HP:0032225,Perifollicular fibroma,,no
HP:0032226,Abnormal sebaceous gland morphology,,no
HP:0032227,Sebaceous hyperplasia,,no
HP:0032228,Trichodiscoma,,no
HP:0032229,Perinuclear antineutrophil antibody positivity,,no
HP:0032230,Cytoplasmic antineutrophil antibody positivity,,no
HP:0032231,Hypochromia,,no
HP:0032232,Elevated circulating CK-MB concentration,,no
HP:0032234,Elevated circulating creatine kinase MM isoform concentration,,no
HP:0032235,Anti-La/SS-B antibody positivity,,no
HP:0032237,Increased circulating myelocyte count,,no
HP:0032238,Increased circulating metamyelocyte count,,no
HP:0032242,Cervical intraepithelial neoplasia,,no
HP:0032244,Decreased serum thromboxane B2,,no
HP:0032245,Abnormal metabolism,,no
HP:0032247,Persistent CMV viremia,,no
HP:0032248,Persistent viremia,,no
HP:0032249,Coccidioidomycosis,,no
HP:0032252,Granuloma,,no
HP:0032253,Eosinophilic granuloma,,no
HP:0032254,Elevated circulating copper concentration,,no
HP:0032255,Opportunistic fungal infection,,no
HP:0032256,Unusual Histoplasma capsulatum infection,,no
HP:0032257,Severe Histoplasma capsulatum infection,,no
HP:0032259,Chronic tinea infection,,no
HP:0032260,Opportunistic bacterial infection,,no
HP:0032261,Nontuberculous mycobacterial pulmonary infection,,no
HP:0032262,Pulmonary tuberculosis,,no
HP:0032263,Increased blood pressure,,no
HP:0032271,Extrapulmonary tuberculosis,,no
HP:0032273,Increased circulating N-acetylaspartic acid concentration,,no
HP:0032274,Increased CSF N-acetylaspartic acid concentration,,no
HP:0032275,Recurrent shingles,,no
HP:0032277,Lozenge-shaped umbilicus,,no
HP:0032278,2-hydroxyglutarate aciduria,,no
HP:0032282,Contact dermatitis,,no
HP:0032283,Disseminated non-tuberculous mycobacterial infection,,no
HP:0032285,Ultra-low vision with retained light projection,,no
HP:0032286,Ultra-low vision with retained light perception,,no
HP:0032287,Ultra-low vision with no light perception,,no
HP:0032288,Polyclonal elevation of circulating IgG concentration,,no
HP:0032290,Monoclonal elevation of circulating IgG concentration,,no
HP:0032297,Increased circulating IgG3 concentration,,no
HP:0032299,Increased circulating IgG2 concentration,,no
HP:0032300,Increased circulating IgG4 concentration,,no
HP:0032301,Genital warts,,no
HP:0032308,Increased circulating procalcitonin concentration,,no
HP:0032311,Elevated circulating globulin concentration,,no
HP:0032313,Frontotemporal hypertrichosis,,no
HP:0032315,Areolar fullness,,no
HP:0032323,Periodic fever,,no
HP:0032324,Non-periodic recurrent fever,,no
HP:0032325,Lacunar stroke,,no
HP:0032326,Methicillin-resistant Staphylococcus aureus infection,,no
HP:0032327,Interhemispheric cyst,,no
HP:0032330,Increased urinary 11-deoxycorticosterone level,,no
HP:0032335,Monoclonal elevation of circulating IgA,,no
HP:0032336,Increased circulating specific IgE antibody concentration,,no
HP:0032337,Monoclonal elevated circulating IgE concentration,,no
HP:0032339,Polyclonal elevated circulating IgE concentration,,no
HP:0032341,Reduced forced vital capacity,,no
HP:0032342,Reduced forced expiratory volume in one second,,no
HP:0032344,Upslanting toenail,,no
HP:0032346,Cutaneous lichen amyloidosis,,no
HP:0032347,Cutaneous macular amyloidosis,,no
HP:0032350,Sulfocysteinuria,,no
HP:0032351,Phenylalaninuria,,no
HP:0032359,Decreased forced expiratory flow 25-75%,,no
HP:0032362,Increased circulating corticosterone level,,no
HP:0032366,Positive direct antiglobulin test,,no
HP:0032367,Abnormal circulating growth hormone concentration,,no
HP:0032368,Acidemia,,no
HP:0032376,Anti-beta 2 glycoprotein I antibody positivity,,no
HP:0032381,Hydroa vacciniforme,,no
HP:0032385,Abnormal circulating transferrin concentration,,no
HP:0032386,Elevated circulating transferrin concentration,,no
HP:0032387,Decreased circulating transferrin concentration,,no
HP:0032388,Periventricular nodular heterotopia,,no
HP:0032389,Periventricular laminar heterotopia,,no
HP:0032390,Periventricular ribbonlike heterotopia,,no
HP:0032391,Subcortical heterotopia,,no
HP:0032397,Citrullinuria,,no
HP:0032398,Dysgyria,,no
HP:0032401,Aspartic aciduria,,no
HP:0032404,Testicular mass,,no
HP:0032407,Bilateral perisylvian polymicrogyria,,no
HP:0032408,Breast mass,,no
HP:0032409,Subcortical band heterotopia,,no
HP:0032411,Posterior predominant subcortical band heterotopia,,no
HP:0032416,Retinal microaneurysm,,no
HP:0032417,Periglomerular fibrosis,,no
HP:0032434,Delayed umbilical cord separation,,no
HP:0032435,Neonatal omphalitis,,no
HP:0032436,Abnormal circulating C-reactive protein concentration,,no
HP:0032437,Decreased circulating C-reactive protein concentration,,no
HP:0032438,Platelet anisocytosis,,no
HP:0032445,Pulmonary cyst,,no
HP:0032446,Pulmonary bulla,,no
HP:0032447,Pulmonary bleb,,no
HP:0032448,Achlorhydria,,no
HP:0032449,Abnormal dermoepidermal hemidesmosome morphology,,no
HP:0032451,Oral melanotic macule,,no
HP:0032454,Labial melanotic macule,,no
HP:0032458,Narrowing of medullary canal,,no
HP:0032460,Decreased phosphoribosylpyrophosphate synthetase level,,no
HP:0032464,Ureteral hypoplasia,,no
HP:0032465,Bladder trabeculation,,no
HP:0032466,Aplasia of the olfactory bulb,,no
HP:0032469,Anti-asialoglycoprotein receptor antibody positivity,,no
HP:0032470,Monilethrix,,no
HP:0032471,Focal polymicrogyria,,no
HP:0032477,Elevated circulating vitamin B6 concentration,,no
HP:0032480,Beta-aminoisobutyric aciduria,,no
HP:0032484,Elevated fecal sodium,,no
HP:0032486,Elevated fecal osmolality,,no
HP:0032487,Reduced fecal osmolality,,no
HP:0032489,Elevated fecal pH,,no
HP:0032491,Increased circulating argininosuccinic acid,,no
HP:0032492,Anti-myelin oligodendrocyte glycoprotein antibody positivity,,no
HP:0032497,Reduced terminal:vellus ratio,,no
HP:0032499,Giant neutrophil granules,,no
HP:0032506,Alien limb phenomenon,,no
HP:0032508,Polyembolokoilamania,,no
HP:0032514,Supernumerary lacrimal punctum,,no
HP:0032515,Deep dermatophytosis,,no
HP:0032521,Self hugging,,no
HP:0032523,Tendon thickening,,no
HP:0032524,Long thumb,,no
HP:0032527,Inferiorly positioned umbilicus,,no
HP:0032528,Elevated urinary 4-hydroxybutyric acid,,no
HP:0032530,Decreased tissue succinic semialdehyde dehydrogenase activity,,no
HP:0032531,Elevated CSF gamma-aminobutyric acid concentration,,no
HP:0032532,Elevated CSF 4-hydroxybutyric acid concentration,,no
HP:0032537,Delayed fracture healing,,no
HP:0032541,Knuckle pad,,no
HP:0032543,Lithoptysis,,no
HP:0032545,Abdominal rigidity,,no
HP:0032548,Increased placental thickness,,no
HP:0032549,Persistent asymmetrical tonic neck reflex,,no
HP:0032550,Howell-Jolly bodies,,no
HP:0032551,Hemorrhoids,Haemorrhoids,yes
HP:0032553,Weak pulse,,no
HP:0032554,Absent pulse,,no
HP:0032555,Bounding pulse,,no
HP:0032556,Circumoral cyanosis,Bluish around mouth,yes
HP:0032558,Absent sperm flagella,,no
HP:0032559,Short sperm flagella,,no
HP:0032560,Coiled sperm flagella,,no
HP:0032561,Microcephalic sperm head,Small-head sperm,yes
HP:0032562,Tapered sperm head,,no
HP:0032564,Ileitis,,no
HP:0032565,Vaginal mucosal ulceration,,no
HP:0032566,Oval macrocytosis,,no
HP:0032567,Lipiduria,,no
HP:0032568,Urinary mulberry cells,,no
HP:0032569,Temporal bossing,,no
HP:0032575,Decreased circulating 12-HETE,,no
HP:0032581,Abnormal renal interstitial morphology,,no
HP:0032582,Renal interstitial foam cells,,no
HP:0032583,Renal glomerular foam cells,,no
HP:0032588,Hand apraxia,,no
HP:0032592,Aplasia of the right hemidiaphragm,,no
HP:0032612,Triphalangeal hallux,,no
HP:0032613,Renal interstitial amyloid deposits,,no
HP:0032614,Renal glomerular amyloid deposition,,no
HP:0032615,Abnormal diffusion weighted cerebral MRI morphology,,no
HP:0032616,Renal interstitial immunoglobulin deposits,,no
HP:0032620,Intrarenal abscess,,no
HP:0032622,Tubular luminal dilatation,,no
HP:0032638,Elevated urine mevalonic acid level,,no
HP:0032639,Elevated leukocyte cystine,,no
HP:0032640,Elevated circulating CCL18 concentration,,no
HP:0032649,Skewfoot,,no
HP:0032653,Elevated lactate:pyruvate ratio,,no
HP:0032656,Febrile status epilepticus,,no
HP:0032660,Convulsive status epilepticus,,no
HP:0032661,Generalized convulsive status epilepticus,,no
HP:0032663,Focal motor status epilepticus,,no
HP:0032667,Myoclonic status epilepticus,,no
HP:0032670,Tonic status epilepticus,,no
HP:0032671,Non-convulsive status epilepticus without coma,,no
HP:0032676,Chronic cutaneous wound,,no
HP:0032677,Generalized-onset motor seizure,,no
HP:0032678,Eyelid myoclonia seizure,,no
HP:0032705,Focal aware cognitive seizure with forced thinking,,no
HP:0032712,Focal impaired awareness motor seizure,,no
HP:0032724,Focal impaired awareness tonic seizure,,no
HP:0032752,Focal impaired awareness emotional seizure with fear/anxiety/panic,,no
HP:0032755,Focal impaired awareness autonomic seizure,,no
HP:0032759,Focal sensory seizure with vestibular features,,no
HP:0032773,Focal autonomic seizure with palpitations/tachycardia/bradycardia/asystole,,no
HP:0032785,Focal aware autonomic seizure with epigastric sensation/nausea/vomiting/other gastrointestinal phenomena,,no
HP:0032786,Migrating focal seizure,,no
HP:0032792,Tonic seizure,,no
HP:0032794,Myoclonic seizure,,no
HP:0032799,Focal impaired awareness hemiclonic seizure,,no
HP:0032807,Neonatal seizure,,no
HP:0032810,Focal sensory seizure with cephalic sensation,,no
HP:0032823,Neonatal electro-clinical seizure with behavior arrest,,no
HP:0032860,Generalized non-convulsive status epilepticus without coma,,no
HP:0032864,Focal aware sensory seizure with auditory features,,no
HP:0032867,Refractory status epilepticus,,no
HP:0032894,Seizure precipitated by febrile infection,,no
HP:0032895,Febrile seizure outside the age of 3 months to 6 years,,no
HP:0032898,Focal automatism seizure,,no
HP:0032900,Focal manual automatism seizure,,no
HP:0032901,Focal pedal automatism seizure,,no
HP:0032906,Focal head nodding automatism seizure,,no
HP:0032909,Focal impaired awareness automatism seizure,,no
HP:0032930,Lacunar halos around chondrocytes,,no
HP:0032933,Airway hyperresponsiveness,,no
HP:0032934,Spontaneous cerebrospinal fluid leak,,no
HP:0032936,Intrusion symptom,,no
HP:0032943,Abnormal urine pH,,no
HP:0032944,Alkaline urine,,no
HP:0032945,Renal interstitial inflammation,,no
HP:0032948,Renal interstitial fibrosis,,no
HP:0032965,Interstitial emphysema,,no
HP:0032967,Panacinar emphysema,,no
HP:0032976,Elevated bronchoalveolar lavage fluid lymphocyte proportion,,no
HP:0032977,Elevated bronchoalveolar lavage fluid neutrophil proportion,,no
HP:0032979,Hemosiderin-laden macrophages in bronchoalveolar fluid,,no
HP:0032980,Absent bronchoalveolar surfactant-protein C,,no
HP:0032981,Absent bronchoalveolar dimeric surfactant-protein B,,no
HP:0032987,Elevated bronchoalveolar lavage fluid eosinophil proportion,,no
HP:0032988,Persistent head lag,,no
HP:0032989,Delayed ability to roll over,,no
HP:0032990,Localized pulmonary hemorrhage,,no
HP:0032992,Abnormal pulmonary fissure architecture,,no
HP:0032999,Increased fecal porphyrin,,no
HP:0033000,Subglottic laryngitis,,no
HP:0033001,Laryngeal papilloma,,no
HP:0033004,Palmar warts,,no
HP:0033005,Plantar warts,,no
HP:0033008,Increased Z-disc width,,no
HP:0033009,Increased fecal coproporphyrin 1,,no
HP:0033010,Increased fecal coproporphyrin 3,,no
HP:0033011,Platystencephaly,,no
HP:0033020,Female reproductive system neoplasm,,no
HP:0033026,White oral mucosal macule,,no
HP:0033027,Retinal peau d'orange,,no
HP:0033028,Anti-U1 ribonucleoprotein antibody positivity,,no
HP:0033030,Anti-glomerular basement membrane-antibody positivity,,no
HP:0033031,Hyperpyrexia,,no
HP:0033033,Anti-MDA5 antibody positivity,,no
HP:0033034,Anti-citrullinated protein antibody positivity,,no
HP:0033036,Decreased nasal nitric oxide,,no
HP:0033040,Anti-Sm antibody positivity,,no
HP:0033041,Cytokine storm,,no
HP:0033044,Motor regression,,no
HP:0033045,Bipedal edema,,no
HP:0033047,Body ache,,no
HP:0033048,Substantia nigra hypointensity on susceptibility-weighted imaging,,no
HP:0033049,Globus pallidus hypointensity on susceptibility-weighted imaging,,no
HP:0033050,Pharyngalgia,Sore throat,yes
HP:0033051,Impaired executive functioning,,no
HP:0033052,Non-epileptic seizure,,no
HP:0033058,Decreased circulating complement C7 concentration,,no
HP:0033059,Decreased circulating complement C6 concentration,,no
HP:0033060,Decreased circulating complement C5 concentration,,no
HP:0033061,Increased factor IX activity,,no
HP:0033063,Shortened sleep phase,,no
HP:0033067,Cystine crystalluria,,no
HP:0033073,Urate tophus,,no
HP:0033074,Steroid-responsive anemia,,no
HP:0033075,Inappropriately normal thyroid-stimulating hormone level,,no
HP:0033076,Abnormal circulating free T4 concentration,,no
HP:0033077,Increased circulating free T4 concentration,,no
HP:0033078,Decreased circulating free T4 concentration,,no
HP:0033082,Reduced TSH response to thyrotrophin-releasing hormone stimulation test,,no
HP:0033083,Increased circulating farnesol concentration,,no
HP:0033085,Reduced antral follicle count,,no
HP:0033087,Quotidian fever,,no
HP:0033092,Increased urine succinate level,,no
HP:0033094,Increased urine glutamate level,,no
HP:0033102,Monkey wrench femoral neck,,no
HP:0033104,Inappropriate absence of fever,,no
HP:0033105,Interhypothalamic adhesion,,no
HP:0033106,Elevated circulating D-dimer concentration,,no
HP:0033111,3-hydroxyisovaleric aciduria,,no
HP:0033113,Gallop rhythm,,no
HP:0033117,Duodenitis,,no
HP:0033118,Abnormal right ventricular function,,no
HP:0033122,Absent P wave,,no
HP:0033124,Elevated circulating sorbitol concentration,,no
HP:0033125,Follicular lymphoma,,no
HP:0033126,Cutaneous necrosis,,no
HP:0033127,Abnormality of the musculoskeletal system,,no
HP:0033128,Delayed ability to crawl,,no
HP:0033131,Renal medullary hyperechogenicity,,no
HP:0033132,Renal cortical hyperechogenicity,,no
HP:0033134,Abdominal adhesions,,no
HP:0033138,Right atrial thrombus,,no
HP:0033139,Elevated circulating uracil concentration,,no
HP:0033140,Blake's pouch cyst,,no
HP:0033142,Long nasal bridge,,no
HP:0033143,Jejunitis,,no
HP:0033144,Abnormal circulating ceruloplasmin concentration,,no
HP:0033146,Elevated circulating methylsuccinic acid concentration,,no
HP:0033148,Increased circulating isovaleric acid concentration,,no
HP:0033149,Intrahepatic bile duct dilatation,,no
HP:0033150,Anorectal abscess,,no
HP:0033154,Elevated circulating deoxypyridinoline concentration,,no
HP:0033155,Elevated circulating L-alloisoleucine concentration,,no
HP:0033158,Reduced respiratory ciliary beating frequency,,no
HP:0033163,Small intestinal bacterial overgrowth,,no
HP:0033164,Focal active colitis,,no
HP:0033165,Necrotizing enterocolitis,,no
HP:0033166,Recurrent viral upper respiratory tract infections,,no
HP:0033174,Bloody bronchoalveolar lavage fluid,,no
HP:0033176,Submandibular lymph node enlargement,,no
HP:0033177,Elevated circulating suberic acid concentration,,no
HP:0033178,Increased circulating interleukin 8 concentration,,no
HP:0033183,Bilobed right lung,,no
HP:0033186,Misalignment of the pulmonary veins,,no
HP:0033187,Hyperimidodipeptiduria,,no
HP:0033188,Cystic acne,,no
HP:0033189,Radiculomegaly,,no
HP:0033190,Hypertrichotic hyperpigmented patch,,no
HP:0033192,Decreased circulating selenium concentration,,no
HP:0033193,Ballooning hepatocyte degeneration,,no
HP:0033194,Perioral erythema,,no
HP:0033195,Perianal erythema,,no
HP:0033196,Portal inflammation,,no
HP:0033197,Hepatic lobular inflammation,,no
HP:0033199,Increased circulating interleukin 10 concentration,,no
HP:0033201,Biceps hyporeflexia,,no
HP:0033202,Brachioradialis hyporeflexia,,no
HP:0033204,Triceps hyperreflexia,,no
HP:0033205,Biceps hyperreflexia,,no
HP:0033206,Hyperactive Achilles reflex,,no
HP:0033207,Increased CD21low B cell proportion,,no
HP:0033208,Alveolar capillary dysplasia,,no
HP:0033210,Congenital alveolar dysplasia,,no
HP:0033213,Elevated urine suberic acid level,,no
HP:0033214,Recurrent viral pneumonia,,no
HP:0033220,2-ethylhydracylic aciduria,,no
HP:0033221,Increased CD4:CD8 ratio,,no
HP:0033222,Inverted CD4:CD8 ratio,,no
HP:0033229,Brachioradialis areflexia,,no
HP:0033235,Difficulty descending stairs,,no
HP:0033246,Type II pneumocyte hypertrophy,,no
HP:0033247,Pulmonary amyloidosis,,no
HP:0033249,Focal substantia nigra T2 hyperintensity,,no
HP:0033250,Nailfold capillary tortuosity,,no
HP:0033252,Palmar hyperlinearity,,no
HP:0033253,Reduced circulating interferon gamma concentration,,no
HP:0033255,Congenital lobar overinflation,,no
HP:0033256,Pancolitis,,no
HP:0033257,Delayed ability to walk with support,,no
HP:0033258,Sudden unexpected death in epilepsy,,no
HP:0033260,Livedo racemosa,,no
HP:0033261,Renal artery aneurysm,,no
HP:0033263,Absent platelet dense granules,,no
HP:0033264,Enlarged platelet dense granules,,no
HP:0033278,Reduced CD95-induced lymphocyte apoptosis,,no
HP:0033279,Enterocutaneous fistula,,no
HP:0033280,Paratracheal lymphadenopathy,,no
HP:0033281,Circulating nucleated red blood cells,,no
HP:0033282,Abnormal glomerular basement membrane morphology,,no
HP:0033289,Glomerular basement membrane wrinkling,,no
HP:0033295,Mesangial Immune complex deposition,,no
HP:0033308,Patellar overgrowth,,no
HP:0033309,Ileoileal intussusception,,no
HP:0033310,Osmotic diarrhea,,no
HP:0033316,Glomerular crescent formation,,no
HP:0033319,Fibrous crescent,,no
HP:0033325,Elevated circulating sebacic acid concentration,,no
HP:0033328,Type II pneumocyte hyperplasia,,no
HP:0033329,Abnormal postural reflex,,no
HP:0033331,Acute phase response,,no
HP:0033332,Elevated circulating serum amyloid A concentration,,no
HP:0033333,Jaw contracture,,no
HP:0033336,Zygotic cleavage failure,,no
HP:0033339,Increased circulating inosine concentration,,no
HP:0033340,Increased circulating guanosine concentration,,no
HP:0033341,Elevated circulating sitosterol concentration,,no
HP:0033342,Anti-aquaporin 4 antibody positivity,,no
HP:0033343,Mucoid diarrhea,,no
HP:0033345,Neuralgia,,no
HP:0033351,Candida esophagitis,,no
HP:0033355,Increased urine deoxypyridinoline level,,no
HP:0033357,Limited head rotation,,no
HP:0033362,Recurrent coughing spasms,,no
HP:0033363,Hyaline membranes,,no
HP:0033364,Lipoid pneumonia,,no
HP:0033367,Orthodeoxia,,no
HP:0033369,Cavitating leukodystrophy,,no
HP:0033376,Alveolar septal thickening,,no
HP:0033379,Bilateral superior vena cava,,no
HP:0033380,Nasal chondritis,,no
HP:0033383,Decreased compound muscle action potential amplitude,,no
HP:0033390,Bronchial artery dilatation,,no
HP:0033393,Irregularly shaped sperm tail,,no
HP:0033399,Persistent fever,,no
HP:0033402,Digital ischemia,,no
HP:0033404,Intestinal ischemia,,no
HP:0033407,Elevated urine acetoacetic acid level,,no
HP:0033418,Elevated circulating 2-hydroxybutyric acid concentration,,no
HP:0033423,Pulmonary arterial hypertension with positive acute response to NO challenge,,no
HP:0033424,Pulmonary arterial hypertension with lack of acute response to NO challenge,,no
HP:0033425,Periungual erythema,,no
HP:0033430,Non-infectious meningitis,,no
HP:0033431,Cytomegalovirus colitis,,no
HP:0033434,Nasal septum perforation,,no
HP:0033438,Elevated circulating myoglobin concentration,,no
HP:0033442,Elevated circulating glutarylcarnitine concentration,,no
HP:0033443,Elevated circulating propionylcarnitine concentration,,no
HP:0033444,Elevated circulating dodecanoylcarnitine concentration,,no
HP:0033446,Elevated circulating butyrylcarnitine concentration,,no
HP:0033447,Elevated circulating isovalerylcarnitine concentration,,no
HP:0033454,Tube feeding,,no
HP:0033465,Elevated circulating tetradecanoylcarnitine concentration,,no
HP:0033466,Weak grip,,no
HP:0033476,Extractable nuclear antigen positivity,,no
HP:0033478,Increased circulating lipoprotein lipase concentration,,no
HP:0033479,Abnormal circulating bilirubin concentration,,no
HP:0033480,Hypobilirubinemia,,no
HP:0033485,Glomerular basement membrane disruption,,no
HP:0033493,Mesangial matrix expansion,,no
HP:0033495,Segmental glomerulosclerosis,,no
HP:0033499,Glomerular basement membrane electron dense deposits,,no
HP:0033503,Elevated CSF fumarate concentration,,no
HP:0033504,Elevated circulating fumarate concentration,,no
HP:0033505,Livedo reticularis,,no
HP:0033508,EBV meningitis,,no
HP:0033509,EBV encephalitis,,no
HP:0033510,Cutaneous horn,,no
HP:0033511,Addictive substance use,,no
HP:0033522,Cerebral cavernous malformation,,no
HP:0033524,Abnormal sperm axoneme morphology,,no
HP:0033525,Absent sperm axoneme central pair complex,,no
HP:0033526,Limited ankle dorsiflexion,,no
HP:0033532,Decreased cardiac output,,no
HP:0033534,Increased circulating brain natriuretic peptide concentration,,no
HP:0033535,Reduced platelet dense granules,,no
HP:0033536,Reduced platelet alpha granules,,no
HP:0033542,Bronchial wall thickening,,no
HP:0033554,Anti-Mi2 antibody positivity,,no
HP:0033555,Anti-Ro/SS-A antibody positivity,,no
HP:0033556,Anti-nucleoporin 62 antibody positivity,,no
HP:0033557,Anti-proteinase 3 antibody positivity,,no
HP:0033558,Anti-histone antibody positivity,,no
HP:0033559,Anti-myeloperoxidase antibody positivity,,no
HP:0033560,Anti-PM-Scl antibody positivity,,no
HP:0033562,Anti-glycoprotein-210 antibody positivity,,no
HP:0033563,Anti-tissue transglutaminase antibody positivity,,no
HP:0033565,Anti-epidermal transglutaminase antibody positivity,,no
HP:0033567,Right axis deviation,,no
HP:0033568,Left axis deviation,,no
HP:0033579,Decreased growth hormone responses to growth hormone-releasing hormone challenge,,no
HP:0033580,Compound motor action potential abnormality,,no
HP:0033581,Absent peripheral lymph nodes in presence of infection,,no
HP:0033582,Pulmonary interstitial lymphocyte infiltration,,no
HP:0033583,Follicular bronchiolitis,,no
HP:0033584,Nonspecific interstitial pneumonia,,no
HP:0033589,Flatulence,,no
HP:0033594,Elevated urinary 7-biopterin level,,no
HP:0033595,Elevated circulating globotriaosylceramide concentration,,no
HP:0033596,Elevated urinary 3-methylcrotonylglycine level,,no
HP:0033597,Decreased mucosal sucrase-isomaltase activity,,no
HP:0033601,Glomerular subepithelial immune-complex deposits,,no
HP:0033604,Glomerular capillary wire loop deposits,,no
HP:0033605,Pustular rash,,no
HP:0033606,Bone marrow maturation arrest,,no
HP:0033607,Bone marrow arrest at the promyelocytic stage,,no
HP:0033608,Pulmonary nodule,Spot on the lung,yes
HP:0033614,Tracheal bronchus,,no
HP:0033627,Increased urine harderoporphyrin level,,no
HP:0033628,Bowel irritability,,no
HP:0033630,Brain fog,,no
HP:0033631,Spondylitis,,no
HP:0033637,Anti-endomysial antibody positivity,,no
HP:0033638,Intralobular septal thickening,,no
HP:0033640,Acetabular erosions,,no
HP:0033643,Increased circulating very long-chain fatty acid concentration,,no
HP:0033644,Elevated circulating erythropoietin concentration,,no
HP:0033645,Midline brainstem cleft,,no
HP:0033646,Absent hippocampal commissure,,no
HP:0033649,Paraseptal emphysema,,no
HP:0033655,Pulmonary cavity,,no
HP:0033660,Hand paresthesia,Hand tingling,yes
HP:0033661,Air crescent,,no
HP:0033662,Air bronchogram,,no
HP:0033665,Diminished health-related quality of life,,no
HP:0033666,Diminished physical functioning,,no
HP:0033670,Organizing pneumonia,,no
HP:0033672,Positive carpal Tinel sign,,no
HP:0033673,Positive Phalen test,,no
HP:0033676,Posttraumatic stress symptom,,no
HP:0033677,Acute respiratory distress syndrome,,no
HP:0033681,Oligodendroglioma,,no
HP:0033682,Pleomorphic xanthoastrocytoma,,no
HP:0033683,Jaw hyperreflexia,,no
HP:0033685,Fiber type grouping,,no
HP:0033686,Mitochondrial hypertrophy,,no
HP:0033687,Short term memory impairment,,no
HP:0033689,Anterograde memory impairment,,no
HP:0033697,Vesicular eruption,,no
HP:0033700,Papulovesicular eruption,,no
HP:0033701,Cortical sclerosis of the iliac wing,,no
HP:0033704,Elevated urinary homogentisic acid,,no
HP:0033707,Perioral hyperkeratosis,,no
HP:0033708,Anti-3-hydroxy- 3-methylglutaryl-coA reductase antibody positivity,,no
HP:0033709,Increased sputum production,Increased phlegm,yes
HP:0033712,Repeated implantation failure,,no
HP:0033713,Anti-signal recognition particle antibody positivity,,no
HP:0033715,Hippocampal sclerosis,,no
HP:0033716,EEG with frontal epileptiform discharges,,no
HP:0033717,EEG with temporal epileptiform discharges,,no
HP:0033719,EEG with parietal epileptiform discharges,,no
HP:0033720,EEG with occipital epileptiform discharges,,no
HP:0033724,Cerebral venous sinus thrombosis,,no
HP:0033725,Thin corpus callosum,,no
HP:0033726,Lupus nephritis,,no
HP:0033733,Low-grade vesicoureteral reflux,,no
HP:0033736,Grade II vesicoureteral reflux,,no
HP:0033737,Grade III vesicoureteral reflux,,no
HP:0033741,Grade IV vesicoureteral reflux,,no
HP:0033743,Macular agenesis,,no
HP:0033747,Abnormal exteroceptive sensation,,no
HP:0033748,Hypoesthesia,Numbness,yes
HP:0033755,Increased left ventricular end-diastolic volume,,no
HP:0033759,Impaired renal tubular reabsorption of magnesium,,no
HP:0033769,Fundic gland polyposis,,no
HP:0033770,Gastric adenocarcinoma,,no
HP:0033773,Decreased RV/TLC ratio,,no
HP:0033782,Semilunar tooth,,no
HP:0033784,Dentin dysplasia,,no
HP:0033785,Enamel agenesis,,no
HP:0033786,Hypomature enamel,,no
HP:0033790,Thistle tube shaped pulp,,no
HP:0033791,Tooth ankylosis,,no
HP:0033792,Cross bite,,no
HP:0033794,Acral overgrowth,,no
HP:0033802,Intra-epidermal blistering,,no
HP:0033803,Sub-lamina densa cleavage,,no
HP:0033804,Subepidermal blistering,,no
HP:0033807,Absent keratohyalin granules,,no
HP:0033808,Spermatocele,,no
HP:0033809,Increased circulating 17 hydroxypregnenolone concentration,,no
HP:0033810,Decreased circulating dihydrotestosterone concentration,,no
HP:0033812,Decreased circulating androstenedione concentration,,no
HP:0033823,Mediastinal mass,,no
HP:0033832,Livedo,,no
HP:0033833,Elevated circulating sCD25 concentration,,no
HP:0033834,Malaise,,no
HP:0033838,Dysphoria,Emotional discomfort,yes
HP:0033841,Ocular pruritus,Itchy eyes,yes
HP:0033842,Early satiety,Feeling full quickly when eating,yes
HP:0033850,Coldness,,no
HP:0033851,Oculomotor synkinesis,,no
HP:0033867,Multilamellation of medullary peritubular capillary basement membranes,,no
HP:0033976,Volar fingernail,,no
HP:0033977,Talar aplasia,,no
HP:0033978,Reduced beta-hexosaminidase B activity,,no
HP:0033980,Paroxysmal tonic upgaze,,no
HP:0033981,Vertebral artery tortuosity,,no
HP:0033982,Celiac artery dissection,,no
HP:0033983,Decreased circulating apolipoprotein C-II concentration,,no
HP:0033985,Elongated femoral neck,,no
HP:0033992,Chronotropic incompetence,,no
HP:0033993,Viral encephalitis,,no
HP:0033994,Dependency on parenteral nutrition,,no
HP:0033995,Microvillus inclusions,,no
HP:0033996,Microvillar PAS-positive secretory granules,,no
HP:0033997,Perinuclear cardiomyocyte vacuolization,,no
HP:0034001,Anti-Complement factor H antibody positivity,,no
HP:0034003,Broad medial eyebrow,,no
HP:0034004,Parosmia,,no
HP:0034007,Posterior atrophy of corpus callosum,,no
HP:0034008,Opto-chiasmatic atrophy,,no
HP:0034010,Increased megakaryocyte colony forming unit count,,no
HP:0034011,Reduced progressive sperm motility,,no
HP:0034012,Palmoplantar hypohidrosis,,no
HP:0034016,Anti-HLA antibody positivity,,no
HP:0034026,Elevated circulating saccharopine concentration,,no
HP:0034029,Hepatic foam cells,,no
HP:0034032,Central cyanosis,,no
HP:0034033,Peripheral cyanosis,,no
HP:0034039,Ventricular couplet,,no
HP:0034040,Bidirectional ventricular tachycardia,,no
HP:0034042,Dorsal hirsutism,,no
HP:0034043,Increased fecal bile acid,,no
HP:0034044,Trident pelvis,,no
HP:0034045,Angulated muscle fibers,,no
HP:0034046,Mandibular osteolysis,,no
HP:0034047,Rib osteolysis,,no
HP:0034048,Decreased circulating chenodeoxycholic acid concentration,,no
HP:0034049,Elevated urinary prostaglandin E2 level,,no
HP:0034051,Hypoplastic anterior limbs of the internal capsule,,no
HP:0034052,Impaired toe-walking ability,,no
HP:0034053,Decreased acid ceramidase activity,,no
HP:0034054,Probst bundles,,no
HP:0034055,Anti-side-chain cleavage enzyme antibody positivity,,no
HP:0034056,Increased fecal calprotectin level,,no
HP:0034061,Anti-steroid 17alpha-hydroxylase antibody positivity,,no
HP:0034062,Anti-insulin antibody positivity,,no
HP:0034063,Anti-islet antigen-2 antibody positivity,,no
HP:0034067,Tonofilament clumping,,no
HP:0034071,Anti-21-hydroxylase antibody positivity,,no
HP:0034075,Decreased circulating apolipoprotein B concentration,,no
HP:0034076,Anti-ribosome Po antibody positivity,,no
HP:0034077,Anti-complement component C1q antibody positivity,,no
HP:0034084,Anti-phosphatidyl ethanolamine antibody positivity,,no
HP:0034088,Anti-Ku antibody positivity,,no
HP:0034093,Anti-Ro52/TRIM21 antibody positivity,,no
HP:0034096,Anti-phosphatidic acid antibody positivity,,no
HP:0034097,Anti-phosphatidyl choline antibody positivity,,no
HP:0034098,Anti-phosphatidyl glycerol antibody positivity,,no
HP:0034099,Anti-phosphatidyl inositol antibody positivity,,no
HP:0034100,Anti-phosphatidyl serine antibody positivity,,no
HP:0034101,Anti-annexin-V antibody positivity,,no
HP:0034105,Anti-transcription intermediary factor-1gamma antibody positivity,,no
HP:0034107,Anti-p53 antibody positivity,,no
HP:0034108,Anti-Y-box protein-1 antibody positivity,,no
HP:0034110,Anti-Gerbich phenotype 1 antibody positivity,,no
HP:0034111,Anti-MIT3 antibody positivity,,no
HP:0034114,Anti-hexokinase-1 antibody positivity,,no
HP:0034115,Anti-Kelch like protein 12 antibody positivity,,no
HP:0034122,Anti-GQ1b antibody positivity,,no
HP:0034139,Anti-SUMO-activating enzyme antibody positivity,,no
HP:0034142,Anti-nuclear matrix protein-2 antibody positivity,,no
HP:0034143,Anti-threonyl-tRNA synthetase antibody positivity,,no
HP:0034145,Anti-alanyl-tRNA synthetase antibody positivity,,no
HP:0034146,Anti-glycyl tRNA-synthetase antibody positivity,,no
HP:0034147,Anti-aminoacyl-tRNA synthetase antibody positivity,,no
HP:0034148,Anti-isoleucyl tRNA-synthetase antibody positivity,,no
HP:0034149,Anti-phenylalanyl tRNA synthetase antibody positivity,,no
HP:0034150,Anti-tyrosyl-tRNA synthetase antibody positivity,,no
HP:0034151,Anti-asparaginyl-tRNA synthetase antibody positivity,,no
HP:0034152,Anti-histidyl tRNA synthetase antibody positivity,,no
HP:0034153,Anti-cytosolic-5-nucleotidase-1A antibody positivity,,no
HP:0034155,Anti-sp100 antibody positivity,,no
HP:0034156,Anti-beta-2-Glycoprotein I IgG antibody positivity,,no
HP:0034157,Anti-beta-2-Glycoprotein I IgM antibody positivity,,no
HP:0034159,Pagetic bone lesion,,no
HP:0034163,Reduced circulating interleukin 10 concentration,,no
HP:0034165,Reduced circulating interleukin 21 concentration,,no
HP:0034168,Reduced circulating interleukin 22 concentration,,no
HP:0034171,Reduced circulating interleukin 23 concentration,,no
HP:0034174,Reduced circulating interleukin 27 concentration,,no
HP:0034177,Reduced circulating interleukin 17A concentration,,no
HP:0034180,Fusion of the caudate and putamen,,no
HP:0034184,Elevated circulating insulin-like growth factor-binding protein acid labile subunit concentration,,no
HP:0034185,Median pseudocleft lip,,no
HP:0034187,Clavicular pseudarthrosis,,no
HP:0034188,Midline liver,,no
HP:0034189,Anti-thyroid-stimulating hormone receptor antibody positivity,,no
HP:0034192,Pulmonary thromboembolism,,no
HP:0034193,Stratum basale cleavage,,no
HP:0034194,Suprabasal cleavage,,no
HP:0034196,Ductus venosus agenesis,,no
HP:0034201,Increased CSF homovanillic acid concentration,,no
HP:0034203,Decreased iduronate sulfatase level,,no
HP:0034204,Decreased circulating C1-esterase inhibitor concentration,,no
HP:0034207,Abnormal fetal gastrointestinal system morphology,,no
HP:0034210,Fetal intraventricular hemorrhage,,no
HP:0034217,Sonographic non-visualized fetal bladder,,no
HP:0034222,Temporal lobe dysplasia,,no
HP:0034224,Absent end-diastolic umbilical artery flow,,no
HP:0034226,Champagne cork sign,,no
HP:0034231,Sigmoid kidney,,no
HP:0034249,Severe influenza infection,,no
HP:0034252,Absent corneal reflex,,no
HP:0034259,Hypoplasia of the midbrain,,no
HP:0034260,Aplastic zygomatic arch,,no
HP:0034262,Absent lanugo,,no
HP:0034263,Abnormal vaginal bleeding,,no
HP:0034265,Mastalgia,Breast pain,yes
HP:0034267,Pelvic pain,,no
HP:0034269,Abnormal vaginal discharge,,no
HP:0034270,Serrated incisors,,no
HP:0034271,Copper beaten skull,,no
HP:0034272,Perifoveal hypoautofluorescence,,no
HP:0034273,Premature sagging cheeks,,no
HP:0034275,Verrucous epidermal nevus,,no
HP:0034276,Elevated circulating thymidine concentration,,no
HP:0034277,Elevated circulating deoxyuridine concentration,,no
HP:0034278,Multinucleated erythroblast,,no
HP:0034279,"2,8-dihydroxyadenine crystalluria",,no
HP:0034280,Target cells,,no
HP:0034281,Phalangeal cone-shaped epiphyses,,no
HP:0034282,Subcutaneous ossification,,no
HP:0034283,Increased fecal protoporphyrin concentration,,no
HP:0034284,Recurrent gingivitis,,no
HP:0034285,Enteroviral encephalitis,,no
HP:0034287,Afibrinogenemia,,no
HP:0034288,Elevated circulating reverse T3 concentration,,no
HP:0034289,Elevated circulating rT3/T3 ratio,,no
HP:0034290,Elevated circulating tiglylglycine concentration,,no
HP:0034291,Elevated circulating creatine concentration,,no
HP:0034292,Reduced circulating creatine concentration,,no
HP:0034293,Temporal lobe calcification,,no
HP:0034294,Ductal bile plugs,,no
HP:0034295,Reduced cerebral white matter volume,,no
HP:0034297,Elevated circulating tetracosanoic acid concentration,,no
HP:0034298,Elevated circulating hexacosanoic acid concentration,,no
HP:0034299,Sertoli cell-only phenotype,,no
HP:0034300,Decreased acid sphingomyelinase activity,,no
HP:0034302,Megalopapilla,,no
HP:0034303,Notched T wave,,no
HP:0034304,Epsilon wave,,no
HP:0034305,2:1 atrioventricular block,,no
HP:0034306,Ventricular bigeminy,,no
HP:0034307,Elevated left ventricular end-diastolic diameter,,no
HP:0034308,Prolonged P wave,,no
HP:0034309,Multiflagellar spermatozoa,,no
HP:0034311,Hypoplastic optic chiasm,,no
HP:0034313,Hyperdynamic left ventricular ejection fraction,,no
HP:0034315,Chronic cough,,no
HP:0034316,Thinning of the substantia nigra pars compacta,,no
HP:0034320,Muscle fiber intracytoplasmic reducing inclusion bodies,,no
HP:0034321,Elevated circulating guanidinoacetic acid concentration,,no
HP:0034322,Reduced tissue galactocerebrosidase activity,,no
HP:0034323,Reduced circulating growth hormone concentration,,no
HP:0034324,Brachiocephalic artery aneurysm,,no
HP:0034325,Common carotid artery aneurysm,,no
HP:0034328,Fibro-obliterative bile-duct lesion,,no
HP:0034330,Regional right ventricular hypokinesis,,no
HP:0034332,Cognitive regression,,no
HP:0034333,Increased circulating hypoxanthine concentration,,no
HP:0034336,Splenic infarction,,no
HP:0034337,Claw hand deformity,,no
HP:0034342,Trapezius muscle aplasia,,no
HP:0034346,Nesidioblastosis,,no
HP:0034347,Greater auricular nerve thickening,,no
HP:0034348,Subpulmonary stenosis,,no
HP:0034349,Supravalvar pulmonary stenosis,,no
HP:0034350,Valvular pulmonary stenosis,,no
HP:0034351,Neuromyotonia,,no
HP:0034352,Bile duct polyp,,no
HP:0034353,Appendicular spasticity,,no
HP:0034354,Trichoschisis,,no
HP:0034359,Impaired renal tubular reabsorption of phosphate,,no
HP:0034360,Action myoclonus,,no
HP:0034361,Redundant umbilical skin,,no
HP:0034362,Dull foveal reflex,,no
HP:0034363,Corneal pterygium,Surfer's eye,yes
HP:0034364,Fibrofatty replacement of right ventricular myocardium,,no
HP:0034365,Elevated circulating alpha-aminoadipic semialdehyde concentration,,no
HP:0034367,Decreased circulating beta-mannosidase activity,,no
HP:0034368,Urolithiasis,,no
HP:0034369,Decreased level of coenzyme Q10 in skeletal muscle,,no
HP:0034371,Decreased circulating prekallikrein concentration,,no
HP:0034372,Internal tibial torsion,,no
HP:0034373,External tibial torsion,,no
HP:0034374,Trident acetabulum,,no
HP:0034375,Spherophakia,,no
HP:0034376,Atrioventricular valve regurgitation,,no
HP:0034378,Urethrovesical occlusion,,no
HP:0034381,Central nervous system axonal spheroid,,no
HP:0034383,Elevated circulating biliverdin concentration,,no
HP:0034384,Elevated circulating insulin:C-peptide ratio,,no
HP:0034386,Reduced left ventricular endsystolic diameter,,no
HP:0034388,Hilar lymph node enlargement,,no
HP:0034390,Decreased CSF glycine concentration,,no
HP:0034391,Elbow contracture,,no
HP:0034392,Joint contracture,,no
HP:0034393,Elbow extension contracture,,no
HP:0034394,Forearm supination contracture,,no
HP:0034396,Hippocampal malrotation,,no
HP:0034397,Claw toe deformity,,no
HP:0034399,Prolonged central motor conduction time,,no
HP:0034400,Circumferential skin creases on extremities,,no
HP:0034403,Subcutaneous panniculitis-like T-cell lymphoma,,no
HP:0034405,Enlarged tectum,,no
HP:0034414,Thick oral frenulum,,no
HP:0034418,Erythematous oral mucosa,,no
HP:0034425,Reduced hair sulfur content,,no
HP:0034435,Abnormal eye contact,,no
HP:0034438,Balanitis,,no
HP:0034445,Reduced gamma-glutamyltransferase level,,no
HP:0034447,Increased circulating interleukin 18 concentration,,no
HP:0034449,Increased phytanic acid:pristanic acid ratio,,no
HP:0034454,Arachnoid granulation,,no
HP:0034456,Elevated circulating glutathione concentration,,no
HP:0034457,Hawkinsinuria,,no
HP:0034458,Elevated urinary phenylpyruvic acid level,,no
HP:0034464,Homocitrullinuria,,no
HP:0034465,2-hydroxyadipic aciduria,,no
HP:0034469,Decreased stool elastase level,,no
HP:0034470,Elevated stool chloride content,,no
HP:0034471,Increased fecal coproporphyrin III:coproporphyrin I ratio,,no
HP:0034472,Increased fecal harderoporphyrin,,no
HP:0034499,Increased bone marrow iron,,no
HP:0034513,Increased circulating Interferon-alpha concentration,,no
HP:0034517,Pretibial plaque,,no
HP:0034518,Gingival fragility,,no
HP:0034521,Periorificial hyperkeratosis,,no
HP:0034529,Reduced muscle myoadenylate deaminase activity,,no
HP:0034530,Bent long bone,,no
HP:0034532,Increased myocardial glycogen content,,no
HP:0034542,Hairshafts with longitudinal grooves,,no
HP:0034548,Portal vein hypoplasia,,no
HP:0034553,Absence of peroxisomes,,no
HP:0034565,Elevated urinary 5-amino-4-imidazolecarboxamide-riboside level,,no
HP:0034566,Aplasia of posterior communicating artery,,no
HP:0034567,Optic pit,,no
HP:0034572,Pigment incontinence,,no
HP:0034585,Cochlear nerve hypoplasia,,no
HP:0034586,Glutathionuria,,no
HP:0034587,Nevus psiloliparus,,no
HP:0034588,Crypt hyperplasia,,no
HP:0034589,Increased circulating dehydroepiandrosterone-sulfate concentration,,no
HP:0034590,Abnormal circulating thyroxine-binding globulin concentration,,no
HP:0034591,Decreased circulating thyroxine-binding globulin concentration,,no
HP:0034593,Elevated circulating dihydrouracil concentration,,no
HP:0034595,Elevated circulating N-carbamoyl-beta-alanine concentration,,no
HP:0034597,Decreased CSF creatinine concentration,,no
HP:0034601,Decreased circulating C1q concentration,,no
HP:0034602,Decreased circulating apolipoprotein A-II concentration,,no
HP:0034609,Polychromasia,,no
HP:0034633,Reduced muscle enolase activity,,no
HP:0034635,Muscle fiber granulofilamentous inclusion bodies,,no
HP:0034648,Elevated urine fumaric acid level,,no
HP:0034649,Elevated urine N-acetylaspartic acid level,,no
HP:0034656,Elevated urine 3-hydroxyglutaric level,,no
HP:0034657,Elevated urine malonic acid level,,no
HP:0034659,Elevated urine tiglylglycine level,,no
HP:0034661,Elevated urine 3-hydroxypropionic acid level,,no
HP:0034662,Elevated urine 2-methylcitric acid level,,no
HP:0034665,Shoulder contracture,,no
HP:0034671,Knee contracture,,no
HP:0034672,Knee extension contracture,,no
HP:0034675,Toe joint contracture,,no
HP:0034677,Ankle contracture,,no
HP:0034681,Finger joint contracture,,no
HP:0034687,Impaired cerebroside sulfate hydrolysis,,no
HP:0034688,Reduced peroxisomal glutaryl-CoA oxidase activity,,no
HP:0034691,Reduced 3-phosphoglycerate dehydrogenase activity,,no
HP:0034694,Substantia nigra dopaminergic neuron loss,,no
HP:0034697,Cutaneous telangiectasia,,no
HP:0034699,Elevated aromatase activity,,no
HP:0034703,Keratinocyte vacuolization,,no
HP:0034706,Reduced hepatic D-glycerate kinase activity,,no
HP:0034712,Decreased circulating alpha-mannosidase activity,,no
HP:0034714,Hepatic melanin-like lysosomal pigmentation,,no
HP:0034715,Reduced uroporphyrinogen decarboxylase activity,,no
HP:0034720,Self-healing squamous epithelioma,,no
HP:0034721,Elevated circulating pristanic acid concentration,,no
HP:0034722,Sarcoplasmic bodies,,no
HP:0034730,Elevated circulating S-adenosyl-L-homocysteine concentration,,no
HP:0034731,Elevated circulating S-adenosyl-L-methionine concentration,,no
HP:0034734,Elevated CSF argininosuccinic acid concentration,,no
HP:0034738,Reduced erythrocyte glutathione concentration,,no
HP:0034742,Elevated urinary formiminoglutamic acid level,,no
HP:0034744,Elevated urinary S-sulfocysteine level,,no
HP:0034751,Inguinal lymphadenopathy,,no
HP:0034752,Axillary lymphadenopathy,,no
HP:0034754,Bilious emesis,,no
HP:0034760,Reduced epidermal extracellular matrix protein 1 protein expression,,no
HP:0034766,Muscle fiber polyglucosan inclusion bodies,,no
HP:0034769,Pulmonary Langerhans cell histiocytosis,,no
HP:0034770,Lumbar hypolordosis,,no
HP:0034773,Oscillopsia,,no
HP:0034782,Obstipation,,no
HP:0034786,Leukocytoclastic vasculitis,,no
HP:0034787,Accumulation of lipid droplets in small-bowel enterocytes,,no
HP:0034795,Excess residual spermatozoal cytoplasm,,no
HP:0034797,Hepatic hemophagocytosis,,no
HP:0034799,Splenic hemophagocytosis,,no
HP:0034804,Corneal foreign body sensation,,no
HP:0034805,Buttock pain,,no
HP:0034806,Vaginal foreign body sensation,,no
HP:0034807,Paroxysmal nocturnal dyspnea,,no
HP:0034811,Bent sperm flagella,,no
HP:0034818,Severe oligozoospermia,,no
HP:0034819,Iris nodule,,no
HP:0034820,Koeppe nodules,,no
HP:0034821,Bussaca nodules,,no
HP:0034823,Decreased CSF copper concentration,,no
HP:0034829,Adrenal cortical sclerosis,,no
HP:0034830,"Reduced hepatic fructose-1,6-phosphate aldolase activity",,no
HP:0034838,Cleavage at junction of stratum corneum and stratum granulosum,,no
HP:0034839,Lymphoid hyperplasia,,no
HP:0034859,Reduced tissue beta-glucuronidase activity,,no
HP:0034861,Reduced leukocyte arylsulfatase B activity,,no
HP:0034863,Reduced leukocyte arylsulfatase A activity,,no
HP:0034864,Decreased alpha-galactosidase A activity,,no
HP:0034882,Prostatic calculus,,no
HP:0034883,Decreased portal vein velocity,,no
HP:0034886,Decreased urinary uromodulin level,,no
HP:0034888,Decreased urine guanidinoacetic acid level,,no
HP:0034893,Elevated brain glycine level by MRS,,no
HP:0034894,Elevated brain polyol compounds by MRS,,no
HP:0034905,Elevated circulating uroporphyrin concentration,,no
HP:0034913,Acrosomal hypoplasia,,no
HP:0034914,Oocyte maturation arrest,,no
HP:0034918,"Reduced muscle 2,4-dienoyl-CoA reductase activity",,no
HP:0034919,"Reduced liver 2,4-dienoyl-CoA reductase activity",,no
HP:0034920,Nasal mucosa vasculitis,,no
HP:0034936,Elevated circulating lathosterol concentration,,no
HP:0034937,Elevated circulating desmosterol concentration,,no
HP:0034940,Muscle fiber calsequestrin 1-containing inclusion bodies,,no
HP:0034941,Palatine myxoma,,no
HP:0034943,Decreased dermal collagen,,no
HP:0034946,Multiple eyelid margin cysts,,no
HP:0034947,Altered location of the longitudinal column in the fibrous sheath,,no
HP:0034975,Occipital horn,,no
HP:0034976,Absent pituitary stalk,,no
HP:0034977,Abnormal pituitary stalk morphology,,no
HP:0034978,Interrupted pituitary stalk,,no
HP:0034980,Synkinesis,,no
HP:0034982,Perianal anesthesia,,no
HP:0034985,Reduced cellular cobalamin uptake,,no
HP:0034995,"Reduced tissue fructose-1,6-bisphosphatase activity",,no
HP:0035005,Reduced hepatic alanine-glyoxylate aminotransferase activity,,no
HP:0035007,Thin spermatozoon midpiece,,no
HP:0035019,Elevated circulating C5 acylcarnitine concentration,,no
HP:0035024,Elevated circulating methylmalonylcarnitine concentration,,no
HP:0035028,Elevated circulating 3-hydroxyisovalerylcarnitine concentration,,no
HP:0040009,Hyperparakeratosis,,no
HP:0040010,Small posterior fossa,,no
HP:0040012,Chromosome breakage,,no
HP:0040013,Decreased mitochondrial number,,no
HP:0040014,Increased mitochondrial number,,no
HP:0040016,Prominent coccyx,Prominent tailbone,yes
HP:0040019,Finger clinodactyly,Curvature of finger,yes
HP:0040022,Clinodactyly of the 2nd finger,Curvature of index finger,yes
HP:0040023,Clinodactyly of the thumb,Curvature of thumb,yes
HP:0040024,Clinodactyly of the 3rd finger,Curvature of middle finger,yes
HP:0040025,Clinodactyly of the 4th finger,Curvature of ring finger,yes
HP:0040030,Chorioretinal hypopigmentation,,no
HP:0040031,Chorioretinal hyperpigmentation,,no
HP:0040034,Abnormality of the second metatarsal bone,Abnormality of the 2nd long bone of foot,yes
HP:0040035,Abnormality of the fourth metatarsal bone,Abnormality of the 4th long bone of foot,yes
HP:0040036,Onychogryphosis of fingernail,Overgrowth and curving of fingernail,yes
HP:0040039,Onycholysis of fingernails,Detachment of fingernails,yes
HP:0040042,Aplasia of the eccrine sweat glands,,no
HP:0040044,Hypoplasia of the diaphragm,Underdeveloped diaphragm,yes
HP:0040045,Abnormal hemidiaphragm morphology,,no
HP:0040047,Abnormal right hemidiaphragm morphology,,no
HP:0040049,Macular edema,,no
HP:0040053,Long lower eyelashes,Increased length of lower eyelashes,yes
HP:0040064,Abnormality of limbs,Abnormal limbs,yes
HP:0040068,Abnormality of limb bone,Abnormality of limb bone,yes
HP:0040069,Abnormal lower limb bone morphology,Abnormal shape of bones of the lower limbs,yes
HP:0040070,Abnormal upper limb bone morphology,Abnormal shape of bones of the upper limbs,yes
HP:0040071,Abnormal morphology of ulna,,no
HP:0040072,Abnormal forearm bone morphology,Abnormality of forearm bone,yes
HP:0040075,Hypopituitarism,,no
HP:0040078,Axonal degeneration,,no
HP:0040079,Irregular dentition,Irregular teeth,yes
HP:0040080,Anteverted ears,,no
HP:0040081,Abnormal circulating creatine kinase activity,Abnormal levels of creatine kinase in blood,yes
HP:0040082,Happy demeanor,Happy demeanor,yes
HP:0040084,Abnormal circulating renin concentration,Abnormal circulating renin,yes
HP:0040085,Abnormal circulating aldosterone concentration,Abnormal circulating aldosterone,yes
HP:0040086,Abnormal prolactin level,Abnormal prolactin level,yes
HP:0040087,Abnormal circulating folate concentration,,no
HP:0040088,Abnormal lymphocyte count,Abnormal lymphocyte count,yes
HP:0040089,Abnormal total natural killer cell count,,no
HP:0040090,Abnormal tympanic membrane morphology,Abnormality of the eardrum,yes
HP:0040095,Neoplasm of the outer ear,Outer ear tumor,yes
HP:0040106,Abnormal lateral semicircular canal morphology,,no
HP:0040113,Old-aged sensorineural hearing impairment,,no
HP:0040115,Abnormal Eustachian tube morphology,,no
HP:0040119,Unilateral conductive hearing impairment,,no
HP:0040121,Abnormality of the acoustic reflex,,no
HP:0040128,Abnormal sweat electrolytes,,no
HP:0040129,Abnormal nerve conduction velocity,,no
HP:0040130,Abnormal circulating iron concentration,,no
HP:0040131,Abnormal motor nerve conduction velocity,,no
HP:0040132,Abnormal sensory nerve conduction velocity,,no
HP:0040133,Abnormal circulating ferritin concentration,Abnormal serum ferritin,yes
HP:0040135,Abnormal transferrin saturation,,no
HP:0040137,Comedonal acne,,no
HP:0040138,Mucinous histiocytosis,,no
HP:0040139,Lipogranulomatosis,,no
HP:0040140,Degeneration of the striatum,,no
HP:0040142,Reduced circulating 5-oxoprolinase activity,,no
HP:0040143,Dystopic os odontoideum,,no
HP:0040144,L-2-hydroxyglutaric aciduria,,no
HP:0040145,Dicarboxylic acidemia,,no
HP:0040146,D-2-hydroxyglutaric acidemia,,no
HP:0040147,L-2-hydroxyglutaric acidemia,,no
HP:0040148,Cortical myoclonus,,no
HP:0040149,Woolly scalp hair,Afro-textured scalp hair,yes
HP:0040154,Acne inversa,,no
HP:0040155,Elevated urinary 3-hydroxybutyric acid,,no
HP:0040159,Abnormal spaced incisors,Abnormal spaced incisors,yes
HP:0040160,Generalized osteoporosis,,no
HP:0040161,Localized osteoporosis,,no
HP:0040162,Orthokeratosis,,no
HP:0040163,Abnormal pelvis bone morphology,Abnormal shape of pelvis bone,yes
HP:0040164,Lipomas of eyelids,Fatty tumors on the eyelids,yes
HP:0040165,Periostitis,,no
HP:0040167,Facial papilloma,Facial wart,yes
HP:0040169,Loose anagen hair,,no
HP:0040170,Abnormality of hair growth,,no
HP:0040171,Decreased serum testosterone concentration,Decreased serum testosterone level,yes
HP:0040173,Abnormality of the tongue muscle,Abnormality of the tongue muscle,yes
HP:0040181,Chapped lip,Chapped lip,yes
HP:0040183,Encopresis,Stool holding,yes
HP:0040185,Macrothrombocytopenia,,no
HP:0040186,Maculopapular exanthema,,no
HP:0040187,Neonatal sepsis,,no
HP:0040188,Osteochondrosis,,no
HP:0040189,Scaling skin,flaking skin,yes
HP:0040190,White scaling skin,White scaling skin,yes
HP:0040191,Rectus femoris muscle atrophy,,no
HP:0040194,Increased head circumference,Increased head circumference,yes
HP:0040195,Decreased head circumference,Decreased head circumference,yes
HP:0040196,Mild microcephaly,,no
HP:0040197,Encephalomalacia,,no
HP:0040198,Non-medullary thyroid carcinoma,,no
HP:0040201,Simultanapraxia,,no
HP:0040204,Elevated CSF neopterin level,,no
HP:0040206,Abnormal circulating neopterin concentration,,no
HP:0040209,Decreased CSF biopterin level,,no
HP:0040210,Abnormal circulating biopterin concentration,,no
HP:0040211,Abnormal skin morphology of the palm,,no
HP:0040212,Risus sardonicus,,no
HP:0040213,Hypopnea,Shallow breathing,yes
HP:0040214,Abnormal circulating insulin concentration,,no
HP:0040216,Hypoinsulinemia,,no
HP:0040217,Elevated hemoglobin A1c,,no
HP:0040218,Reduced total natural killer cell count,,no
HP:0040219,Absent natural killer cells,,no
HP:0040221,Hypoplasia of the dental root,,no
HP:0040223,Pulmonary hemorrhage,,no
HP:0040224,Abnormality of fibrinolysis,,no
HP:0040226,Decreased level of heparin co-factor II,,no
HP:0040227,Decreased level of histidine-rich glycoprotein,,no
HP:0040228,Decreased circulating plasminogen concentration,,no
HP:0040229,Decreased level of thrombomodulin,,no
HP:0040230,Decreased level of tissue plasminogen activator,,no
HP:0040231,Abnormal onset of bleeding,,no
HP:0040232,Delayed onset bleeding,,no
HP:0040233,Factor XIII subunit A deficiency,,no
HP:0040234,Factor XIII subunit B deficiency,,no
HP:0040235,Leukocyte inclusion bodies,,no
HP:0040238,Impaired neutrophil chemotaxis,,no
HP:0040240,Increased ratio of VWF propeptide to VWF antigen,,no
HP:0040242,Muscle hemorrhage,,no
HP:0040245,Reduced alpha-2-antiplasmin activity,,no
HP:0040246,Reduced antithrombin antigen,,no
HP:0040247,Reduced euglobulin clot lysis time,,no
HP:0040248,Reduced plasminogen activator inhibitor 1 activity,,no
HP:0040249,Reduced plasminogen activator inhibitor 1 antigen,,no
HP:0040250,Reduced prothrombin antigen,,no
HP:0040253,Increased size of the clitoris,,no
HP:0040261,Increased size of nasopharyngeal adenoids,,no
HP:0040262,Glue ear,,no
HP:0040264,Jaw pain,Jaw pain,yes
HP:0040265,Upper limb muscle hypertrophy,,no
HP:0040266,Proximal upper limb muscle hypertrophy,,no
HP:0040270,Impaired glucose tolerance,,no
HP:0040272,Hyperintensity of MRI T2 signal of the spinal cord,,no
HP:0040274,Adenocarcinoma of the small intestine,,no
HP:0040275,Adenocarcinoma of the large intestine,,no
HP:0040276,Adenocarcinoma of the colon,,no
HP:0040287,Axial muscle atrophy,,no
HP:0040288,Nasogastric tube feeding,,no
HP:0040289,Cyclically decreased total neutrophil count,,no
HP:0040293,Right hemiplegia,,no
HP:0040295,Duplication of the upper lip,,no
HP:0040296,Abnormal location of the eyebrow,,no
HP:0040299,Decreased circulating free fatty acid level,,no
HP:0040301,Increased urinary glycerol,,no
HP:0040302,Hyperglycerolemia,,no
HP:0040303,Decreased circulating iron concentration,,no
HP:0040306,Decreased male libido,,no
HP:0040307,Male sexual dysfunction,,no
HP:0040309,Increased size of the mandible,,no
HP:0040310,Sterile arthritis,,no
HP:0040311,Symmetric polyarthritis,,no
HP:0040313,Oligoarthritis,,no
HP:0040314,Blind vagina,,no
HP:0040315,Tongue edema,,no
HP:0040317,Blue urine,,no
HP:0040318,Red urine,,no
HP:0040319,Dark urine,,no
HP:0040320,Red-brown urine,,no
HP:0040321,Dark yellow urine,,no
HP:0040322,Purple urine,,no
HP:0040326,Hypoplasia of the olfactory bulb,,no
HP:0040327,Abnormal morphology of the olfactory bulb,,no
HP:0040328,Focal hyperintensity of cerebral white matter on MRI,,no
HP:0040329,Multifocal hyperintensity of cerebral white matter on MRI,,no
HP:0040330,Confluent hyperintensity of cerebral white matter on MRI,,no
HP:0040331,Focal hypointensity of cerebral white matter on MRI,,no
HP:0040334,Purulent rhinitis,,no
HP:0040412,Left ventricular thrombus,,no
HP:0040416,Abnormal urinary nitrogen compound level,,no
HP:0040417,Decreased urinary biopterin level,,no
HP:0040420,Decreased urinary neopterin level,,no
HP:0040422,Elevated urinary inosine level,,no
HP:0040424,Elevated urinary guanosine level,,no
HP:0041042,Absent neutrophil lactoferrin,,no
HP:0041043,Neutrophil nuclear clefts,,no
HP:0041044,Low neutrophil alkaline phosphatase,,no
HP:0041045,Increased neutrophil mitochondria,,no
HP:0041046,Increased neutrophil ribosomes,,no
HP:0041047,Bladder outlet obstruction,,no
HP:0041048,Decreased expression of GPI-anchored proteins on the cell surface,,no
HP:0041050,Renal tubular cyst,,no
HP:0041056,Hot cross bun sign,,no
HP:0041059,Chronic absent circulating IgG4,,no
HP:0041063,Chronic decreased circulating IgG2 concentration,,no
HP:0041068,Chronic decreased circulating IgG1 concentration,,no
HP:0041079,Decreased body fat percentage,,no
HP:0041093,Beau's lines,,no
HP:0041159,Fractured rib,,no
HP:0041162,Metatarsal fracture,,no
HP:0041166,Fractured vertebra,,no
HP:0041248,Fractured carpal bone,,no
HP:0045005,Neural tube defect,,no
HP:0045007,Abnormal substantia nigra morphology,,no
HP:0045010,Abnormal peripheral nerve morphology by anatomical site,,no
HP:0045014,Hypolipidemia,,no
HP:0045017,Congenital malformation of the left heart,,no
HP:0045025,Narrow palpebral fissure,Narrow eyelid opening,yes
HP:0045026,Abnormal mediastinum morphology,,no
HP:0045027,Abnormality of the thoracic cavity,,no
HP:0045028,Microlissencephaly,,no
HP:0045034,Elevated urinary 3-aminoisobutyric acid,,no
HP:0045037,Abnormality of jaw muscles,Abnormality of jaw muscles,yes
HP:0045039,Osteolysis involving bones of the upper limbs,,no
HP:0045040,Abnormal circulating lactate dehydrogenase concentration,,no
HP:0045041,Reduced circulating lactate dehydrogenase concentration,,no
HP:0045042,Decreased circulating complement C4 concentration,,no
HP:0045044,Decreased circulating complement C4b concentration,,no
HP:0045045,Elevated circulating fatty acylcarnitine concentration,,no
HP:0045046,Decreased circulating insulin-like growth factor-binding protein acid labile subunit concentration,,no
HP:0045047,HbS hemoglobin,,no
HP:0045048,Increased HbA2 hemoglobin,,no
HP:0045050,Increased DLCO,,no
HP:0045051,Decreased DLCO,,no
HP:0045052,Abnormality of the brachial nerve plexus,,no
HP:0045054,Brachial plexus neuropathy,,no
HP:0045055,Tiger tail banding,Tiger tail banding,yes
HP:0045056,Abnormal circulating alpha-fetoprotein concentration,,no
HP:0045058,Abnormality of the testis size,,no
HP:0045059,Hyperkeratotic papule,,no
HP:0045060,Aplasia/hypoplasia involving bones of the extremities,,no
HP:0045061,Decreased carnitine level in liver,,no
HP:0045073,Serositis,,no
HP:0045074,Thin eyebrow,Thin eyebrow,yes
HP:0045075,Sparse eyebrow,Sparse eyebrow,yes
HP:0045079,Distal femoral metaphyseal irregularity,,no
HP:0045081,Abnormality of body mass index,,no
HP:0045082,Decreased body mass index,,no
HP:0045084,Limb myoclonus,,no
HP:0045086,Knee joint hypermobility,Knee joint over-flexibility,yes
HP:0045087,Hip joint hypermobility,,no
HP:0046504,Decreased libido,,no
HP:0046505,Hand pain,,no
HP:0046507,Bradypnea,,no
HP:0100001,Malignant mesothelioma,,no
HP:0100006,Neoplasm of the central nervous system,Tumors of the central nervous system,yes
HP:0100008,Schwannoma,,no
HP:0100010,Spinal meningioma,,no
HP:0100011,Scleral schwannoma,,no
HP:0100012,Neoplasm of the eye,Eye tumor,yes
HP:0100013,Neoplasm of the breast,Breast tumor,yes
HP:0100014,Epiretinal membrane,,no
HP:0100015,Stahl ear,,no
HP:0100016,Abnormal mesentery morphology,,no
HP:0100018,Nuclear cataract,Yellowish cloudy center of lens,yes
HP:0100019,Cortical cataract,,no
HP:0100020,Posterior capsular cataract,,no
HP:0100021,Cerebral palsy,,no
HP:0100022,Abnormality of movement,Abnormality of movement,yes
HP:0100023,Recurrent hand flapping,,no
HP:0100024,Conspicuously happy disposition,,no
HP:0100025,Overfriendliness,,no
HP:0100026,Arteriovenous malformation,,no
HP:0100027,Recurrent pancreatitis,Recurring pancreas inflammation,yes
HP:0100028,Ectopic thyroid,Abnormal thyroid location,yes
HP:0100029,Lingual thyroid,,no
HP:0100031,Neoplasm of the thyroid gland,,no
HP:0100033,Tics,Tic disorder,yes
HP:0100034,Motor tics,,no
HP:0100035,Phonic tics,,no
HP:0100036,Pseudo-fractures,,no
HP:0100037,Abnormality of the scalp hair,Abnormality of the scalp hair,yes
HP:0100038,Slow-growing scalp hair,Slow-growing scalp hair,yes
HP:0100039,Thickened cortex of bones,,no
HP:0100040,Broad 2nd toe,Wide 2nd toe,yes
HP:0100046,Cone-shaped epiphyses of the 2nd toe,Cone-shaped end part of the 2nd toe bone,yes
HP:0100057,Cone-shaped epiphyses of the 3rd toe,Cone-shaped end part of the 3rd toe bone,yes
HP:0100068,Cone-shaped epiphyses of the 4th toe,Cone-shaped end part of the 4th toe bone,yes
HP:0100133,Abnormality of the pubic hair,Abnormality of the pubic hair,yes
HP:0100134,Abnormality of the axillary hair,,no
HP:0100168,Fragmented epiphyses,Fragmented end part of bone,yes
HP:0100238,Synostosis involving bones of the upper limbs,Fusion involving bones of the upper limbs,yes
HP:0100240,Synostosis of joints,Fusion of joints,yes
HP:0100242,Sarcoma,Cancer of connective tissue,yes
HP:0100243,Leiomyosarcoma,,no
HP:0100244,Fibrosarcoma,,no
HP:0100245,Gastrointestinal desmoid tumor,,no
HP:0100246,Osteoma,,no
HP:0100247,Recurrent singultus,Hiccup,yes
HP:0100248,Hemiballismus,,no
HP:0100249,Calcification of muscles,,no
HP:0100250,Meningeal calcification,,no
HP:0100251,Multiple central nervous system lipomas,,no
HP:0100252,Diaphyseal dysplasia,,no
HP:0100253,Abnormality of the medullary cavity of the long bones,Abnormality of the marrow cavity of the long bones,yes
HP:0100254,Stenosis of the medullary cavity of the long bones,,no
HP:0100255,Metaphyseal dysplasia,,no
HP:0100256,Senile plaques,,no
HP:0100257,Ectrodactyly,Cleft hand,yes
HP:0100258,Preaxial polydactyly,,no
HP:0100259,Postaxial polydactyly,,no
HP:0100260,Mesoaxial polydactyly,,no
HP:0100261,Abnormal tendon morphology,Abnormal shape of tendon,yes
HP:0100263,Distal symphalangism,,no
HP:0100264,Proximal symphalangism,,no
HP:0100266,Synostosis of carpals/tarsals,Wrist bone/ankle bone fusions,yes
HP:0100267,Lip pit,,no
HP:0100268,Upper lip pit,,no
HP:0100271,Hyponasal speech,,no
HP:0100272,Branchial sinus,,no
HP:0100273,Neoplasm of the colon,Colon tumor,yes
HP:0100274,Gustatory lacrimation,,no
HP:0100275,Diffuse cerebellar atrophy,,no
HP:0100276,Skin pit,Skin pit,yes
HP:0100277,Periauricular skin pits,Pits around the ear,yes
HP:0100279,Ulcerative colitis,,no
HP:0100280,Crohn's disease,,no
HP:0100282,Acute colitis,,no
HP:0100283,EMG: continuous motor unit activity at rest,,no
HP:0100284,EMG: myotonic discharges,,no
HP:0100285,EMG: impaired neuromuscular transmission,,no
HP:0100287,EMG: slow motor conduction,,no
HP:0100288,EMG: myokymic discharges,,no
HP:0100291,Delayed somatosensory central conduction time,,no
HP:0100292,Amyloidosis of peripheral nerves,,no
HP:0100293,Hypertrophied muscle fibers,,no
HP:0100295,Muscle fiber atrophy,Muscle fiber degeneration,yes
HP:0100296,Perifascicular muscle fiber atrophy,,no
HP:0100297,Increased endomysial connective tissue,,no
HP:0100298,Motheaten muscle fibers,,no
HP:0100299,Muscle fiber inclusion bodies,,no
HP:0100301,Muscle fiber tubular inclusions,,no
HP:0100303,Muscle fiber cytoplasmatic inclusion bodies,,no
HP:0100304,Muscle fiber intranuclear inclusion bodies,,no
HP:0100306,Muscle fiber hyaline bodies,,no
HP:0100307,Cerebellar hemisphere hypoplasia,,no
HP:0100308,Cerebral cortical hemiatrophy,,no
HP:0100309,Subdural hemorrhage,,no
HP:0100310,Epidural hemorrhage,,no
HP:0100315,Lewy bodies,,no
HP:0100318,Lafora bodies,,no
HP:0100320,Rosenthal fibers,,no
HP:0100321,Abnormal dentate nucleus morphology,,no
HP:0100323,Juvenile aseptic necrosis,,no
HP:0100324,Scleroderma,,no
HP:0100326,Immunologic hypersensitivity,,no
HP:0100327,Cow milk allergy,Cow milk allergy,yes
HP:0100328,Carpometacarpal synostosis,Fused wrist bones and long bones of hand,yes
HP:0100329,Tarsometatarsal synostosis,Fused bones of the midfoot,yes
HP:0100333,Unilateral cleft lip,One sided cleft upper lip,yes
HP:0100334,Unilateral cleft palate,One sided cleft palate,yes
HP:0100335,Non-midline cleft of the upper lip,,no
HP:0100336,Bilateral cleft lip,Both sided cleft lip,yes
HP:0100337,Bilateral cleft palate,Right and left cleft palate,yes
HP:0100339,Abnormality of the os naviculare pedis,,no
HP:0100341,Tibial deviation of the 4th toe,,no
HP:0100343,Tibial deviation of the 3rd toe,,no
HP:0100345,Tibial deviation of the 2nd toe,,no
HP:0100347,Tibial deviation of the 5th toe,,no
HP:0100350,Contracture of the proximal interphalangeal joint of the 4th toe,,no
HP:0100360,Upper-limb joint contracture,,no
HP:0100362,Aplasia of the phalanges of the 3rd toe,Absent digital bone of the 3rd toe,yes
HP:0100368,Short phalanx of the 5th toe,Short little toe bone,yes
HP:0100371,Aplasia/Hypoplasia of the distal phalanx of the 5th toe,Absent/small outermost little toe bone,yes
HP:0100379,Aplasia of the distal phalanx of the 4th toe,Absent outermost bone of the 4th toe,yes
HP:0100380,Aplasia of the distal phalanx of the 5th toe,Absent outermost bone of the little toe,yes
HP:0100381,Absent middle phalanx of the 3rd toe,Absent middle bone of the 3rd toe,yes
HP:0100382,Aplasia of the middle phalanx of the 4th toe,Absent middle bone of 4th toe,yes
HP:0100387,Aplasia of the middle phalanges of the toes,Absent middle toe bones,yes
HP:0100391,Short distal phalanx of the 5th toe,Short outermost bone of the little toe,yes
HP:0100394,Short middle phalanx of the 5th toe,Hypoplastic/small middle phalanx of the 5th toe,yes
HP:0100396,Short proximal phalanx of the 4th toe,,no
HP:0100398,Duplication of the distal phalanx of the 3rd toe,Duplication of the outermost bone of the 3rd toe,yes
HP:0100444,Curved middle phalanx of the 4th toe,Curved middle bone of 4th toe,yes
HP:0100453,Osteolytic defects of the middle phalanx of the 4th toe,,no
HP:0100483,Second ray metatarsophalangeal synostosis,Fused innermost bone of 2nd toe with the 2nd long bone of foot,yes
HP:0100490,Camptodactyly of finger,Permanent flexion of the finger,yes
HP:0100491,Abnormality of lower limb joint,Abnormality of lower limb joint,yes
HP:0100494,Abnormal mast cell morphology,,no
HP:0100495,Mastocytosis,,no
HP:0100499,Tibial deviation of toes,,no
HP:0100500,Fibular deviation of toes,,no
HP:0100501,Recurrent bronchiolitis,,no
HP:0100502,Decreased circulating vitamin B12 concentration,Vitamin B12 deficiency,yes
HP:0100503,Decreased circulating vitamin B1 concentration,Vitamin B1 deficiency,yes
HP:0100504,Decreased circulating vitamin B2 concentration,Vitamin B2 deficiency,yes
HP:0100507,Decreased circulating folate concentration,Folate deficiency,yes
HP:0100508,Abnormality of vitamin metabolism,Abnormality of vitamin metabolism,yes
HP:0100510,Decreased circulating vitamin C concentration,Vitamin C deficiency,yes
HP:0100511,Abnormal circulating vitamin D concentration,Abnormality of vitamin D metabolism,yes
HP:0100512,Decreased circulating vitamin D concentration,Deficient in vitamin D,yes
HP:0100513,Decreased circulating vitamin E concentration,Vitamin E deficiency,yes
HP:0100514,Abnormal circulating vitamin E concentration,,no
HP:0100515,Pollakisuria,Constant urination,yes
HP:0100517,Neoplasm of the urethra,,no
HP:0100518,Dysuria,Dull burning sensation with urination,yes
HP:0100519,Anuria,Absent urine output,yes
HP:0100520,Oliguria,,no
HP:0100521,Neoplasm of the thymus,,no
HP:0100522,Thymoma,,no
HP:0100523,Liver abscess,Liver abscess,yes
HP:0100524,Limb duplication,Limb duplication,yes
HP:0100525,Urachus fistula,,no
HP:0100526,Neoplasm of the lung,Lung cancer,yes
HP:0100527,Neoplasia of the pleura,,no
HP:0100528,Pleuropulmonary blastoma,,no
HP:0100529,Abnormal circulating phosphate ion concentration,,no
HP:0100530,Abnormal circulating calcium-phosphate regulating hormone concentration,,no
HP:0100531,Wind-swept deformity of the knees,Wind-swept deformity of the knees,yes
HP:0100532,Scleritis,Inflammation of the outer white part of the eye,yes
HP:0100533,Inflammatory abnormality of the eye,Inflammatory abnormality of the eye,yes
HP:0100534,Episcleritis,Inflammation of the thin layer on top of the white part of eye,yes
HP:0100535,Tibiofibular diastasis,,no
HP:0100536,Abnormal fascia morphology,,no
HP:0100537,Fasciitis,Inflammation of the fascia,yes
HP:0100538,Abnormality of the supraorbital ridges,Abnormality of the brow of the face,yes
HP:0100539,Periorbital edema,,no
HP:0100540,Palpebral edema,Fullness of eyelids,yes
HP:0100541,Femoral hernia,,no
HP:0100542,Abnormal localization of kidney,Abnormal localisation of kidneys,yes
HP:0100543,Cognitive impairment,Abnormality of cognition,yes
HP:0100544,Neoplasm of the heart,Heart tumor,yes
HP:0100545,Arterial stenosis,Narrowing of an artery,yes
HP:0100546,Carotid artery stenosis,Narrowing of carotid artery,yes
HP:0100550,Tendon rupture,Rupture of tendons,yes
HP:0100551,Neoplasm of the trachea,,no
HP:0100553,Hemihypertrophy of lower limb,Overgrowth of one leg,yes
HP:0100554,Hemihypertrophy of upper limb,Overgrowth of one arm,yes
HP:0100555,Asymmetric growth,Uneven or disproportionate growth of one body part compared to another,yes
HP:0100556,Hemiatrophy,Asymmetric limb shortening,yes
HP:0100558,Hemiatrophy of upper limb,Asymmetric upper limb shortening,yes
HP:0100559,Lower limb asymmetry,Left and right leg differ in length or width,yes
HP:0100560,Upper limb asymmetry,Unequal size of arms,yes
HP:0100561,Spinal cord lesion,,no
HP:0100563,Diastomatomyelia,,no
HP:0100565,Hydromyelia,,no
HP:0100568,Neoplasm of the endocrine system,,no
HP:0100569,Abnormally ossified vertebrae,Abnormal bone maturation of vertebra,yes
HP:0100570,Carcinoid tumor,,no
HP:0100571,Cardiac diverticulum,,no
HP:0100574,Biliary tract neoplasm,,no
HP:0100575,Neoplasm of the gallbladder,,no
HP:0100576,Amaurosis fugax,,no
HP:0100577,Urinary bladder inflammation,Urinary bladder inflammation,yes
HP:0100578,Lipoatrophy,Loss of fat tissue in localized area,yes
HP:0100579,Mucosal telangiectasiae,,no
HP:0100580,Barrett esophagus,,no
HP:0100581,Dilatation of renal calices,,no
HP:0100582,Nasal polyposis,,no
HP:0100583,Corneal perforation,,no
HP:0100584,Endocarditis,,no
HP:0100585,Telangiectasia of the skin,,no
HP:0100586,Sterile pyuria,,no
HP:0100587,Abnormal preputium morphology,,no
HP:0100589,Urogenital fistula,,no
HP:0100590,Rectal fistula,,no
HP:0100592,Peritoneal abscess,,no
HP:0100593,Calcification of cartilage,,no
HP:0100594,Esophageal web,,no
HP:0100595,Camptocormia,,no
HP:0100596,Absent nares,Missing nostrils,yes
HP:0100598,Pulmonary edema,Excess fluid in lungs,yes
HP:0100599,Bifid penis,Penile duplication,yes
HP:0100600,Penoscrotal transposition,,no
HP:0100605,Neoplasm of the larynx,,no
HP:0100606,Neoplasm of the respiratory system,Respiratory system tumor,yes
HP:0100607,Dysmenorrhea,Painful menstruation,yes
HP:0100608,Metrorrhagia,Abnormal uterus bleeding,yes
HP:0100611,Multiple glomerular cysts,,no
HP:0100612,Odontogenic neoplasm,,no
HP:0100614,Myositis,Muscle inflammation,yes
HP:0100615,Ovarian neoplasm,Ovarian cancer,yes
HP:0100616,Testicular teratoma,,no
HP:0100617,Testicular seminoma,,no
HP:0100618,Leydig cell neoplasia,,no
HP:0100619,Sertoli cell neoplasm,,no
HP:0100621,Dysgerminoma,,no
HP:0100625,Enlarged thorax,Wide rib cage,yes
HP:0100626,Chronic hepatic failure,Chronic liver failure,yes
HP:0100627,Displacement of the urethral meatus,,no
HP:0100628,Esophageal diverticulum,,no
HP:0100629,Midline facial cleft,Midline facial cleft,yes
HP:0100630,Neoplasia of the nasopharynx,,no
HP:0100631,Neoplasm of the adrenal gland,,no
HP:0100632,Pulmonary sequestration,,no
HP:0100633,Esophagitis,Inflammation of the esophagus,yes
HP:0100634,Neuroendocrine neoplasm,,no
HP:0100635,Carotid paraganglioma,,no
HP:0100638,Neoplasm of the pharynx,,no
HP:0100639,Erectile dysfunction,Abnormal erection,yes
HP:0100641,Neoplasm of the adrenal cortex,,no
HP:0100643,Abnormality of nail color,Abnormality of nail color,yes
HP:0100644,Melanonychia,,no
HP:0100645,Cystocele,Bladder hernia,yes
HP:0100646,Thyroiditis,Thyroid gland inflammation,yes
HP:0100647,Graves disease,,no
HP:0100648,Neoplasm of the tongue,,no
HP:0100649,Neoplasm of the oral cavity,Mouth tumor,yes
HP:0100650,Vaginal neoplasm,Vaginal tumor,yes
HP:0100651,Type I diabetes mellitus,Type 1 diabetes,yes
HP:0100653,Optic neuritis,,no
HP:0100654,Retrobulbar optic neuritis,,no
HP:0100656,Thoracoabdominal wall defect,,no
HP:0100657,Thoracoabdominal eventration,,no
HP:0100658,Cellulitis,Bacterial infection of skin,yes
HP:0100659,Abnormal cerebral vascular morphology,Abnormality of the cerebral blood vessels,yes
HP:0100660,Dyskinesia,Disorder of involuntary muscle movements,yes
HP:0100661,Trigeminal neuralgia,,no
HP:0100662,Chondritis,Cartilage inflammation,yes
HP:0100663,Synotia,,no
HP:0100665,Angioedema,,no
HP:0100668,Intestinal duplication,Bowel duplication,yes
HP:0100669,Abnormal pigmentation of the oral mucosa,Abnormal color of the oral mucosa,yes
HP:0100670,Coarse metaphyseal trabecularization,,no
HP:0100671,Abnormal trabecular bone morphology,,no
HP:0100673,Vaginal hydrocele,,no
HP:0100674,Vaginal hematocele,,no
HP:0100677,Vulval varicose vein,,no
HP:0100678,Premature skin wrinkling,Premature skin wrinkling,yes
HP:0100679,Lack of skin elasticity,Tight skin,yes
HP:0100682,Tracheal atresia,,no
HP:0100684,Salivary gland neoplasm,Cancer of salivary gland,yes
HP:0100686,Enthesitis,,no
HP:0100689,Decreased corneal thickness,Thin cornea,yes
HP:0100692,Increased corneal curvature,,no
HP:0100693,Iridodonesis,,no
HP:0100694,Tibial torsion,,no
HP:0100697,Malignant peripheral nerve sheath tumor,,no
HP:0100698,Subcutaneous neurofibroma,,no
HP:0100699,Scarring,Scar tissue,yes
HP:0100702,Arachnoid cyst,Fluid-filled sac located in membrane surrounding brain or spinal cord,yes
HP:0100703,Tongue thrusting,,no
HP:0100704,Cerebral visual impairment,,no
HP:0100706,Abnormal oligodendroglia morphology,,no
HP:0100707,Abnormal astrocyte morphology,,no
HP:0100709,Reduction of oligodendroglia,,no
HP:0100710,Impulsivity,Impulsive,yes
HP:0100711,Abnormal thoracic spine morphology,,no
HP:0100712,Abnormal lumbar spine morphology,,no
HP:0100716,Self-injurious behavior,Self-injurious behavior,yes
HP:0100717,Abnormal cementum morphology,,no
HP:0100718,Uterine rupture,,no
HP:0100719,Lens coloboma,,no
HP:0100720,Hypoplasia of the ear cartilage,Underdeveloped ear cartilage,yes
HP:0100721,Mediastinal lymphadenopathy,Swollen lymph nodes in center of chest,yes
HP:0100723,Gastrointestinal stroma tumor,,no
HP:0100724,Hypercoagulability,,no
HP:0100725,Lichenification,,no
HP:0100726,Kaposi's sarcoma,,no
HP:0100727,Histiocytosis,,no
HP:0100728,Germ cell neoplasia,,no
HP:0100729,Large face,Big face,yes
HP:0100730,Bronchogenic cyst,,no
HP:0100731,Transverse facial cleft,,no
HP:0100732,Pancreatic fibrosis,,no
HP:0100733,Neoplasm of the parathyroid gland,,no
HP:0100734,Abnormal vertebral epiphysis morphology,Abnormal shape of the end part of the vertebra bone,yes
HP:0100735,Hypertensive crisis,,no
HP:0100736,Abnormal soft palate morphology,,no
HP:0100737,Abnormal hard palate morphology,,no
HP:0100738,Abnormal eating behavior,Abnormal eating behavior,yes
HP:0100739,Bulimia,Binge and purge,yes
HP:0100743,Neoplasm of the rectum,Rectal tumor,yes
HP:0100745,Abnormality of the humeroulnar joint,,no
HP:0100746,Macrodactyly of finger,,no
HP:0100747,Macrodactyly of toe,,no
HP:0100748,Muscular edema,,no
HP:0100749,Chest pain,Chest pain,yes
HP:0100750,Atelectasis,Partial or complete collapse of part or entire lung,yes
HP:0100751,Esophageal neoplasm,Esophageal tumor,yes
HP:0100752,Abnormal liver lobulation,,no
HP:0100753,Schizophrenia,,no
HP:0100754,Mania,Manic,yes
HP:0100755,Abnormality of salivation,Abnormal spit,yes
HP:0100757,Pancreatoblastoma,,no
HP:0100758,Gangrene,Death of body tissue due to lack of blood flow or infection,yes
HP:0100759,Clubbing of fingers,Clubbed fingers,yes
HP:0100760,Clubbing of toes,Clubbed toes,yes
HP:0100761,Visceral angiomatosis,,no
HP:0100762,Hemobilia,,no
HP:0100763,Abnormality of the lymphatic system,,no
HP:0100764,Lymphangioma,,no
HP:0100765,Abnormality of the tonsils,,no
HP:0100766,Abnormal lymphatic vessel morphology,,no
HP:0100767,Abnormal placenta morphology,Placental issue,yes
HP:0100768,Choriocarcinoma,,no
HP:0100769,Synovitis,,no
HP:0100771,Hypoperistalsis,,no
HP:0100773,Cartilage destruction,Cartilage destruction,yes
HP:0100774,Hyperostosis,Bone overgrowth,yes
HP:0100775,Dural ectasia,,no
HP:0100776,Recurrent pharyngitis,Recurrent sore throat,yes
HP:0100777,Exostoses,Formation of new noncancerous bone on top of existing bone,yes
HP:0100778,Cryoglobulinemia,,no
HP:0100779,Urogenital sinus anomaly,,no
HP:0100780,Conjunctival hamartoma,,no
HP:0100781,Abnormal sacroiliac joint morphology,,no
HP:0100783,Breast aplasia,Absent breast,yes
HP:0100784,Peripheral arteriovenous fistula,,no
HP:0100785,Insomnia,Difficulty staying or falling asleep,yes
HP:0100787,Prostate neoplasm,,no
HP:0100789,Torus palatinus,,no
HP:0100790,Hernia,,no
HP:0100792,Acantholysis,,no
HP:0100795,Abnormally straight spine,Abnormally straight spine,yes
HP:0100796,Orchitis,Inflammation of testicles,yes
HP:0100797,Toenail dysplasia,Abnormal toenail development,yes
HP:0100798,Fingernail dysplasia,Abnormal fingernail development,yes
HP:0100800,Aplasia/Hypoplasia of the pancreas,Absent/small pancreas,yes
HP:0100801,Pancreatic aplasia,Absent pancreas,yes
HP:0100802,Malposition of the stomach,Abnormal stomach location,yes
HP:0100803,Abnormal periungual morphology,,no
HP:0100804,Ungual fibroma,,no
HP:0100806,Sepsis,Infection in blood stream,yes
HP:0100807,Long fingers,Long fingers,yes
HP:0100808,Gastric diverticulum,,no
HP:0100809,Scalp tenderness,Scalp pain,yes
HP:0100811,Aplasia/Hypoplasia of the colon,Absent/small colon,yes
HP:0100812,Halitosis,Bad breath,yes
HP:0100813,Testicular torsion,,no
HP:0100814,Blue nevus,,no
HP:0100816,Lip hyperpigmentation,Darkening of skin of the lips,yes
HP:0100817,Renovascular hypertension,,no
HP:0100818,Long thorax,Long rib cage,yes
HP:0100819,Intestinal fistula,,no
HP:0100820,Glomerulopathy,,no
HP:0100821,Urethrocele,,no
HP:0100822,Rectocele,,no
HP:0100823,Genital hernia,,no
HP:0100825,Cheilitis,Inflammation of the lips,yes
HP:0100827,Increased total lymphocyte count,High lymphocyte count,yes
HP:0100828,Increased total T cell count,,no
HP:0100829,Galactorrhea,Spontaneous milk flow from breast,yes
HP:0100830,Round ear,Round ear,yes
HP:0100832,Vitreous floaters,Eye floaters,yes
HP:0100833,Neoplasm of the small intestine,Small intestine tumor,yes
HP:0100834,Neoplasm of the large intestine,Large intestine tumor,yes
HP:0100835,Benign neoplasm of the central nervous system,,no
HP:0100836,Malignant neoplasm of the central nervous system,,no
HP:0100837,Atrophodermia vermiculata,,no
HP:0100838,Recurrent cutaneous abscess formation,,no
HP:0100839,Hepatic agenesis,Failed liver development,yes
HP:0100840,Aplasia/Hypoplasia of the eyebrow,Sparse or absent eyebrows,yes
HP:0100842,Septo-optic dysplasia,,no
HP:0100845,Anaphylactic shock,Anaphylaxis,yes
HP:0100847,Palmoplantar pustulosis,,no
HP:0100849,Neoplasm of the scrotum,Scrotum tumor,yes
HP:0100851,Abnormal emotional state,,no
HP:0100852,Abnormal fear-induced behavior,,no
HP:0100853,Hypoplastic areola,,no
HP:0100856,Poorly ossified vertebrae,,no
HP:0100857,Flat sella turcica,,no
HP:0100858,Dilatation of celiac artery,,no
HP:0100861,Sclerotic vertebral body,,no
HP:0100862,Aplasia of the femoral head,,no
HP:0100864,Short femoral neck,Short neck of thighbone,yes
HP:0100865,Broad ischia,,no
HP:0100866,Short iliac bones,Short pelvis bones,yes
HP:0100867,Duodenal stenosis,,no
HP:0100869,Palmar telangiectasia,,no
HP:0100870,Plantar telangiectasia,,no
HP:0100872,Abnormality of the plantar skin of foot,,no
HP:0100874,Thick hair,Increased hair density,yes
HP:0100875,Hemimacroglossia,Increased size of half of the tongue,yes
HP:0100876,Infra-orbital crease,Crease in skin under the eye,yes
HP:0100878,Enlarged uterus,Enlarged uterus,yes
HP:0100879,Enlarged ovaries,Enlarged ovaries,yes
HP:0100880,Nephrogenic rest,,no
HP:0100886,Abnormality of globe location,Abnormality of eyeball location,yes
HP:0100889,Abnormal ductus choledochus morphology,,no
HP:0100890,Cyst of the ductus choledochus,,no
HP:0100896,Rectal polyposis,,no
HP:0100898,Connective tissue nevi,,no
HP:0100899,Sclerosis of finger phalanx,Increased bone density in the finger bone,yes
HP:0100916,Sclerosis of middle phalanx of finger,Increased bone density in middle finger bone of hand,yes
HP:0100917,Sclerosis of proximal phalanx of finger,Increased bone density in innermost finger bone,yes
HP:0100923,Clavicular sclerosis,Increased bone density in collarbone,yes
HP:0100925,Sclerosis of foot bone,Increased bone density in foot bone,yes
HP:0100950,Decreased 3-hydroxyacyl-CoA dehydrogenase level,,no
HP:0100951,Enlarged fossa interpeduncularis,,no
HP:0100952,Enlarged sylvian cistern,,no
HP:0100953,Enlarged interhemispheric fissure,,no
HP:0100954,Open operculum,,no
HP:0100955,Giant cell granuloma of mandible,,no
HP:0100957,Abnormal renal medulla morphology,,no
HP:0100958,Narrow foramen obturatorium,,no
HP:0100959,Dense metaphyseal bands,,no
HP:0100960,Lateral ventricular asymmetry,,no
HP:0100962,Excessive shyness,Shyness,yes
HP:0100963,Hyperesthesia,,no
HP:0200000,Dysharmonic skeletal maturation,,no
HP:0200003,Splayed epiphyses,Splayed end part of bone,yes
HP:0200005,Abnormal shape of the palpebral fissure,Abnormal shape of the opening between the eyelids,yes
HP:0200006,Slanting of the palpebral fissure,Slanting of the opening between the eyelids,yes
HP:0200007,Abnormal size of the palpebral fissures,Abnormal size of the eyes,yes
HP:0200008,Intestinal polyposis,Growths in inner lining of intestine,yes
HP:0200012,Short corpus callosum,,no
HP:0200016,Acrokeratosis,,no
HP:0200020,Corneal erosion,Damage to outer layer of the cornea of the eye,yes
HP:0200021,Down-sloping shoulder,Rounded shoulders,yes
HP:0200022,Choroid plexus papilloma,,no
HP:0200023,Priapism,,no
HP:0200024,Premature chromatid separation,,no
HP:0200025,Mandibular pain,Lower jaw pain,yes
HP:0200026,Ocular pain,Eye pain,yes
HP:0200028,Pretibial myxedema,,no
HP:0200029,Vasculitis in the skin,,no
HP:0200030,Punctate vasculitis skin lesions,,no
HP:0200032,Kayser-Fleischer ring,,no
HP:0200034,Papule,,no
HP:0200035,Skin plaque,,no
HP:0200036,Skin nodule,,no
HP:0200037,Skin vesicle,,no
HP:0200039,Pustule,Pimple,yes
HP:0200040,Epidermoid cyst,,no
HP:0200041,Skin erosion,,no
HP:0200042,Skin ulcer,Open skin sore,yes
HP:0200043,Verrucae,Warts,yes
HP:0200044,Porokeratosis,,no
HP:0200046,Cat cry,Cat cry,yes
HP:0200047,Chondritis of pinna,,no
HP:0200048,Cyanotic episode,,no
HP:0200049,Upper limb hypertonia,,no
HP:0200053,Hemihypotrophy of lower limb,,no
HP:0200054,Foot monodactyly,,no
HP:0200055,Small hand,Disproportionately small hands,yes
HP:0200056,Macular scar,,no
HP:0200057,Marcus Gunn pupil,,no
HP:0200058,Angiosarcoma,,no
HP:0200063,Colorectal polyposis,,no
HP:0200064,Asymmetry of iris pigmentation,,no
HP:0200068,Nonprogressive visual loss,,no
HP:0200070,Peripheral retinal atrophy,,no
HP:0200071,Peripheral vitreoretinal degeneration,,no
HP:0200072,Episodic quadriplegia,,no
HP:0200073,Respiratory insufficiency due to defective ciliary clearance,,no
HP:0200083,Severe limb shortening,Severe limb shortening,yes
HP:0200084,Giant cell hepatitis,,no
HP:0200085,Limb tremor,Involuntary shaking of limb,yes
HP:0200094,Frontal open bite,,no
HP:0200097,Oral mucosal blisters,Blisters of mouth,yes
HP:0200098,Absent skin pigmentation,Absent skin pigmentation,yes
HP:0200101,Decreased/absent ankle reflexes,Decreased or absent ankle reflexes,yes
HP:0200102,Sparse or absent eyelashes,Partial to total absence of eyelashes,yes
HP:0200104,Absent fifth fingernail,Absent fifth fingernail,yes
HP:0200105,Absent fifth toenail,Absent fifth toenail,yes
HP:0200109,Absent/shortened outer dynein arms,,no
HP:0200111,Absent stapes head,,no
HP:0200114,Metabolic alkalosis,,no
HP:0200116,Distal ileal atresia,,no
HP:0200117,Recurrent upper and lower respiratory tract infections,,no
HP:0200118,Malabsorption of Vitamin B12,,no
HP:0200119,Acute hepatitis,Acute liver inflammation,yes
HP:0200120,Chronic active hepatitis,,no
HP:0200122,Atypical or prolonged hepatitis,Atypical or prolonged liver inflammation,yes
HP:0200123,Chronic hepatitis,Chronic liver inflammation,yes
HP:0200124,Chronic hepatitis due to cryptosporidium infection,,no
HP:0200125,Mitochondrial respiratory chain defects,,no
HP:0200127,Atrial cardiomyopathy,,no
HP:0200128,Biventricular hypertrophy,,no
HP:0200133,Lumbosacral meningocele,,no
HP:0200134,Epileptic encephalopathy,,no
HP:0200136,Oral-pharyngeal dysphagia,,no
HP:0200138,Bilateral choanal atresia/stenosis,,no
HP:0200141,"Small, conical teeth","Small, cone shaped teeth",yes
HP:0200143,Megaloblastic erythroid hyperplasia,,no
HP:0200146,Mucoid extracellular matrix accumulation,,no
HP:0200147,Neuronal loss in basal ganglia,,no
HP:0200148,Abnormal liver function tests during pregnancy,Abnormal liver function tests during pregnancy,yes
HP:0200149,CSF lymphocytic pleiocytosis,,no
HP:0200150,Increased serum bile acid concentration during pregnancy,,no
HP:0200151,Cutaneous mastocytosis,,no
HP:0200153,Agenesis of lateral incisor,Missing lateral incisor,yes
HP:0200154,Agenesis of mandibular lateral incisor,Absence of lower lateral incisor,yes
HP:0200160,Agenesis of maxillary incisor,Absence of upper front tooth,yes
HP:0400000,Tall chin,Increased height of chin,yes
HP:0400004,Long ear,Long ear,yes
HP:0400005,Short ear,Short ear,yes
HP:0400008,Menometrorrhagia,,no
HP:0410005,Cleft hard palate,,no
HP:0410008,Abnormality of the peripheral nervous system,Abnormality of the peripheral nervous system,yes
HP:0410011,Abnormality of masticatory muscle,,no
HP:0410017,Otitis externa,Swimmer's ear,yes
HP:0410018,Recurrent ear infections,Frequent ear infections,yes
HP:0410019,Epigastric pain,,no
HP:0410020,Fish odor,Fish odor,yes
HP:0410021,Musty odor,Musty odor,yes
HP:0410027,Alveolar bone loss around teeth,,no
HP:0410028,Recurrent oral herpes,,no
HP:0410030,Cleft lip,Cleft lip,yes
HP:0410031,Submucous cleft of soft and hard palate,,no
HP:0410033,Unilateral alveolar cleft of maxilla,,no
HP:0410050,"Decreased circulating 1,5 anhydroglucitol concentration",,no
HP:0410051,Increased level of 3-hydroxy-3-methylglutaric acid in urine,,no
HP:0410053,Elevated circulating GABA concentration,,no
HP:0410054,Decreased circulating GABA concentration,,no
HP:0410055,Decreased level of erythritol in urine,,no
HP:0410056,Decreased CSF erythritol concentration,,no
HP:0410057,Elevated circulating D-threitol concentration,,no
HP:0410058,Increased CSF D-threitol concentration,,no
HP:0410059,Increased level of D-threitol in urine,,no
HP:0410060,Decreased level of D-mannose in urine,,no
HP:0410061,Elevated circulating galactitol concentration,,no
HP:0410062,Increased level of galactitol in urine,,no
HP:0410063,Increased level of galactonate in red blood cells,,no
HP:0410064,Increased level of galactitol in red blood cells,,no
HP:0410066,Increased level of hippuric acid in urine,,no
HP:0410067,Increased level of L-fucose in urine,,no
HP:0410069,Increased level of propylene glycol in blood,,no
HP:0410070,Increased level of ribitol in urine,,no
HP:0410071,Increased CSF ribitol concentration,,no
HP:0410072,Increased level of ribose in urine,,no
HP:0410073,Increased CSF ribose concentration,,no
HP:0410074,Increased level of xylitol in urine,,no
HP:0410075,Increased CSF xylitol concentration,,no
HP:0410132,Increased level of L-pyroglutamic acid in urine,,no
HP:0410135,Cold urticaria,,no
HP:0410145,Decreased circulating biotinidase concentration,,no
HP:0410147,Eosinophilic infiltration in the stomach mucosa,,no
HP:0410151,Eosinophilic infiltration of the esophagus,,no
HP:0410153,Increased level of methylsuccinic acid in urine,,no
HP:0410156,Increased level of N-acetylneuraminic acid in urine,,no
HP:0410170,Hippocampal atrophy,,no
HP:0410173,Increased circulating troponin I concentration,,no
HP:0410174,Increased circulating troponin T concentration,,no
HP:0410175,Hyperketonemia,Increased level of ketone bodies in blood,yes
HP:0410179,Decreased circulating glucose-6-phosphate dehydrogenase activity,,no
HP:0410204,Increased intestinal transit time,,no
HP:0410216,Abnormal circulating 5-methyltetrahydrofolate concentration,,no
HP:0410240,Abnormal circulating IgA concentration,,no
HP:0410241,Abnormal circulating IgE concentration,,no
HP:0410242,Abnormal circulating IgG concentration,,no
HP:0410243,Abnormal circulating IgM concentration,,no
HP:0410246,Increased circulating IgD concentration,,no
HP:0410252,Persistently decreased total neutrophil count,,no
HP:0410253,Myeloid maturation arrest,,no
HP:0410255,Transiently decreased total neutrophil count,,no
HP:0410256,Infection associated neutropenia,,no
HP:0410259,Hepatopulmonary fusion,,no
HP:0410262,Lower cranial nerve dysfunction,,no
HP:0410263,Brain imaging abnormality,,no
HP:0410264,Subglottic hemangioma,,no
HP:0410266,Visceral hemangioma,,no
HP:0410275,Lumbosacral hemangioma,,no
HP:0410276,Supraumbilical raphe,,no
HP:0410278,Pituitary gland cyst,,no
HP:0410279,Atrophic pituitary gland,,no
HP:0410281,Dyspepsia,Indigestion,yes
HP:0410282,Abnormal circulating amylase concentration,,no
HP:0410288,Hyperamylasemia,,no
HP:0410289,Hypoamylasemia,,no
HP:0410291,Negativism,,no
HP:0410293,Absent circulating isohemagglutinin,,no
HP:0410294,Decreased specific antibody response to protein vaccine,,no
HP:0410295,Complete or near-complete absence of specific antibody response to tetanus vaccine,,no
HP:0410297,Partial absence of specific antibody response to tetanus vaccine,,no
HP:0410299,Decreased specific antibody response to unconjugated polysaccharide vaccine,,no
HP:0410300,Complete or near-complete absence of specific antibody response to unconjugated pneumococcus polysaccharide,,no
HP:0410301,Partial absence of specific antibody response to unconjugated pneumococcus polysaccharide,,no
HP:0410302,Decreased specific antibody response to protein-conjugated polysaccharide vaccine,,no
HP:0410303,Complete or near-complete absence of specific antibody response to protein-conjugated Haemophilus influenzae type b vaccine,,no
HP:0410305,Partial absence of specific antibody response to protein-conjugated Haemophilus influenzae type b vaccine,,no
HP:0410309,Alpha-aminoadipic aciduria,,no
HP:0410323,Drug allergy,Drug allergy,yes
HP:0410340,Focal epithelial hyperplasia of oral mucosa,,no
HP:0410362,Decreased O-mannosyl glycans on alpha-dystroglycan,,no
HP:0410369,Increased hepatitis B virus antibody level,,no
HP:0410375,Increased naive CD4+ T cell proportion,,no
HP:0410377,Decreased naive CD8+ T cell proportion,,no
HP:0410378,Decreased naive CD4+ T cell proportion,,no
HP:0410383,Abnormal effector memory CD8+ T cell proportion,,no
HP:0410386,Decreased CD4+ memory T cell proportion,,no
HP:0410388,Decreased central memory CD4+ T cell proportion,,no
HP:0410389,Decreased central memory CD8+ T cell proportion,,no
HP:0410390,Decreased effector memory CD8+ T cell proportion,,no
HP:0410391,Increased memory CD4+ T cell proportion,,no
HP:0410392,Increased memory CD8+ T cell proportion,,no
HP:0410395,Increased effector memory CD8+ T cell proportion,,no
HP:0410396,Increased central memory CD8+ T cell proportion,,no
HP:0410400,Absent sebaceous glands,,no
HP:0430000,Abnormal frontal bone morphology,Abnormality of the bone of the forehead,yes
HP:0430005,Abnormal ethmoid bone morphology,,no
HP:0430007,Symblepharon,Eyelid stuck to eyeball,yes
HP:0430009,Hypoplasia of eyelid,Decreased size of eyelid,yes
HP:0430015,Abnormal morphology of musculature of pharynx,,no
HP:0430021,Abnormal common carotid artery morphology,Abnormality of the common carotid artery,yes
HP:0430022,Abnormality of the sphenoid sinus,,no
HP:0430023,Abnormality of the maxillary sinus,Abnormality of the upper jaw sinus,yes
HP:0430025,Bilateral facial palsy,Paralysis of both sides of the face,yes
HP:0430028,Hyperplasia of the maxilla,Big maxilla,yes
HP:0430029,Hyperplasia of the premaxilla,Large premaxilla,yes
HP:0430033,Gottron sign,,no
HP:0430034,Hypertension resistant to conventional therapy,,no
HP:0430043,Thoracic lordosis,,no
HP:0430046,Small joint hypermobility,,no
HP:0430047,Large joint hypermobility,,no
HP:0430048,Intracranial calcification,,no
HP:0430050,Anti-thyroid antibody positivity,,no
HP:0430058,Anti-herpes simplex antibody positivity,,no
HP:0430074,Increased circulating beta-carotene concentration,,no
HP:0430087,Anti-cytomegalovirus antibody positivity,,no
HP:0430088,Anti-measles antibody positivity,,no
HP:0430108,Positive Mycobacterium avium sputum culture,,no
HP:0430121,Seminal vesicle agenesis,,no
HP:0430135,Abnormal circulating hepatic transaminase concentration,,no
HP:0500001,Body odor,Body odor,yes
HP:0500005,Anal pain,Anal pain,yes
HP:0500006,Urethritis,,no
HP:0500007,Iris flocculi,,no
HP:0500008,Cornea verticillata,,no
HP:0500009,Dysplastic gangliocytoma of the cerebellum,,no
HP:0500011,Moon facies,Moon face,yes
HP:0500012,Abnormal gonadotropin-releasing hormone concentration,,no
HP:0500016,Abnormal cardiac MRI,,no
HP:0500018,Abnormal cardiac exercise stress test,Abnormal exercise test,yes
HP:0500022,Abnormal circulating dehydroepiandrosterone concentration,,no
HP:0500030,Abnormal hepatic glycogen storage,,no
HP:0500032,Abnormal neuron branching,,no
HP:0500035,Nasolacrimal sac granuloma,,no
HP:0500041,Myopic astigmatism,,no
HP:0500043,Eyelid retraction,,no
HP:0500046,Seborrhoeic blepharitis,,no
HP:0500049,Retinopathy of prematurity,,no
HP:0500070,Conjunctival dermolipoma,,no
HP:0500081,Pseudophakia,,no
HP:0500087,Peripapillary atrophy,,no
HP:0500089,Optic nerve sheath meningioma,,no
HP:0500093,Food allergy,Food allergy,yes
HP:0500134,Hypertryptophanemia,High blood tryptophan concentration,yes
HP:0500142,Hypolysinemia,Decreased blood lysine,yes
HP:0500143,Hypoleucinemia,Decreased blood concentration of leucine,yes
HP:0500144,Hypoisoleucinemia,Decreased blood isoleucine concentration,yes
HP:0500147,Hypoglutaminemia,Decreased blood glutamine concentration,yes
HP:0500149,Hyperglutamatemia,High blood glutamate levels,yes
HP:0500151,Hypercystinemia,High blood cystine levels,yes
HP:0500152,Hypocystinemia,Decreased blood cystine concentration,yes
HP:0500153,Hyperargininemia,High blood arginine levels,yes
HP:0500157,Hypoasparaginemia,Decreased blood asparagine concentration,yes
HP:0500163,Hypoornithinemia,Decreased blood ornithine concentrations,yes
HP:0500167,Hypergastrinemia,Elevated gastrin in the blood,yes
HP:0500170,Abnormal concentration of acylcarnitine in the urine,,no
HP:0500173,Reflex asystolic syncope,,no
HP:0500181,Hypertaurinemia,,no
HP:0500182,Hypotaurinemia,,no
HP:0500187,Increased CSF valine concentration,,no
HP:0500188,Decreased CSF valine concentration,,no
HP:0500190,Decreased CSF leucine concentration,,no
HP:0500191,Increased CSF leucine concentration,,no
HP:0500193,Increased CSF isoleucine concentration,,no
HP:0500194,Decreased CSF isoleucine concentration,,no
HP:0500198,Decreased CSF glutamine concentration,,no
HP:0500200,Increased CSF glutamate concentration,,no
HP:0500204,Decreased CSF arginine concentration,,no
HP:0500208,Increased CSF lysine concentration,,no
HP:0500210,Increased CSF methionine concentration,,no
HP:0500223,Increased CSF phenylalanine concentration,,no
HP:0500228,Decreased CSF serine concentration,,no
HP:0500230,Increased CSF glycine concentration,,no
HP:0500231,Abnormal CSF pyruvate family amino acid concentration,,no
HP:0500233,Increased CSF alanine concentration,,no
HP:0500239,Increased CSF albumin concentration,,no
HP:0500251,Abnormal urine sebacic acid concentration,,no
HP:0500253,Increased level of gamma-aminobutyric acid in urine,,no
HP:0500262,Atrichia,,no
HP:0500265,Increased CD8+ TEMRA T cell proportion,,no
HP:0500266,Decreased CD8+ TEMRA T cell proportion,,no
HP:0500269,Abnormal gamma-delta T cell proportion,,no
HP:0500270,Increased gamma-delta T cell proportion,,no
HP:0500271,Decreased gamma-delta T cell proportion,,no
HP:0550004,Verruca plana,Flat wart,yes
HP:3000005,Abnormality of masseter muscle,,no
HP:3000007,Abnormality of mentalis muscle,,no
HP:3000010,Abnormality of orbicularis oris muscle,,no
HP:3000019,Abnormal buccal mucosa morphology,Abnormality of cheek mucosa,yes
HP:3000022,Abnormal external ear cartilage morphology,,no
HP:3000030,Abnormal morphology of bony orbit of skull,,no
HP:3000032,Abnormality of central retinal artery,,no
HP:3000033,Abnormal nasopharyngeal adenoid morphology,,no
HP:3000035,Abnormality of cervical plexus,,no
HP:3000037,Abnormal neck blood vessel morphology,Abnormality of blood vessel of neck,yes
HP:3000040,Abnormality of ethmoid sinus,,no
HP:3000042,Abnormal jugular vein morphology,Abnormality of jugular vein,yes
HP:3000043,Abnormal facial vein morphology,Abnormal vein of face,yes
HP:3000047,Abnormal glossopharyngeal nerve morphology,,no
HP:3000050,Abnormal odontoid tissue morphology,,no
HP:3000052,Abnormal hyoid bone morphology,,no
HP:3000062,Abnormal internal carotid artery morphology,,no
HP:3000066,Abnormal lacrimal sac morphology,,no
HP:3000077,Abnormal mandible condylar process morphology,,no
HP:4000004,Myocardial late gadolinium enhancement,,no
HP:4000007,Bronchoconstriction,,no
HP:4000008,Formation of multiple pronuclei during fertilization,,no
HP:4000010,Impaired renal tubular reabsorption of bicarbonate,,no
HP:4000013,Anti-desmoglein-1 antibody positivity,,no
HP:4000014,Anti-desmoglein-3 antibody positivity,,no
HP:4000019,Anti-BP230 antibody positivity,,no
HP:4000020,Anti-BP180 antibody positivity,,no
HP:4000025,Anti-integrin antibody positivity,,no
HP:4000026,Anti-transglutaminase 6 antibody,,no
HP:4000027,Anti-LAD-1 antibody positivity,,no
HP:4000028,Anti-LABD97 antibody positivity,,no
HP:4000029,Antigliadin antibody positivity,,no
HP:4000030,Anti-reticulin antibody positivity,,no
HP:4000031,Anti-type VII collagen antibody,,no
HP:4000037,Congenital hydrocele,,no
HP:4000039,Decreased mucosal-associated invariant T cell proportion,,no
HP:4000041,AA amyloidosis,,no
HP:4000054,Exanthem,,no
HP:4000055,Intestinal inflammation,,no
HP:4000057,Decreased FasL-mediated apoptosis,,no
HP:4000061,Pancreatic alpha-cell hyperplasia,,no
HP:4000064,Poor sleep,,no
HP:4000070,Fixated interests,,no
HP:4000076,Use of another person's body to communicate,,no
HP:4000079,Sensory seeking,,no
HP:4000081,Reduced production of gestures,,no
HP:4000093,Ectopic tooth eruption,,no
HP:4000094,Corpus cavernosum hypoplasia,,no
HP:4000095,Elevated circulating thymine concentration,,no
HP:4000104,Curved dental root,,no
HP:4000105,Abnormal four chamber view of the fetal heart,,no
HP:4000107,Positive lupus band test,,no
HP:4000141,Left ventricular dilatation,,no
HP:4000148,Hepatic artery hyperplasia,,no
HP:4000150,Multinucleated neuron,,no
HP:4000162,Decreased Succinyl-CoA 3-ketoacid CoA transferase activity,,no
HP:4000163,Reduced phytanic acid oxidase activity in cultured fibroblasts,,no
HP:4000165,Decreased circulating plasmalogen concentration,,no
HP:4000166,Post-vaccination varicella zoster virus infection,,no
HP:4000169,Pontine T2 hypointensity,,no
HP:4000170,Anti-platelet antigen antibody positivity,,no
HP:4000184,Reduced erythrocyte adenosine triphosphate concentration,,no
HP:4000190,Reduced leukocyte alpha-mannosidase activity,,no
HP:4000193,Reduced leukocyte N-sulfoglucosamine sulfohydrolase activity,,no
HP:4000194,Pseudohyperkalemia,,no
HP:4000198,Reduced acetylglucosamine-6-sulfatase activity in cultured fibroblasts,,no
HP:4000199,Reduced erythrocyte porphobilinogen deaminase activity,,no
HP:4000200,Reduced holocarboxylase synthetase activity in cultured fibroblasts,,no
HP:4000202,Reduced tissue alpha-N-acetylgalactosaminidase activity,,no
HP:4000203,Reduced erythrocyte arginase activity,,no
HP:4000204,Reduced mitochondrial acetyl-CoA acetyltransferase activity in cultured fibroblasts,,no
HP:4000205,Reduced tissue beta-mannosidase activity,,no
HP:4000206,Reduced 3-methylcrotonyl CoA carboxylase activity in cultured fibroblasts,,no
HP:4000207,Reduced branched-chain alpha-keto acid dehydrogenase activity in cultured fibroblasts,,no
HP:4000208,Reduced erythrocyte galactose-1-phosphate uridylyltransferase activity,,no
HP:4000210,Reduced isovaleryl CoA dehydrogenase activity in cultured fibroblasts,,no
HP:4000211,Reduced glycerol kinase activity in cultured fibroblasts,,no
HP:5000002,Anti-Amphiphysin antibody,,no
HP:5000005,Anti-CASPR2,,no
HP:5000006,Anti-CV2/CRMP5 antibody positivity,,no
HP:5000007,Anti-DPPX antibody,,no
HP:5000010,Anti-GABA(B)R antibody,,no
HP:5000011,Anti-GAD65 antibody,,no
HP:5000012,Anti-Gephyrin antibody,,no
HP:5000014,Anti-GlyR antibody,,no
HP:5000016,Anti-Hu antibody positivity,,no
HP:5000020,Anti-LGI1 antibody,,no
HP:5000024,Anti-mGluR1 antibody,,no
HP:5000027,Anti-P/Q-type VGCC antibody positivity,,no
HP:5000030,Anti-Ri antibody,,no
HP:5000034,Anti-Tr/DNER antibody,,no
HP:5000037,Anti-Yo antibody positivity,,no
HP:5000038,Anti-titin antibody positivity,,no
HP:5000046,Anti-Lrp4 antibody positivity,,no
HP:5200001,Selective mutism,,no
HP:5200044,Reduced attention regulation,,no
HP:5200045,Reduced impulse control,,no
HP:5200061,Tactile hypersensitivity,,no
HP:5200136,Reduced social reciprocity,,no
HP:5200217,Depersonalization,,no
HP:5200218,Derealization,,no
HP:5200273,Pathological sadness,Down in the dumps,yes
HP:5200291,REM sleep behavior disorder,,no
HP:5200310,Diminishment of social interactions,,no
HP:5200321,Amplification of sexual behavior,,no
HP:5200330,Suicide behaviors,,no
HP:5200356,Sleep onset rapid eye movement period,,no
HP:5200360,Short REM sleep,,no
HP:5201015,Craniofacial cleft,,no
HP:5201016,Submucous cleft palate,,no
HP:5210041,Severe Klebsiella infection,,no
HP:5210056,Severe Pseudomonas aeruginosa infection,,no
HP:5210110,Unusual mycobacterial infection,,no
HP:5210126,Recurrent Giardia lamblia infection,,no
HP:5210131,Severe Leishmania infection,,no
HP:5210140,Bacterial sepsis,,no
HP:5210141,Fungal sepsis,,no
HP:5210216,Viral meningitis,,no
HP:5210217,Bacterial meningitis,,no
HP:5210231,Bacterial cellulitis,,no
HP:5210235,Unusual VZV skin infection,,no
HP:5210278,Unusual infectious osteomyelitis,,no
HP:6000006,Holster sign,,no
HP:6000009,Cerebriform connective tissue nevus,,no
HP:6000010,Linear Hyperpigmentation along Blaschko's lines,,no
HP:6000012,Mediastinal shift,,no
HP:6000015,Tympanic membrane hypermobility,,no
HP:6000021,Decreased circulating thrombopoietin concentration,,no
HP:6000022,Collagenoma,,no
HP:6000025,Dark cerumen,,no
HP:6000027,Oil-drop brown pigmentation of the corneal limbus,,no
HP:6000031,Phaeohyphomycosis,,no
HP:6000037,Reduced circulating aromatic L-amino acid decarboxylase activity,,no
HP:6000070,Cutaneous granuloma,,no
HP:6000072,Thinning of outer muscular layer of small bowel,,no
HP:6000082,Reduced hepatic beta-ureidopropionase activity,,no
HP:6000083,Reduced hepatic dihydropyrimidinase activity,,no
HP:6000084,Sunken fontanelle,,no
HP:6000088,"Reduced muscle alpha-1,4-glucosidase activity",,no
HP:6000100,Hyperpolarized transepithelial nasal potential difference,,no
HP:6000101,Corneopalpebral synechiae,,no
HP:6000102,Breast intraductal papilloma,,no
HP:6000113,Elevated urinary succinyladenosine level,,no
HP:6000115,Decreased urine creatinine level,,no
HP:6000118,Elevated urinary dihydrouracil level,,no
HP:6000119,Elevated urinary dihydrothymine level,,no
HP:6000120,Elevated urinary sulfatide level,,no
HP:6000121,Elevated urinary xanthurenic acid level,,no
HP:6000122,Increased urinary N-acetylglucosamine-rich oligosaccharide level,,no
HP:6000124,"Positive 2,4-dinitrophenylhydrazine urine test",,no
HP:6000127,Elevated urinary creatine/creatinine ratio,,no
HP:6000130,Elevated urinary indican level,,no
HP:6000132,Reduced erythrocyte gamma-glutamyl cysteine synthetase activity,,no
HP:6000133,Decreased erythrocyte nicotinamide adenine dinucleotide-cytochrome b5 reductase activity,,no
HP:6000134,Reduced alpha-methylacyl-CoA racemase activity in cultured fibroblasts,,no
HP:6000135,Low semen volume,,no
HP:6000139,Splinter hemorrhages,,no
HP:6000147,Elevated methylhex-dienedioic level by MRS,,no
HP:6000156,Pancreatic atrophy,,no
HP:6000158,Unesterified cholesterol accumulation in cultured fibroblasts,,no
HP:6000161,Reduced hepatic N-acetylglutamate synthase activity,,no
HP:6000171,Abdominal wall mass,,no
HP:6000182,Absent otoacoustic emissions,,no
HP:6000184,Filum terminale lipoma,,no
HP:6000185,Low tetrahydrocortisol (THF) plus 5-alpha-THF/tetrahydrocortisone (THE) ratio,,no
HP:6000195,Elevated mitochondrial citrate synthase activity,,no
HP:6000197,Reduced muscle phosphoglycerate mutase activity,,no
HP:6000198,Reduced muscle phosphorylase kinase activity,,no
HP:6000199,Reduced 3-beta-hydroxysteroid-delta-5-desaturase activity in cultured fibroblasts,,no
HP:6000201,Reduced hepatic glucose-6-phosphate translocase activity,,no
HP:6000203,Elevated CSF cholestanol concentration,,no
HP:6000209,Elevated CSF N-carbamyl-beta-aminoisobutyric acid concentration,,no
HP:6000210,Elevated CSF N-carbamyl-beta-alanine concentration,,no
HP:6000211,Elevated CSF dihydrouracil concentration,,no
HP:6000215,Reduced circulating 3-hydroxyisobutyryl-CoA hydrolase activity,,no
HP:6000216,Reduced HMG-CoA lyase activity in cultured fibroblasts,,no
HP:6000217,Reduced circulating acyl-CoA oxidase activity,,no
HP:6000218,Reduced circulating xanthine oxidase activity,,no
HP:6000219,Reduced methylmalonate semialdehyde dehydrogenase activity in cultured fibroblasts,,no
HP:6000224,Delayed passage of meconium,,no
HP:6000234,Elevated circulating dihydroxyphenylacetic acid concentration,,no
HP:6000239,Elevated circulating tumor necrosis factor alpha concentration,,no
HP:6000240,Reduced circulating pyrimidine 5-prime-nucleotidase activity,,no
HP:6000241,Diminished prolactin response to thyrotrophin-releasing hormone stimulation,,no
HP:6000243,Decreased circulating corticosteroid-binding globulin concentration,,no
HP:6000244,Decreased circulating thyroglobulin concentration,,no
HP:6000246,Elevated CSF D-2-hydroxyglutaric acid concentration,,no
HP:6000257,Spinal cord granuloma,,no
HP:6000258,Impaired folate absorption,,no
HP:6000261,Absent circulating kappa chain-bearing immunoglobulin,,no
HP:6000262,Pseudoglioma,,no
HP:6000263,Papillary dermal edema,,no
HP:6000264,Fetal tachycardia,,no
HP:6000265,Elevated urinary 3-hydroxykynurenine level,,no
HP:6000268,Elevated circulating pipecolic acid concentration,,no
HP:6000270,Elevated CSF saccharopine concentration,,no
HP:6000278,Elevated circulating 2-aminoadipic acid concentration,,no
HP:6000279,Elevated urinary N-carbamoyl-beta-alanine level,,no
HP:6000281,Elevated urinary gamma-glutamylphenylalanine level,,no
HP:6000283,Elevated urinary saccharopine level,,no
HP:6000292,Elevated tissue sphingomyelin concentration,,no
HP:6000295,Persistent falcine venous sinus,,no
HP:6000313,Incomplete right bundle branch block,,no
HP:6000318,Elevated aldosterone:renin ratio,,no
HP:6000319,Meteorism,,no
HP:6000320,Failure to elevate ammonia on ischemic exercise,,no
HP:6000330,Increased ratio of deoxypyridinoline to pyridinoline cross-links in urine,,no
HP:6000331,Elevated urinary thymine level,,no
HP:6000332,Elevated urinary indoleacetic acid level,,no
HP:6000333,Reduced hepatic phosphorylase kinase activity,,no
HP:6000334,Reduced hepatic ornithine transcarbamylase activity,,no
HP:6000335,Elevated urinary quinolinic acid level,,no
HP:6000336,Rectal duplication,,no
HP:6000342,Thickened mitral valve cusp,,no
HP:6000344,Anti-intrinsic factor antibody positivity,,no
HP:6000352,Tachyphagia,,no
HP:6000353,Reduced tissue argininosuccinate synthetase activity,,no
HP:6000354,Reduced aspartoacylase activity in cultured fibroblasts,,no
HP:6000355,Reduced malonyl-CoA decarboxylase activity in cultured fibroblasts,,no
HP:6000356,Reduced tissue medium-chain acyl-CoA dehydrogenase activity,,no
HP:6000357,Reduced cystathionine beta-synthase activity in cultured fibroblasts,,no
HP:6000358,Reduced muscle glycogen phosphorylase activity,,no
HP:6000359,Reduced muscle 6-phosphofructokinase activity,,no
HP:6000360,Reduced tissue alpha-N-acetylglucosaminidase activity,,no
HP:6000361,Reduced succinyl-CoA:3-oxoacid-CoA transferase activity in cultured fibroblasts,,no
HP:6000365,Brown pigmentation of the conjunctiva,,no
HP:6000367,Central thinning of the outer nuclear layer of the retina,,no
HP:6000371,Elevated circulating D-glyceric acid concentration,,no
HP:6000372,Elevated CSF D-glyceric acid concentration,,no
HP:6000374,Increased circulating interleukin 1beta concentration,,no
HP:6000375,Reduced neutrophil myeloperoxidase activity,,no
HP:6000376,Jugular foramen stenosis,,no
HP:6000377,Intramural intestinal gas,,no
HP:6000393,Elevated urine trihydroxycholestanoic acid level,,no
HP:6000396,Elevated CSF guanidinoacetic acid concentration,,no
HP:6000397,CSF oligoclonal immunoglobulin G bands,,no
HP:6000404,Reduced circulating insulin-like growth factor 2 concentration,,no
HP:6000407,Elevated circulating fibroblast growth factor 23 concentration,,no
HP:6000413,Ectopic ureteral orifice,,no
HP:6000419,Elevated circulating proinsulin concentration,,no
HP:6000426,Reduced Acyl-CoA:dihydroxyacetone phosphate acyltransferase activity in cultured fibroblasts,,no
HP:6000427,Reduced alkyl-dihydroxyacetonephosphate synthase activity in cultured fibroblasts,,no
HP:6000428,Glomerular fibronectin deposits,,no
HP:6000430,Reduced tissue acetyl-CoA carboxylase activity,,no
HP:6000431,Elevated urinary glycolic acid level,,no
HP:6000441,Abnormal circulating interleukin 6 concentration,,no
HP:6000447,Decreased CSF asialotransferrin to transferrin ratio,,no
HP:6000448,Anti-desmocollin antibody positivity,,no
HP:6000456,Sleep drunkeness,,no
HP:6000460,Ectopic testis,,no
HP:6000461,Cerebral subcortical cyst,,no
HP:6000464,Squared off shoulders,,no
HP:6000465,Elevated urine mesaconic acid level,,no
HP:6000466,Elevated urine 3-methyladipic acid level,,no
HP:6000467,Elevated urine D-lactate level,,no
HP:6000468,Elevated CSF alpha-ketoglutarate concentration,,no
HP:6000469,"Elevated urine 2,3-dihydroxy-2-methylbutanoic acid level",,no
HP:6000473,Decreased FOXP3-expressing T cell count,,no
HP:6000476,Elevated circulating tetradecenoylcarnitine concentration,,no
HP:6000478,"Elevated circulating 2-trans,4-cis-decadienoylcarnitine concentration",,no
HP:6000479,Elevated urine N-acetyltyrosine level,,no
HP:6000482,Decreased circulating catecholamine concentration,,no
HP:6000483,Empty sella turcica,,no
HP:6000484,Elevated brain guanidinoacetate level by MRS,,no
HP:6000489,Abnormal circulating fibroblast growth factor 23 concentration,,no
HP:6000490,Impaired heel-walking ability,,no
HP:6000501,Ruffled acrosome,,no
HP:6000503,4-5 toe cutaneous syndactyly,,no
HP:6000507,Non-pitting edema,,no
HP:6000509,Elevated CSF L-2-hydroxyglutaric acid concentration,,no
HP:6000513,Diminished neutrophil myeloperoxidase activity,,no
HP:6000514,Reduced erythrocyte uroporphyrinogen III cosynthase activity,,no
HP:6000516,Elevated circulating 21-deoxycortisol concentration,,no
HP:6000517,Elevated monolysocardiolipin/cardiolipin ratio,,no
HP:6000525,Reduced erythrocyte glutathione reductase activity,,no
HP:6000526,Failure to elevate lactate upon ischemic exercise test,,no
HP:6000534,Elevated urinary ureidopropionic acid level,,no
HP:6000536,Elevated urinary coproporphyrin level,,no
HP:6000555,"Decreased erythrocyte fructose-1,6-bisphosphate aldolase activity",,no
HP:6000556,Reduced circulating dopamine beta-hydroxylase activity,,no
HP:6000557,Reduced erythrocyte bisphosphoglycerate mutase activity,,no
HP:6000559,Reduced erythrocyte hexokinase activity,,no
HP:6000560,Decreased circulating carboxypeptidase N activity,,no
HP:6000562,Reduced circulating adenosine deaminase-2 activity,,no
HP:6000563,Reduced sepiapterin reductase activity in cultured fibroblasts,,no
HP:6000569,Midline notching of lower lip,,no
HP:6000570,Reduced tissue thymidine phosphorylase activity,,no
HP:6000571,Reduced tissue tripeptidyl peptidase 1 activity,,no
HP:6000572,Reduced tissue arginine:glycine amidinotransferase activity,,no
HP:6000573,Reduced tissue aspartylglucosaminidase activity,,no
HP:6000574,Reduced tissue carnitine-acylcarnitine translocase activity,,no
HP:6000575,Reduced circulating 6-pyruvoyltetrahydropterin synthase activity,,no
HP:6000576,Reduced tissue mannosyl-oligosaccharide glucosidase activity,,no
HP:6000577,Reduced tissue 3-methylglutaconyl-CoA hydratase activity,,no
HP:6000578,Reduced tissue gamma-glutamyltransferase activity,,no
HP:6000598,Elevated urinary succinylacetone level,,no
HP:6000602,Elevated urinary isovalerylglycine level,,no
HP:6000603,Elevated urinary 2-methyl-3-hydroxybutyric acid level,,no
HP:6000605,Elevated urinary 7-hydroxyoctanoic acid level,,no
HP:6000606,Elevated urinary D-glyceric acid level,,no
HP:6000607,Elevated urinary 3-hydroxyisobutyric acid level,,no
HP:6000608,"Elevated urinary 3,4-Dihydroxybutyric acid level",,no
HP:6000611,Elevated circulating chitotriosidase activity,,no
HP:6000612,Squamosal suture synostosis,,no
HP:6000615,Reduced Inositol polyphosphate 5-phosphatase OCRL-1 activity in cultured fibroblasts,,no
HP:6000616,Reduced muscle glycogen debrancher enzyme activity,,no
HP:6000617,Reduced tissue UDP-glucuronyl-transferase activity,,no
HP:6000618,Temporal artery giant cells,,no
HP:6000619,Reduced phosphoenolpyruvate carboxykinase activity in cultured fibroblasts,,no
HP:6000620,Elevated urinary pyrroline hydroxycarboxylic acid level,,no
HP:6000621,Elevated urinary N-tau-ribosylhistidine level,,no
HP:6000622,Elevated urinary ureidoisobutyric acid level,,no
HP:6000623,Elevated urinary N-carbamyl-beta-aminoisobutyric acid level,,no
HP:6000638,Reduced hepatic glyoxylate reductase activity,,no
HP:6000642,Sunflower cataract,,no
HP:6000647,Bulging fontanelle,,no
HP:6000648,3-4 toe cutaneous syndactyly,,no
HP:6000650,Distal tibiofibular synostosis,,no
HP:6000652,Rib spur,,no
HP:6000653,Crescent-shaped iliac bone,,no
HP:6000654,Abnormal ischium ossification,,no
HP:6000656,Papillary dermis eosinophilic hyaline material,,no
HP:6000657,Pancreatic intraductal papillary mucinous neoplasm,,no
HP:6000659,Elevated muscle fiber laminin alpha 5 expression,,no
HP:6000666,Right ventricular regional dyskinesia,,no
HP:6000667,Right ventricular aneurysm,,no
HP:6000670,Elevated urinary L-glycerate level,,no
HP:6000675,Elevated urinary mevalonate lactone level,,no
HP:6000691,Left atrial fibrosis,,no
HP:6000693,Decreased circulating NT-proANP concentration,,no
HP:6000694,Elevated circulating 1-pyrroline-5-carboxylic acid concentration,,no
HP:6000695,Reduced tissue delta-1-pyrroline-5-carboxylate dehydrogenase activity,,no
HP:6000696,Elevated circulating N-carbamyl-beta-aminoisobutyric acid concentration,,no
HP:6000697,Low tissue ferrochelatase activity,,no
HP:6000698,Elevated circulating heptacarboxylporphyrin concentration,,no
HP:6000702,Elevated urinary glyoxylic acid level,,no
HP:6000709,Absent Bell phenomenon,,no
HP:6000710,Dalen-Fuchs nodules,,no
HP:6000714,Reduced epidermal kindlin-1 expression,,no
HP:6000715,Central giant cell lesion of the jaw,,no
HP:6000717,Axonal spheroids,,no
HP:6000720,Reduced tissue fatty aldehyde dehydrogenase activity,,no
HP:6000722,Reduced tissue guanidinoacetate methyltransferase activity,,no
HP:6000723,Reduced erythrocyte galactokinase activity,,no
HP:6000725,Salty tasting skin,,no
HP:6000745,Flexural reticulate hyperpigmentation,,no
HP:6000746,Elevated fractional excretion of urate,,no
HP:6000748,Decreased urinary creatine level,,no
HP:6000749,Elevated circulating PINP concentration,,no
HP:6000750,Decreased tissue S-adenosylhomocysteine hydrolase activity,,no
HP:6000751,Decreased urinary dopamine level,,no
HP:6000752,Elevated erythrocyte AICA-ribotide concentration,,no
HP:6000753,Elevated circulating monomethyl sterol concentration,,no
HP:6000754,Elevated circulating dimethyl sterol concentration,,no
HP:6000756,Elevated urinary 5-hydroxyindoleacetic acid level,,no
HP:6000757,Elevated circulating thiosulfate concentration,,no
HP:6000769,Paracentral hyper-autofluorecence,,no
HP:6000775,Elevated urinary 4-tyramine level,,no
HP:6000776,Elevated circulating 3-hydroxykynurenine concentration,,no
HP:6000782,Reduced tissue phosphomannose isomerase activity,,no
HP:6000783,Reduced tissue palmitoyl-protein thioesterase activity,,no
HP:6000785,Protein craving,,no
HP:6000803,"Elevated urinary 2,8-dihydroxyadenine level",,no
HP:6000807,Cervical C6/C7 vertebrae fusion,,no
HP:6000808,Periumbilical depression,,no
HP:6000809,Thickened tibial cortex,,no
HP:6000811,Thickened cortex of the radius,,no
HP:6000812,Thickened cortex of the ulna,,no
HP:6000814,Temporomandibular joint dislocation,,no
HP:6000815,Amyloid goiter,,no
HP:6000816,Prominent lesser trochanter,,no
HP:6000817,Melorheostosis,,no
HP:6000819,Elevated circulating beta-glucuronidase activity,,no
HP:6000821,Elevated circulating bile alcohol concentration,,no
HP:6000825,Reduced C27 3beta-HSD activity in cultured fibroblasts,,no
HP:6000827,Diminished tissue fumarylacetoacetate hydrolase activity,,no
HP:6000828,Reduced tissue peptidase D activity,,no
HP:6000829,Reduced tissue glycine cleavage enzyme activity,,no
HP:6000830,Diminished alpha-ketoglutarate dehydrogenase activity in cultured fibroblasts,,no
HP:6000832,Reduced tissue phosphorylase kinase activity,,no
HP:6000833,Hyperkalemia while symptomatic,,no
HP:6000834,Elevated urinary gamma-glutamylcysteine level,,no
HP:6000842,Multiple eyelid beaded papules,,no
HP:6000853,Thyroid cyst,,no
HP:6000854,Decreased circulating sulfate concentration,,no
HP:6000855,Cold intolerance,,no
HP:6000860,Diminished tissue very long-chain acyl-CoA dehydrogenase activity,,no
HP:6000864,Transverse smile,,no
HP:6000865,Hyperphalangy of the 4th finger,,no
HP:6000866,Delayed distal femoral epiphyseal ossification,,no
HP:6000867,Delayed tibial epiphyseal ossification,,no
HP:6000869,Sclerotic ilium,,no
HP:6000870,Metaphyseal chevron deformity,,no
HP:6000871,Popcorn calcification,,no
HP:6000872,Aplasia/Hypoplasia of the calvaria,,no
HP:6000873,Bowdler spurs,,no
HP:6000875,Wide sacroiliac joint,,no
HP:6000876,Anti-Glutamate Receptor delta2 antibody positivity,,no
HP:6000877,Anti-dachshund family transcription factor 1 antibody positivity,,no
HP:6000878,Anti-potassium channel tetramerization domain containing 16 antibody positivity,,no
HP:6000879,Anti-regulator of G protein signaling 8 antibody positivity,,no
HP:6000880,Anti-neurochondrin antibody positivity,,no
HP:6000882,Anti-recoverin antibody positivity,,no
HP:6000884,Enlarged humeral head,,no
HP:6000891,Absent toe phalanx flexion crease,,no
HP:6000901,Positive bloodstream tuberculosis-induced T-cell-based interferon-gamma release assay,,no
HP:6000910,Diminished tissue alpha-L-iduronidase activity,,no
HP:6000911,Reduced tissue neuraminidase activity,,no
HP:6000915,Dysorthography,,no
HP:6000916,Echogenic fetal colon,,no
HP:6000917,Bone marrow edema,,no
HP:6000919,Trousseau sign,,no
HP:6000920,Craniocervical junction constriction,,no
HP:6000921,Fibular torsion,,no
HP:6000936,Thickened cortex of the clavicle,,no
HP:6000937,Thickened cortex of the mandible,,no
HP:6000943,Femoral osteopoikilosis,,no
HP:6000944,Carotidynia,,no
HP:6000945,Asymmetric blood pressure between arms,,no
HP:6000946,Transverse terminal lower limb defect,,no
HP:6000950,Breath-holding spell,,no
HP:6000952,Delayed toe phalanx ossification,,no
HP:6000956,Exuberant granulation tissue,,no
HP:6000957,Oral mucosal papule,,no
HP:6000966,Diminished tissue dihydropteridine reductase activity,,no
HP:6000969,Diminished circulating hyaluronidase activity,,no
HP:6000976,Intrahepatic inclusion bodies,,no
HP:6000979,Reduced hepatic glycogen phosphorylase activity,,no
HP:6000988,Cochlear nerve aplasia,,no
HP:6000989,Slit-like lateral ventricle,,no
HP:6000991,Elevated circulating 4-hydroxybutyric acid concentration,,no
HP:6000993,Pupillary hypersensitivity to parasympathomimetic agents,,no
HP:6000994,Lack of pupillary response to hydroxyamphetamine,,no
HP:6000995,Subcortical U fiber lesion,,no
HP:6001002,Elevated urinary vanillactic acid level,,no
HP:6001004,Elevated urine hydroxyphenyllactic acid level,,no
HP:6001005,Positive gastric CMV intranuclear inclusions,,no
HP:6001007,Elevated urinary bile alcohol level,,no
HP:6001008,Elevated urine glucose tetrasaccharide level,,no
HP:6001009,Increased urine 4-hydroxy-2-oxoglutarate level,,no
HP:6001010,Inability to protrude lips,,no
HP:6001011,Wet voice,,no
HP:6001012,Erythema marginatum,,no
HP:6001013,Mechanic's hands,,no
HP:6001014,Hiker's feet,,no
HP:6001023,Diminished long-chain-enoyl-CoA hydratase activity in cultured fibroblasts,,no
HP:6001024,Diminished acetyl-CoA C-acyltransferase activity in cultured fibroblasts,,no
HP:6001026,Reduced epidermal collagen IV alpha 5 chain staining,,no
HP:6001052,Tibiotalar synostosis,,no
HP:6001053,Vertebra plana,,no
HP:6001054,Intoeing,,no
HP:6001056,Out-toeing,,no
HP:6001057,Ankle dislocation,,no
HP:6001059,Anti-DREBRIN antibody positivity,,no
HP:6001062,Eosinophilic neuronal inclusion bodies,,no
HP:6001063,Sweaty foot-like odor,,no
HP:6001064,Anti-acetylcholine receptor antibody positivity,,no
HP:6001070,Subdural hygroma,,no
HP:6001073,Left ventricular apical dyskinesis,,no
HP:6001074,Longitudinal erythronychia,,no
HP:6001080,Reduced urine tetrahydrocortisol plus 5-alpha-THF to tetrahydrocortisone ratio,,no
HP:6001086,Irregular RR interval,,no
HP:6001087,Irregular P-P interval,,no
HP:6001096,Decreased CD4+ T cell ZAP-70 protein expression,,no
HP:6001098,Metaphyseal undermodelling,,no
HP:6001102,Inability to puff cheeks,,no
HP:6001103,Entoptic phenomenon,,no
HP:6001104,Abnormal vestibulo-spinal reflex,,no
HP:6001113,Elevated circulating methysterol concentration,,no
HP:6001115,EEG with temporal slowing,,no
HP:6001124,Sphenoid wing dysplasia,,no
HP:6001166,Spongiosis,,no
HP:6001172,Increased compartment pressure,,no
HP:6001181,Choroid thickening,,no
HP:6001182,Corneal epithelial edema,,no
HP:6001185,Elevated circulating glucosylsphingosine concentration,,no
HP:6001187,Decreased circulating progranulin concentration,,no
HP:6001258,Pulmonary hyperplasia,,no
HP:6001262,Biceps tendon rupture,,no
HP:6001315,Elevated circulating malonyl carnitine concentration,,no
HP:6001316,Sertoli cell hypoplasia,,no
HP:6001346,Enteric anendocrinosis,,no
HP:6001352,Decreased circulating guanidinoacetic acid concentration,,no
HP:6001353,Elevated circulating C-triol concentration,,no
HP:6001360,Hyperlordotic gait,,no
HP:6001380,Elevated circulating lysosphingomyelin concentration,,no
HP:6001410,Elevated circulating succinylacetone concentration,,no
HP:6001411,Flat palate,,no
HP:6001425,Hyperleukocytosis,,no
HP:6001439,Tigroid fundus,,no
HP:6001440,Decreased myocardial glycogen content,,no
HP:6001454,Putaminal eye sign,,no
HP:6001482,Loss of acquired purposeful hand skills,,no
HP:6001483,Loss of acquired spoken language,,no
