patient_id,name,age,gender,phone,email,blood_group,address_line,area,pincode,city,state,emergency_contact,emergency_phone,registered_on,notes
P-0001,Aarav Sharma,34,male,9822013401,aarav.sharma@example.in,O+,"Flat 302, Sai Residency, Plot 18",Dharangaon,440001,Nagpur,Maharashtra,Meera Sharma,9822013499,2026-01-12,Hypertension follow-up
P-0002,Diya Patel,28,female,9822013402,diya.patel@example.in,A+,"Shree Ganesh Colony, House 7",Jayanagar,440002,Nagpur,Maharashtra,Rohan Patel,9822013498,2026-01-18,
P-0003,Rohan Mehta,45,male,9822013403,rohan.mehta@example.in,B+,"204, Dhanashree Apartments, Wardha Road",Wardha Road,440010,Nagpur,Maharashtra,Sneha Mehta,9822013497,2026-02-02,Type 2 diabetes since 2021
P-0004,Ananya Iyer,52,female,9822013404,ananya.iyer@example.in,AB+,"Plot 22, Sitabuldi Main Road",Sitabuldi,440012,Nagpur,Maharashtra,Ramesh Iyer,9822013496,2026-02-14,
P-0005,Kabir Singh,8,male,9822013405,,O-,"A-3, Green Park Colony, Manish Nagar",Manish Nagar,440017,Nagpur,Maharashtra,Harpreet Singh,9822013495,2026-03-01,Paediatric patient
P-0006,Sneha Reddy,39,female,9822013406,sneha.reddy@example.in,,"H.No 44, Ring Road, Behind Petrol Pump",Manish Nagar,440017,Nagpur,Maharashtra,Pradeep Reddy,9822013494,2026-03-09,Blood group not recorded
P-0007,Vikram Rao,61,male,9822013407,vikram.rao@example.in,A-,"Plot 9, Shivaji Nagar, Near Bus Stand",Dharangaon,440001,Nagpur,Maharashtra,Kavita Rao,9822013493,2026-03-15,Cardiac history
P-0008,Priya Nair,26,female,9822013408,priya.nair@example.in,O+,"Flat 11, Sanghvi Park, Ramdaspeth",Ramdaspeth,440010,Nagpur,Maharashtra,Deepak Nair,9822013492,2026-04-02,
P-0009,Naresh Menon,18,male,8766269060,naresh.menon9@example.in,B+,"8, Model Colony, Katol",Katol,441103,Katol,Maharashtra,Mukesh Singh,7084372352,2025-04-06,"BMI 32.9, obese; weight management advised"
P-0010,Meera Mane,90,female,9167256297,meera.mane10@example.in,O+,"Shop 418, Shivaji Nagar, Mankapur",Mankapur,440030,Nagpur,Maharashtra,Trupti Deshmukh,7616764366,2026-02-05,"BMI 19.3, normal; age-related review due"
P-0011,Ranjana Khan,36,female,9093586093,ranjana.khan11@example.in,A+,"Shop 323, Nehru Nagar, Officers Colony",Officers Colony,422428,Nashik,Maharashtra,Manjula Patel,8050132145,2024-11-22,"BMI 25.9, obese; weight management advised"
P-0012,Nitin Yadav,39,male,9951858452,nitin.yadav12@example.in,O+,"8, Officers Colony, Krishna Nagar",Krishna Nagar,416213,Kolhapur,Maharashtra,Harsh Mane,9390119275,2026-04-14,"BMI 24.8, overweight; weight management advised"
P-0013,Asha Verma,56,female,9743492745,asha.verma13@example.in,O+,"Flat 242, Ring Road, College Road",College Road,411250,Pune,Maharashtra,Vandana Singh,9926259748,2025-07-17,"BMI 22.3, normal"
P-0014,Harsh Deshmukh,14,male,9408970775,harsh.deshmukh14@example.in,O+,"40, College Road, Sai Nagar",Sai Nagar,400235,Mumbai,Maharashtra,Guardian Mukesh Ghosh,7743453292,2025-04-13,"BMI 27.7, obese; weight management advised"
P-0015,Sachin Khan,59,male,7618236552,sachin.khan15@example.in,A+,"Shop 475, Civil Lines, Shivaji Nagar",Shivaji Nagar,422371,Nashik,Maharashtra,Sneha Nair,9023734545,2024-06-06,"BMI 19.2, normal"
P-0016,Manjula Joshi,76,female,8025814992,manjula.joshi16@example.in,O+,"Flat 103, Shivaji Nagar, Civil Lines",Civil Lines,400255,Mumbai,Maharashtra,Mukesh Chavan,8304619740,2026-01-06,"BMI 30.7, obese; weight management advised; age-related review due"
P-0017,Yogesh Gupta,4,male,8626206972,yogesh.gupta17@example.in,A+,"Shop 311, Main Road, Shivaji Nagar",Shivaji Nagar,400245,Mumbai,Maharashtra,Guardian Naresh Shah,8902750742,2025-07-19,"BMI 18.0, underweight"
P-0018,Ashish Khan,23,male,7641551472,ashish.khan18@example.in,O+,"Shop 356, Shivaji Nagar, Ring Road",Ring Road,411908,Pune,Maharashtra,Lalit Rao,9275799107,2025-02-21,"BMI 20.9, normal"
P-0019,Satish Khan,42,male,7472828950,satish.khan19@example.in,O+,"14, MIDC Road, Borgaon Road",Borgaon Road,440013,Nagpur,Maharashtra,Divya Desai,7831145065,2026-08-01,"BMI 23.6, overweight; weight management advised"
P-0020,Deepa Menon,38,female,7389641743,deepa.menon20@example.in,A+,"Shop 463, Shivaji Nagar, Market Yard",Market Yard,400865,Mumbai,Maharashtra,Lata Verma,8530775307,2025-06-17,"BMI 20.0, normal"
P-0021,Nitin Rao,3,male,7691988484,nitin.rao21@example.in,B+,"Shop 370, Nehru Nagar, Shivaji Nagar",Shivaji Nagar,413003,Solapur,Maharashtra,Guardian Neha Thakur,9306148809,2024-07-25,"BMI 17.3, underweight"
P-0022,Ashish Menon,19,male,9384561008,ashish.menon22@example.in,O+,"1, Gandhi Marg, Parvati Nagar",Parvati Nagar,440027,Nagpur,Maharashtra,Santosh Sharma,8523822697,2026-07-21,"BMI 19.3, normal"
P-0023,Prakash Waghmare,18,male,7757135497,prakash.waghmare23@example.in,B+,"21, MIDC Road, Krishna Nagar",Krishna Nagar,411264,Pune,Maharashtra,Siddharth Shah,8998099453,2024-01-09,"BMI 21.4, normal"
P-0024,Umesh Yadav,54,male,8293163096,umesh.yadav24@example.in,O+,"6, Civil Lines, Shivaji Nagar",Shivaji Nagar,422293,Nashik,Maharashtra,Ganesh Mehta,8149245657,2026-04-08,"BMI 17.8, underweight"
P-0025,Ganesh Rane,12,male,9250030975,ganesh.rane25@example.in,A+,"29, Officers Colony, Ring Road",Ring Road,413924,Solapur,Maharashtra,Guardian Priya Menon,7625591528,2026-05-27,"BMI 21.2, normal"
P-0026,Sonal Joshi,45,female,8353682009,sonal.joshi26@example.in,O+,"49, Main Road, BESA Road",BESA Road,440037,Nagpur,Maharashtra,Nikhil Desai,7851743864,2025-11-24,"BMI 23.1, overweight; weight management advised"
P-0027,Dinesh Rao,3,male,7216043952,dinesh.rao27@example.in,O+,"Shop 420, Main Road, Civil Lines",Civil Lines,400202,Mumbai,Maharashtra,Guardian Nikita Ghosh,8449135046,2026-10-05,"BMI 15.7, underweight"
P-0028,Yogita Shah,16,female,9024467794,yogita.shah28@example.in,O+,"Shop 428, Station Road, Khamla",Khamla,440025,Nagpur,Maharashtra,Guardian Naresh Ghosh,7980726306,2024-02-18,"BMI 26.1, obese; weight management advised"
P-0029,Rakesh Iyer,67,male,7446605163,rakesh.iyer29@example.in,O+,"13, Civil Lines, Kamthi",Kamthi,441001,Kamthi,Maharashtra,Nikita Chauhan,9383692821,2026-01-02,"BMI 22.4, normal; age-related review due"
P-0030,Priya Joshi,0,female,7400481408,priya.joshi30@example.in,B+,"Shop 401, Main Road, Temple Street",Temple Street,425483,Jalgaon,Maharashtra,Father Ira Gaikwad,7294812980,2026-05-03,"BMI 11.8, underweight"
P-0031,Manjula Pawar,92,female,8796920442,manjula.pawar31@example.in,O+,"Flat 427, Nehru Nagar, Model Colony",Model Colony,400234,Mumbai,Maharashtra,Vivek Sharma,7404861391,2025-09-07,"BMI 22.9, normal; age-related review due"
P-0032,Amit Desai,40,male,8729706753,amit.desai32@example.in,B+,"Flat 347, MIDC Road, Gandhi Marg",Gandhi Marg,400588,Mumbai,Maharashtra,Anil Desai,9931154196,2024-01-15,"BMI 17.7, underweight"
P-0033,Kiran Rao,47,female,9846044213,kiran.rao33@example.in,B+,"1, Sai Nagar, Jaitala",Jaitala,440036,Nagpur,Maharashtra,Bhagyashree Gaikwad,8695331156,2025-08-08,"BMI 25.8, obese; weight management advised"
P-0034,Anil Khan,32,male,9274477907,anil.khan34@example.in,A+,"Shop 425, Market Yard, Gandhi Marg",Gandhi Marg,416263,Kolhapur,Maharashtra,Tarun Shah,7563970301,2024-02-10,"BMI 25.1, obese; weight management advised"
P-0035,Vijay Joshi,39,male,9575210009,vijay.joshi35@example.in,O+,"Flat 380, Gandhi Marg, Kuhi",Kuhi,441202,Kuhi,Maharashtra,Vandana Rao,7108335244,2026-08-18,"BMI 24.8, overweight; weight management advised"
P-0036,Chitra Waghmare,39,female,9052694700,chitra.waghmare36@example.in,B+,"Shop 337, Nehru Nagar, Krishna Nagar",Krishna Nagar,444232,Amravati,Maharashtra,Neha Patel,9883457248,2025-04-14,"BMI 29.7, obese; weight management advised"
P-0037,Chitra Chavan,30,female,8415886935,chitra.chavan37@example.in,A+,"Shop 173, Ring Road, Kamthi",Kamthi,441001,Kamthi,Maharashtra,Kiran Deshmukh,9955995798,2025-04-02,"BMI 20.0, normal"
P-0038,Santosh Singh,9,male,9458929320,santosh.singh38@example.in,B+,"Shop 387, Krishna Nagar, Sitabuldi",Sitabuldi,440012,Nagpur,Maharashtra,Guardian Vaishali Gaikwad,7430453417,2025-01-11,"BMI 17.7, underweight"
P-0039,Kiran Chauhan,0,male,9232078708,kiran.chauhan39@example.in,B+,"Shop 129, Main Road, Borgaon Road",Borgaon Road,440013,Nagpur,Maharashtra,Mother Alok Singh,9787900733,2025-03-04,"BMI 13.0, underweight"
P-0040,Rahul Nair,36,male,9312677828,rahul.nair40@example.in,A+,"Shop 395, Shivaji Nagar, Shankar Nagar",Shankar Nagar,440010,Nagpur,Maharashtra,Sagar Reddy,8720087461,2024-11-11,"BMI 23.1, overweight; weight management advised"
P-0041,Sneha Bhosale,83,female,9218744920,sneha.bhosale41@example.in,O+,"Flat 431, Model Colony, Sai Nagar",Sai Nagar,413371,Solapur,Maharashtra,Sameer Iyer,9573867159,2024-04-27,"BMI 23.4, overweight; weight management advised; age-related review due"
P-0042,Kiran Deshmukh,42,female,8023573960,kiran.deshmukh42@example.in,B+,"Shop 274, Market Yard, Station Road",Station Road,441045,Bhandara,Maharashtra,Ashish Singh,7094920015,2025-01-27,"BMI 26.4, obese; weight management advised"
P-0043,Tarun Mehta,33,male,9931721717,tarun.mehta43@example.in,B+,"Shop 326, Model Colony, Krishna Nagar",Krishna Nagar,422218,Nashik,Maharashtra,Sonal Salunke,8585941844,2026-12-14,"BMI 21.4, normal"
P-0044,Prakash Yadav,28,male,8225378085,prakash.yadav44@example.in,B+,"Flat 463, Krishna Nagar, Temple Street",Temple Street,413152,Solapur,Maharashtra,Bhavana Kulkarni,9978116261,2025-09-22,"BMI 20.6, normal"
P-0045,Rajesh Gaikwad,8,male,7109381579,rajesh.gaikwad45@example.in,A-,"Shop 415, Officers Colony, College Road",College Road,400157,Mumbai,Maharashtra,Mother Manjula Patil,9780731311,2024-01-08,"BMI 19.0, normal"
P-0046,Santosh Desai,37,male,8769697253,santosh.desai46@example.in,AB+,"Flat 146, Ring Road, Market Yard",Market Yard,422902,Nashik,Maharashtra,Gaurav Gaikwad,7834006138,2024-02-17,"BMI 19.8, normal"
P-0047,Kavita Waghmare,39,female,9298162847,kavita.waghmare47@example.in,A+,"Flat 193, Station Road, Gandhi Marg",Gandhi Marg,413285,Solapur,Maharashtra,Ola Kulkarni,9103137117,2026-04-08,"BMI 22.1, normal"
P-0048,Kiran Yadav,91,male,8438211804,kiran.yadav48@example.in,O-,"2, Krishna Nagar, Khamla",Khamla,440025,Nagpur,Maharashtra,Manoj Joshi,7326515144,2025-03-07,"BMI 29.7, obese; weight management advised; age-related review due"
P-0049,Sonal Sharma,73,female,7933936473,sonal.sharma49@example.in,O+,"Flat 300, Gandhi Marg, Gandhi Marg",Gandhi Marg,400853,Mumbai,Maharashtra,Sameer Ghosh,9989433935,2024-06-06,"BMI 22.5, normal; age-related review due"
P-0050,Tarun Singh,32,male,8725121585,tarun.singh50@example.in,O+,"49, Gandhi Marg, Krishna Nagar",Krishna Nagar,425573,Jalgaon,Maharashtra,Usha Bhosale,8968577142,2024-10-19,"BMI 29.7, obese; weight management advised"
P-0051,Vikram Khan,1,male,7172051088,vikram.khan51@example.in,O+,"54, Market Yard, Gandhi Marg",Gandhi Marg,411125,Pune,Maharashtra,Father Nandini Ghosh,8928286010,2024-04-09,"BMI 18.3, underweight"
P-0052,Yogita Yadav,14,female,9608612519,yogita.yadav52@example.in,O+,"Shop 467, Nehru Nagar, Main Road",Main Road,411812,Pune,Maharashtra,Mother Harsh Bhosale,7761754304,2025-01-12,"BMI 16.9, underweight"
P-0053,Usha Menon,14,female,9434063643,usha.menon53@example.in,A+,"Flat 223, Officers Colony, Sai Nagar",Sai Nagar,413070,Solapur,Maharashtra,Mother Harsh Yadav,8015965121,2026-05-19,"BMI 20.6, normal"
P-0054,Chitra Chavan,53,female,9971910060,chitra.chavan54@example.in,A+,"Shop 321, Model Colony, Shivaji Nagar",Shivaji Nagar,442171,Chandrapur,Maharashtra,Rahul Thakur,7933338660,2024-01-10,"BMI 21.9, normal"
P-0055,Harsh Chavan,2,male,8204863204,harsh.chavan55@example.in,A+,"26, Station Road, Gandhi Marg",Gandhi Marg,400913,Mumbai,Maharashtra,Father Santosh Singh,7872473482,2025-01-01,"BMI 14.5, underweight"
P-0056,Gaurav Dixit,14,male,8443170318,gaurav.dixit56@example.in,A+,"Shop 206, Ring Road, Katol",Katol,441103,Katol,Maharashtra,Guardian Kunal Chauhan,7050637856,2026-05-24,"BMI 22.5, normal"
P-0057,Ola Menon,69,female,9860862645,ola.menon57@example.in,O+,"Shop 488, Shivaji Nagar, Shivaji Nagar",Shivaji Nagar,442377,Chandrapur,Maharashtra,Prachi Singh,8710793971,2026-06-16,"BMI 21.3, normal; age-related review due"
P-0058,Bhagyashree Verma,55,female,8669227156,bhagyashree.verma58@example.in,O+,"Shop 191, Station Road, Officers Colony",Officers Colony,400864,Mumbai,Maharashtra,Piyush Bhagat,7954647098,2025-05-10,"BMI 25.5, obese; weight management advised"
P-0059,Siddharth Sharma,48,male,7485495395,siddharth.sharma59@example.in,A+,"29, Gandhi Marg, Sai Nagar",Sai Nagar,431999,Aurangabad,Maharashtra,Nikhil Bhosale,7182068934,2025-08-22,"BMI 21.8, normal"
P-0060,Mukesh Kulkarni,32,male,9627797482,mukesh.kulkarni60@example.in,A+,"Flat 188, Station Road, Krishna Nagar",Krishna Nagar,431581,Aurangabad,Maharashtra,Divya Nair,7501867878,2024-06-15,"BMI 26.4, obese; weight management advised"
P-0061,Manoj Iyer,8,male,8749113098,manoj.iyer61@example.in,A+,"27, College Road, Krishna Nagar",Krishna Nagar,400128,Mumbai,Maharashtra,Mother Trupti Patel,8709614445,2025-08-03,"BMI 20.7, normal"
P-0062,Gaurav Ghosh,3,male,8015447920,gaurav.ghosh62@example.in,B+,"Shop 365, Civil Lines, Krishna Nagar",Krishna Nagar,431903,Aurangabad,Maharashtra,Guardian Deepa Ghosh,8990141008,2026-12-16,"BMI 15.3, underweight"
P-0063,Bhavana Desai,8,female,9956735674,bhavana.desai63@example.in,O+,"Shop 498, Market Yard, Nehru Nagar",Nehru Nagar,400880,Mumbai,Maharashtra,Guardian Kiran Gupta,7166185407,2025-07-02,"BMI 17.8, underweight"
P-0064,Yogesh Reddy,15,male,8542709773,yogesh.reddy64@example.in,B+,"Flat 121, College Road, Officers Colony",Officers Colony,425657,Jalgaon,Maharashtra,Father Vandana Menon,7289090950,2025-10-04,"BMI 25.3, obese; weight management advised"
P-0065,Kunal Kulkarni,10,male,9071639813,kunal.kulkarni65@example.in,O+,"22, Krishna Nagar, College Road",College Road,411412,Pune,Maharashtra,Mother Divya Mehta,7739151548,2024-10-08,"BMI 20.1, normal"
P-0066,Ekta Chauhan,40,female,7771438976,ekta.chauhan66@example.in,O+,"33, Market Yard, MIDC Road",MIDC Road,411490,Pune,Maharashtra,Dinesh Sharma,8448992262,2026-01-05,"BMI 23.7, overweight; weight management advised"
P-0067,Nikita Dixit,8,female,8313478006,nikita.dixit67@example.in,B+,"Shop 159, Temple Street, Saoner",Saoner,441107,Saoner,Maharashtra,Mother Nikita Menon,7636814518,2026-01-06,"BMI 20.7, normal"
P-0068,Satish Patil,14,male,8427246121,satish.patil68@example.in,O+,"56, Krishna Nagar, Narendra Nagar",Narendra Nagar,440015,Nagpur,Maharashtra,Guardian Abhishek Patil,7062719318,2024-10-05,"BMI 24.2, overweight; weight management advised"
P-0069,Vivek Patil,9,male,7500552609,vivek.patil69@example.in,B+,"51, Nehru Nagar, Imamwada",Imamwada,440003,Nagpur,Maharashtra,Guardian Pankaj Menon,7941111010,2025-10-20,"BMI 18.7, normal"
P-0070,Aditi Rao,23,female,9060008030,aditi.rao70@example.in,O+,"58, Nehru Nagar, Saoner",Saoner,441107,Saoner,Maharashtra,Kavita Rao,7040966010,2024-07-17,"BMI 23.4, overweight; weight management advised"
P-0071,Lata Singh,38,female,7606939654,lata.singh71@example.in,A+,"Flat 424, Model Colony, Sai Nagar",Sai Nagar,444669,Amravati,Maharashtra,Rahul Yadav,7455367816,2024-07-13,"BMI 25.6, obese; weight management advised"
P-0072,Manoj Rao,71,male,7640335096,manoj.rao72@example.in,B+,"Shop 143, Shivaji Nagar, Katol",Katol,441103,Katol,Maharashtra,Ranjana Iyer,9519115104,2026-03-24,"BMI 21.0, normal; age-related review due"
P-0073,Alok Waghmare,71,male,8099334548,alok.waghmare73@example.in,B+,"Flat 378, Shivaji Nagar, Sitabuldi",Sitabuldi,440012,Nagpur,Maharashtra,Neha Menon,8829416675,2024-02-28,"BMI 27.1, obese; weight management advised; age-related review due"
P-0074,Vandana Dixit,11,female,8301972522,vandana.dixit74@example.in,A+,"Flat 223, Gandhi Marg, Market Yard",Market Yard,400654,Mumbai,Maharashtra,Mother Nitin Khan,8094946946,2026-10-07,"BMI 19.1, normal"
P-0075,Nitin Khan,20,male,9834233125,nitin.khan75@example.in,B+,"Shop 457, Shivaji Nagar, Manewada Road",Manewada Road,440024,Nagpur,Maharashtra,Sumit Ghosh,9532236590,2026-12-05,"BMI 21.0, normal"
P-0076,Asha Mehta,10,female,9563128441,asha.mehta76@example.in,A+,"Flat 177, Shivaji Nagar, Station Road",Station Road,425681,Jalgaon,Maharashtra,Father Sonal Patel,8259682152,2026-02-16,"BMI 19.6, normal"
P-0077,Piyush Dixit,37,male,9951103105,piyush.dixit77@example.in,B+,"Shop 482, MIDC Road, Main Road",Main Road,422932,Nashik,Maharashtra,Ira Chavan,8299436165,2025-06-16,"BMI 25.0, overweight; weight management advised"
P-0078,Swati Mehta,28,female,8165338355,swati.mehta78@example.in,B+,"14, Model Colony, Krishna Nagar",Krishna Nagar,444985,Amravati,Maharashtra,Hemangi Joshi,9669133346,2025-01-02,"BMI 18.5, normal"
P-0079,Piyush Jadhav,19,male,9362721795,piyush.jadhav79@example.in,A+,"56, Market Yard, Koradi",Koradi,441111,Koradi,Maharashtra,Sachin Bhagat,9504619479,2024-12-24,"BMI 25.9, obese; weight management advised"
P-0080,Deepak Yadav,71,male,7387317196,deepak.yadav80@example.in,O+,"Flat 281, Sai Nagar, Krishna Nagar",Krishna Nagar,411224,Pune,Maharashtra,Kavita Pawar,9357971400,2024-12-06,"BMI 20.0, normal; age-related review due"
P-0081,Kavita Waghmare,0,female,8550799795,kavita.waghmare81@example.in,A+,"Flat 366, Temple Street, Uppalwadi",Uppalwadi,440026,Nagpur,Maharashtra,Father Piyush Ghosh,8962210836,2026-08-06,"BMI 15.3, underweight"
P-0082,Sachin Khan,34,male,7330615159,sachin.khan82@example.in,A+,"25, Nehru Nagar, Jaitala",Jaitala,440036,Nagpur,Maharashtra,Kiran Kulkarni,9351671016,2025-05-16,"BMI 21.1, normal"
P-0083,Nandini Sharma,37,female,7858486896,nandini.sharma83@example.in,O+,"Shop 213, Civil Lines, Ganjipeth",Ganjipeth,440018,Nagpur,Maharashtra,Anil Kulkarni,8167207216,2025-07-08,"BMI 28.2, obese; weight management advised"
P-0084,Mahesh Rane,22,male,9982381552,mahesh.rane84@example.in,O+,"24, Station Road, Officers Colony",Officers Colony,400429,Mumbai,Maharashtra,Gaurav Mehta,7866344353,2026-01-06,"BMI 25.7, obese; weight management advised"
P-0085,Amol Salunke,39,male,8803876342,amol.salunke85@example.in,O+,"Shop 293, Main Road, Jaitala",Jaitala,440036,Nagpur,Maharashtra,Meera Waghmare,9317635819,2025-02-24,"BMI 23.7, overweight; weight management advised"
P-0086,Nikhil Khan,53,male,8824964367,nikhil.khan86@example.in,A+,"Shop 489, MIDC Road, College Road",College Road,444101,Amravati,Maharashtra,Ola Iyer,7143605069,2024-09-25,"BMI 26.0, obese; weight management advised"
P-0087,Naresh Gaikwad,86,male,8464926772,naresh.gaikwad87@example.in,B+,"35, Station Road, Vayusena Nagar",Vayusena Nagar,440007,Nagpur,Maharashtra,Deepa Mane,9281061447,2026-03-21,"BMI 23.9, overweight; weight management advised; age-related review due"
P-0088,Chitra Kulkarni,70,female,9659674061,chitra.kulkarni88@example.in,B+,"Shop 120, Market Yard, Model Colony",Model Colony,422165,Nashik,Maharashtra,Swati Mane,9912097479,2024-05-18,"BMI 21.6, normal; age-related review due"
P-0089,Anil Rane,75,male,7930846287,anil.rane89@example.in,O+,"Shop 371, Civil Lines, Market Yard",Market Yard,411519,Pune,Maharashtra,Harsh Pawar,9020632930,2024-02-08,"BMI 27.3, obese; weight management advised; age-related review due"
P-0090,Sagar Sharma,51,male,8412124036,sagar.sharma90@example.in,O+,"Flat 437, Shivaji Nagar, MIDC Road",MIDC Road,431656,Aurangabad,Maharashtra,Usha Sharma,7640694771,2026-09-09,"BMI 20.5, normal"
P-0091,Santosh Kamble,34,male,7230759486,santosh.kamble91@example.in,O+,"Shop 292, Station Road, Gandhi Marg",Gandhi Marg,425873,Jalgaon,Maharashtra,Falguni Verma,8335067087,2026-06-05,"BMI 23.3, overweight; weight management advised"
P-0092,Sachin Chavan,24,male,9317284913,sachin.chavan92@example.in,AB+,"Flat 365, Temple Street, Hingna",Hingna,441110,Hingna,Maharashtra,Meera Waghmare,7062263684,2024-03-24,"BMI 30.9, obese; weight management advised"
P-0093,Umesh Jadhav,23,male,9713644011,umesh.jadhav93@example.in,B+,"Shop 323, Ring Road, Station Road",Station Road,411654,Pune,Maharashtra,Swati Iyer,9381702413,2024-05-11,"BMI 22.3, normal"
P-0094,Priya Joshi,20,female,8848600766,priya.joshi94@example.in,AB+,"Flat 415, MIDC Road, Panchsheel Nagar",Panchsheel Nagar,440017,Nagpur,Maharashtra,Deepak Yadav,7450421562,2026-09-10,"BMI 20.4, normal"
P-0095,Harsh Shah,70,male,8696065731,harsh.shah95@example.in,B+,"Shop 168, Shivaji Nagar, Civil Lines",Civil Lines,416551,Kolhapur,Maharashtra,Kunal Sharma,9295231647,2024-02-13,"BMI 28.3, obese; weight management advised; age-related review due"
P-0096,Vivek Desai,3,male,7908023104,vivek.desai96@example.in,AB+,"Shop 432, Temple Street, Uppalwadi",Uppalwadi,440026,Nagpur,Maharashtra,Mother Tejaswini Verma,8708086500,2025-04-05,"BMI 17.1, underweight"
P-0097,Tejaswini Gupta,89,female,7792292573,tejaswini.gupta97@example.in,O+,"55, Civil Lines, Sai Nagar",Sai Nagar,411567,Pune,Maharashtra,Dinesh Ghosh,7430476722,2024-07-21,"BMI 17.2, underweight; age-related review due"
P-0098,Nandini Pawar,27,female,8145382243,nandini.pawar98@example.in,B+,"Shop 293, College Road, Panchsheel Nagar",Panchsheel Nagar,440017,Nagpur,Maharashtra,Anil Kulkarni,7556190157,2025-02-22,"BMI 26.9, obese; weight management advised"
P-0099,Trupti Mehta,10,female,8201002431,trupti.mehta99@example.in,B-,"Shop 247, College Road, Laxmi Nagar",Laxmi Nagar,440022,Nagpur,Maharashtra,Guardian Shreya Gupta,9394604497,2024-10-12,"BMI 21.0, normal"
P-0100,Tejaswini Gupta,48,female,8974742935,tejaswini.gupta100@example.in,O+,"55, Gandhi Marg, Uppalwadi",Uppalwadi,440026,Nagpur,Maharashtra,Satish Gupta,7102800057,2024-05-07,"BMI 25.2, obese; weight management advised"
P-0101,Yogita Dixit,46,female,9281866535,yogita.dixit101@example.in,B+,"19, Temple Street, Narendra Nagar",Narendra Nagar,440015,Nagpur,Maharashtra,Suresh Iyer,7992193050,2025-10-11,"BMI 21.6, normal"
P-0102,Deepa Mane,40,female,8102565257,deepa.mane102@example.in,A+,"47, Temple Street, Sadar Bazar",Sadar Bazar,440001,Nagpur,Maharashtra,Harsh Joshi,7363417228,2026-10-24,"BMI 20.8, normal"
P-0103,Vandana Bhosale,91,female,9910288089,vandana.bhosale103@example.in,A+,"Shop 432, Krishna Nagar, College Road",College Road,400484,Mumbai,Maharashtra,Ekta Bhagat,8703266486,2024-02-04,"BMI 25.5, obese; weight management advised; age-related review due"
P-0104,Prachi Jadhav,6,female,8208952202,prachi.jadhav104@example.in,B+,"13, Gandhi Marg, Krishna Nagar",Krishna Nagar,416103,Kolhapur,Maharashtra,Father Gaurav Thakur,7911728690,2026-11-25,"BMI 20.4, normal"
P-0105,Vandana Reddy,41,female,8639608755,vandana.reddy105@example.in,O+,"Flat 384, Civil Lines, Ganjipeth",Ganjipeth,440018,Nagpur,Maharashtra,Bhavana Singh,8997558891,2026-08-13,"BMI 20.2, normal"
P-0106,Lalit Menon,21,male,8616057704,lalit.menon106@example.in,O+,"51, Ring Road, Main Road",Main Road,425150,Jalgaon,Maharashtra,Nikhil Desai,7399654183,2026-05-06,"BMI 24.6, overweight; weight management advised"
P-0107,Nikhil Shah,6,male,8713672646,nikhil.shah107@example.in,B+,"Shop 350, MIDC Road, Station Road",Station Road,411559,Pune,Maharashtra,Mother Vijay Bhosale,7448702696,2026-03-03,"BMI 20.4, normal"
P-0108,Rajesh Waghmare,32,male,7835044518,rajesh.waghmare108@example.in,O+,"Shop 192, Civil Lines, Narendra Nagar",Narendra Nagar,440015,Nagpur,Maharashtra,Zoya Mehta,8601694404,2026-09-08,"BMI 24.7, overweight; weight management advised"
P-0109,Bhavana Waghmare,54,female,7001509783,bhavana.waghmare109@example.in,A-,"Shop 362, Ring Road, Shivaji Nagar",Shivaji Nagar,444094,Amravati,Maharashtra,Sonal Salunke,7241357040,2026-01-23,"BMI 18.7, normal"
P-0110,Abhishek Salunke,69,male,7721421766,abhishek.salunke110@example.in,B+,"Shop 424, Main Road, Temple Street",Temple Street,425773,Jalgaon,Maharashtra,Vaishali Thakur,9434627935,2026-08-28,"BMI 23.3, overweight; weight management advised; age-related review due"
P-0111,Rohan Chavan,22,male,7404601392,rohan.chavan111@example.in,O+,"Shop 145, Gandhi Marg, Sai Nagar",Sai Nagar,413210,Solapur,Maharashtra,Deepa Sharma,8631194694,2024-09-17,"BMI 26.9, obese; weight management advised"
P-0112,Ankita Mehta,7,female,8735865773,ankita.mehta112@example.in,A-,"Shop 473, Civil Lines, Sai Nagar",Sai Nagar,411189,Pune,Maharashtra,Guardian Yogesh Menon,8886924997,2024-07-27,"BMI 20.6, normal"
P-0113,Amol Joshi,14,male,9937425089,amol.joshi113@example.in,AB+,"Shop 162, Market Yard, Civil Lines",Civil Lines,422097,Nashik,Maharashtra,Mother Amit Mehta,7124854700,2026-01-24,"BMI 20.4, normal"
P-0114,Ganesh Mane,9,male,7849873235,ganesh.mane114@example.in,B+,"Shop 425, Market Yard, Khamla",Khamla,440025,Nagpur,Maharashtra,Father Ritu Desai,8767833962,2024-06-06,"BMI 20.4, normal"
P-0115,Suresh Kulkarni,14,male,8577206381,suresh.kulkarni115@example.in,AB+,"Flat 396, Gandhi Marg, Gandhi Marg",Gandhi Marg,442436,Chandrapur,Maharashtra,Father Anil Sharma,7254844300,2024-09-22,"BMI 21.6, normal"
P-0116,Lalit Gupta,71,male,7623304668,lalit.gupta116@example.in,A+,"Flat 247, Ring Road, Gandhi Marg",Gandhi Marg,411509,Pune,Maharashtra,Shreya Rane,8899883980,2025-07-18,"BMI 24.5, overweight; weight management advised; age-related review due"
P-0117,Santosh Menon,50,male,8858487639,santosh.menon117@example.in,O+,"Flat 129, Temple Street, Shankar Nagar",Shankar Nagar,440010,Nagpur,Maharashtra,Sumit Joshi,8815531451,2025-10-18,"BMI 22.5, normal"
P-0118,Ekta Kamble,5,female,7649371414,ekta.kamble118@example.in,B+,"45, Gandhi Marg, Ring Road",Ring Road,416045,Kolhapur,Maharashtra,Mother Nandini Verma,9581175716,2025-04-06,"BMI 17.5, underweight"
P-0119,Sonal Mane,50,female,7217245946,sonal.mane119@example.in,A+,"58, Officers Colony, Gandhi Marg",Gandhi Marg,441184,Bhandara,Maharashtra,Kiran Nair,9340331621,2025-12-18,"BMI 27.1, obese; weight management advised"
P-0120,Amol Verma,37,male,7723577817,amol.verma120@example.in,O+,"3, Officers Colony, Ring Road",Ring Road,411485,Pune,Maharashtra,Amol Bhosale,9342384692,2024-07-15,"BMI 18.4, underweight"
P-0121,Prachi Chauhan,33,female,7698502548,prachi.chauhan121@example.in,O+,"23, Gandhi Marg, Temple Street",Temple Street,411235,Pune,Maharashtra,Ashish Waghmare,8112178489,2024-08-12,"BMI 26.4, obese; weight management advised"
P-0122,Pankaj Mane,53,male,8090379256,pankaj.mane122@example.in,B+,"53, Market Yard, Main Road",Main Road,400144,Mumbai,Maharashtra,Manjula Gupta,8651678243,2026-10-27,"BMI 23.8, overweight; weight management advised"
P-0123,Falguni Chauhan,40,female,8946624108,falguni.chauhan123@example.in,A+,"Shop 137, Main Road, Ring Road",Ring Road,413193,Solapur,Maharashtra,Harsh Thakur,8971411376,2024-01-21,"BMI 22.1, normal"
P-0124,Neha Salunke,17,female,9498955827,neha.salunke124@example.in,O+,"Flat 197, MIDC Road, Katol",Katol,441103,Katol,Maharashtra,Guardian Ranjana Kamble,8099659978,2026-11-24,"BMI 24.4, overweight; weight management advised"
P-0125,Dinesh Desai,42,male,7992209101,dinesh.desai125@example.in,A+,"3, Model Colony, Krishna Nagar",Krishna Nagar,422239,Nashik,Maharashtra,Vandana Menon,7298834319,2026-08-21,"BMI 21.7, normal"
P-0126,Mahesh Desai,25,male,9455374535,mahesh.desai126@example.in,B-,"18, Gandhi Marg, Main Road",Main Road,441849,Bhandara,Maharashtra,Vaishali Mehta,9814785474,2026-09-24,"BMI 18.8, normal"
P-0127,Kavita Chavan,38,female,8411870935,kavita.chavan127@example.in,B+,"Flat 317, Main Road, Shivaji Nagar",Shivaji Nagar,411675,Pune,Maharashtra,Anjali Mehta,9881378440,2024-02-23,"BMI 26.4, obese; weight management advised"
P-0128,Prashant Rane,57,male,9893078871,prashant.rane128@example.in,O+,"Shop 107, Temple Street, Main Road",Main Road,422863,Nashik,Maharashtra,Zoya Patil,9802200153,2024-10-19,"BMI 24.4, overweight; weight management advised"
P-0129,Rakesh Iyer,52,male,7110897526,rakesh.iyer129@example.in,B+,"44, Civil Lines, Nehru Nagar",Nehru Nagar,416242,Kolhapur,Maharashtra,Lata Verma,7009082622,2024-12-02,"BMI 20.3, normal"
P-0130,Sachin Kulkarni,68,male,9065889871,sachin.kulkarni130@example.in,AB+,"Flat 224, Shivaji Nagar, Model Colony",Model Colony,425520,Jalgaon,Maharashtra,Manjula Joshi,8786157579,2024-01-10,"BMI 20.0, normal; age-related review due"
P-0131,Kunal Desai,57,male,8417486589,kunal.desai131@example.in,B+,"15, Station Road, Imamwada",Imamwada,440003,Nagpur,Maharashtra,Ekta Bhagat,9898662360,2026-05-08,"BMI 22.7, normal"
P-0132,Nikhil Sharma,27,male,8186463644,nikhil.sharma132@example.in,B+,"Shop 397, Civil Lines, Market Yard",Market Yard,411499,Pune,Maharashtra,Kiran Joshi,7010159976,2024-10-05,"BMI 24.2, overweight; weight management advised"
P-0133,Sameer Gupta,43,male,8002436942,sameer.gupta133@example.in,A+,"Shop 214, Main Road, Krishna Nagar",Krishna Nagar,400043,Mumbai,Maharashtra,Suresh Rane,9781879332,2025-10-12,"BMI 18.8, normal"
P-0134,Anjali Shah,5,female,8541022264,anjali.shah134@example.in,B+,"Flat 126, Shivaji Nagar, Manewada Road",Manewada Road,440024,Nagpur,Maharashtra,Father Rakesh Waghmare,9227971802,2025-12-06,"BMI 20.8, normal"
P-0135,Bhagyashree Deshmukh,46,female,9484319210,bhagyashree.deshmukh135@example.in,A+,"Flat 316, Officers Colony, Ramtek",Ramtek,441106,Ramtek,Maharashtra,Bhagyashree Khan,7991916179,2025-08-23,"BMI 22.7, normal"
P-0136,Neha Reddy,1,female,7850484533,neha.reddy136@example.in,AB+,"Flat 120, MIDC Road, Gandhi Marg",Gandhi Marg,400091,Mumbai,Maharashtra,Guardian Tejaswini Patil,8631674605,2025-09-19,"BMI 16.5, underweight"
P-0137,Naresh Bhagat,53,male,8167480788,naresh.bhagat137@example.in,A+,"Flat 114, Model Colony, Ring Road",Ring Road,413313,Solapur,Maharashtra,Sumit Bhosale,8107465248,2024-04-14,"BMI 23.6, overweight; weight management advised"
P-0138,Umesh Thakur,6,male,9770851552,umesh.thakur138@example.in,AB+,"16, Temple Street, Saoner",Saoner,441107,Saoner,Maharashtra,Father Deepa Dixit,8920779122,2025-10-04,"BMI 19.4, normal"
P-0139,Sumit Gupta,9,male,8577508446,sumit.gupta139@example.in,O+,"Shop 168, Market Yard, Shankar Nagar",Shankar Nagar,440010,Nagpur,Maharashtra,Mother Priya Yadav,8772730971,2024-09-14,"BMI 19.0, normal"
P-0140,Kiran Pawar,1,female,8786228814,kiran.pawar140@example.in,A+,"58, Model Colony, Sai Nagar",Sai Nagar,422097,Nashik,Maharashtra,Father Naresh Waghmare,7286743416,2024-03-01,"BMI 16.8, underweight"
P-0141,Vandana Khan,72,female,8188952015,vandana.khan141@example.in,O+,"Shop 209, MIDC Road, College Road",College Road,425839,Jalgaon,Maharashtra,Rakesh Deshmukh,9409138362,2025-09-16,"BMI 22.3, normal; age-related review due"
P-0142,Sachin Patel,6,male,9480691559,sachin.patel142@example.in,A+,"Flat 157, Station Road, Market Yard",Market Yard,425969,Jalgaon,Maharashtra,Guardian Pooja Ghosh,8390146819,2025-05-23,"BMI 20.4, normal"
P-0143,Vandana Nair,31,female,9527225146,vandana.nair143@example.in,B+,"Flat 350, Officers Colony, Station Road",Station Road,422878,Nashik,Maharashtra,Yogesh Rao,8537646189,2026-04-16,"BMI 19.7, normal"
P-0144,Sachin Khan,35,male,7255518976,sachin.khan144@example.in,B+,"Flat 121, Nehru Nagar, Pipla",Pipla,440034,Nagpur,Maharashtra,Swati Gupta,9500600231,2026-01-25,"BMI 24.3, overweight; weight management advised"
P-0145,Anjali Ghosh,43,female,8087491848,anjali.ghosh145@example.in,B-,"14, Temple Street, Main Road",Main Road,413513,Solapur,Maharashtra,Anjali Iyer,9183420019,2025-12-18,"BMI 26.4, obese; weight management advised"
P-0146,Jaya Shah,35,female,7740728203,jaya.shah146@example.in,O+,"Flat 445, Model Colony, Gandhi Marg",Gandhi Marg,416305,Kolhapur,Maharashtra,Ranjana Salunke,8150400054,2025-08-14,"BMI 19.7, normal"
P-0147,Jaya Chavan,51,female,7958776851,jaya.chavan147@example.in,O+,"Shop 300, Model Colony, Temple Street",Temple Street,400149,Mumbai,Maharashtra,Amol Shah,9757255897,2026-06-02,"BMI 16.5, underweight"
P-0148,Rohan Chavan,60,male,8268886627,rohan.chavan148@example.in,AB+,"Flat 449, Shivaji Nagar, Sai Nagar",Sai Nagar,413013,Solapur,Maharashtra,Alok Yadav,9686127437,2025-05-24,"BMI 18.9, normal; age-related review due"
P-0149,Prachi Iyer,23,female,9608481002,prachi.iyer149@example.in,A+,"26, College Road, Dattawadi",Dattawadi,440023,Nagpur,Maharashtra,Nitin Chauhan,7693106194,2026-07-28,"BMI 22.0, normal"
P-0150,Mahesh Patil,72,male,9217856887,mahesh.patil150@example.in,O+,"Shop 197, Krishna Nagar, Nehru Nagar",Nehru Nagar,422879,Nashik,Maharashtra,Prakash Singh,9498384613,2024-10-17,"BMI 22.4, normal; age-related review due"
P-0151,Ganesh Dixit,8,male,8429737026,ganesh.dixit151@example.in,A+,"17, Krishna Nagar, MIDC Road",MIDC Road,411676,Pune,Maharashtra,Mother Ekta Bhagat,7997431171,2024-07-10,"BMI 18.4, underweight"
P-0152,Manjula Kulkarni,49,female,9032503651,manjula.kulkarni152@example.in,B+,"6, Sai Nagar, MIDC Area",MIDC Area,440016,Nagpur,Maharashtra,Nilesh Deshmukh,7429268753,2025-09-19,"BMI 19.1, normal"
P-0153,Shreya Thakur,3,female,9587659815,shreya.thakur153@example.in,O+,"37, Officers Colony, MIDC Road",MIDC Road,400393,Mumbai,Maharashtra,Mother Jaya Gupta,8629516530,2026-07-18,"BMI 15.7, underweight"
P-0154,Swati Salunke,46,female,8652365854,swati.salunke154@example.in,A+,"Flat 353, Main Road, Officers Colony",Officers Colony,422658,Nashik,Maharashtra,Tarun Jadhav,8583982517,2024-01-08,"BMI 23.0, overweight; weight management advised"
P-0155,Mukesh Sharma,52,male,8217179567,mukesh.sharma155@example.in,B+,"Flat 497, Model Colony, Gandhi Marg",Gandhi Marg,422625,Nashik,Maharashtra,Manjula Kulkarni,8789086487,2026-11-09,"BMI 29.7, obese; weight management advised"
P-0156,Lata Patil,56,female,8497394436,lata.patil156@example.in,B-,"Flat 487, Gandhi Marg, Gandhi Marg",Gandhi Marg,411061,Pune,Maharashtra,Zoya Joshi,9952849322,2025-03-03,"BMI 23.6, overweight; weight management advised"
P-0157,Deepak Shah,20,male,9536427354,deepak.shah157@example.in,B+,"Flat 443, Model Colony, Officers Colony",Officers Colony,441244,Bhandara,Maharashtra,Prakash Kulkarni,9125277730,2026-11-13,"BMI 24.0, overweight; weight management advised"
P-0158,Asha Rane,85,female,7437214602,asha.rane158@example.in,A+,"Shop 438, Krishna Nagar, Temple Street",Temple Street,425545,Jalgaon,Maharashtra,Sonal Sharma,7007440900,2026-02-12,"BMI 24.8, overweight; weight management advised; age-related review due"
P-0159,Suresh Rane,41,male,7581160120,suresh.rane159@example.in,O+,"Flat 307, Gandhi Marg, Model Colony",Model Colony,411689,Pune,Maharashtra,Nilesh Iyer,8290488485,2026-07-07,"BMI 20.6, normal"
P-0160,Piyush Reddy,16,male,7373514809,piyush.reddy160@example.in,B+,"Flat 351, College Road, Ring Road",Ring Road,425902,Jalgaon,Maharashtra,Father Hemangi Kulkarni,8846281990,2025-06-13,"BMI 21.1, normal"
P-0161,Ranjana Shah,33,female,8974758145,ranjana.shah161@example.in,A+,"60, Sai Nagar, Officers Colony",Officers Colony,422385,Nashik,Maharashtra,Lalit Jadhav,7007936954,2024-11-25,"BMI 21.9, normal"
P-0162,Sonal Rane,27,female,8390514859,sonal.rane162@example.in,O+,"37, Ring Road, College Road",College Road,411172,Pune,Maharashtra,Kiran Rao,9598963126,2025-09-19,"BMI 27.8, obese; weight management advised"
P-0163,Yogesh Gupta,66,male,7103711310,yogesh.gupta163@example.in,B+,"Flat 271, Temple Street, Bagadganj",Bagadganj,440008,Nagpur,Maharashtra,Usha Ghosh,8075645133,2025-10-07,"BMI 27.3, obese; weight management advised; age-related review due"
P-0164,Manjula Mehta,19,female,8213055544,manjula.mehta164@example.in,AB+,"7, Temple Street, College Road",College Road,413305,Solapur,Maharashtra,Sagar Patil,8619460916,2026-07-28,"BMI 25.7, obese; weight management advised"
P-0165,Falguni Thakur,46,female,9001602929,falguni.thakur165@example.in,B+,"21, MIDC Road, Ring Road",Ring Road,400162,Mumbai,Maharashtra,Nikhil Menon,9918777612,2024-06-11,"BMI 18.5, normal"
P-0166,Nandini Gaikwad,10,female,7002542102,nandini.gaikwad166@example.in,B+,"Shop 329, Krishna Nagar, Gandhi Marg",Gandhi Marg,431721,Aurangabad,Maharashtra,Mother Manjula Mane,8772776452,2026-01-10,"BMI 19.5, normal"
P-0167,Sagar Yadav,51,male,9639461400,sagar.yadav167@example.in,B+,"Flat 113, MIDC Road, Ring Road",Ring Road,411433,Pune,Maharashtra,Aarav Singh,9338157730,2026-01-14,"BMI 23.6, overweight; weight management advised"
P-0168,Divya Salunke,92,female,7846755270,divya.salunke168@example.in,B+,"35, Main Road, Shivaji Nagar",Shivaji Nagar,444491,Amravati,Maharashtra,Nilesh Joshi,9535502272,2024-10-27,"BMI 21.9, normal; age-related review due"
P-0169,Vandana Verma,27,female,7558234316,vandana.verma169@example.in,O+,"Flat 298, Krishna Nagar, Shivaji Nagar",Shivaji Nagar,411678,Pune,Maharashtra,Bhagyashree Salunke,9679111354,2026-02-10,"BMI 17.8, underweight"
P-0170,Prashant Mane,41,male,9487699153,prashant.mane170@example.in,O+,"Flat 215, Market Yard, Main Road",Main Road,444257,Amravati,Maharashtra,Nilesh Singh,9705388412,2026-04-27,"BMI 21.1, normal"
P-0171,Rajesh Salunke,89,male,7507755855,rajesh.salunke171@example.in,B+,"43, Station Road, Nehru Nagar",Nehru Nagar,400464,Mumbai,Maharashtra,Vikram Patel,9919906630,2026-02-20,"BMI 26.0, obese; weight management advised; age-related review due"
P-0172,Siddharth Deshmukh,25,male,7498012593,siddharth.deshmukh172@example.in,A+,"Shop 483, College Road, Model Colony",Model Colony,441209,Bhandara,Maharashtra,Siddharth Thakur,9642325929,2026-07-18,"BMI 17.7, underweight"
P-0173,Neha Rane,64,female,9794715382,neha.rane173@example.in,B+,"Flat 396, Ring Road, Saoner",Saoner,441107,Saoner,Maharashtra,Piyush Reddy,8707172713,2024-02-26,"BMI 21.3, normal; age-related review due"
P-0174,Neha Yadav,57,female,8788698676,neha.yadav174@example.in,A+,"Flat 323, Station Road, Ramtek",Ramtek,441106,Ramtek,Maharashtra,Rajesh Deshmukh,8192498180,2026-05-14,"BMI 23.0, overweight; weight management advised"
P-0175,Rahul Pawar,32,male,9016718210,rahul.pawar175@example.in,A+,"Shop 277, Temple Street, Ring Road",Ring Road,411930,Pune,Maharashtra,Lalit Khan,7569445859,2026-05-01,"BMI 18.7, normal"
P-0176,Ira Waghmare,18,female,8175903874,ira.waghmare176@example.in,B+,"40, Station Road, Ganjipeth",Ganjipeth,440018,Nagpur,Maharashtra,Lalit Rane,7563486503,2024-01-04,"BMI 26.1, obese; weight management advised"
P-0177,Prachi Mane,79,female,8310129036,prachi.mane177@example.in,B+,"Flat 428, Temple Street, Sai Nagar",Sai Nagar,400348,Mumbai,Maharashtra,Hemangi Jadhav,9250598303,2025-05-08,"BMI 23.7, overweight; weight management advised; age-related review due"
P-0178,Kiran Chauhan,49,female,8368564610,kiran.chauhan178@example.in,A+,"Shop 216, Officers Colony, Manewada Road",Manewada Road,440024,Nagpur,Maharashtra,Jayesh Gupta,9540477249,2026-10-17,"BMI 29.6, obese; weight management advised"
P-0179,Vandana Nair,0,female,7806586715,vandana.nair179@example.in,A+,"38, Station Road, Sai Nagar",Sai Nagar,400535,Mumbai,Maharashtra,Guardian Rahul Khan,9311164347,2024-07-23,"BMI 13.4, underweight"
P-0180,Lalit Joshi,7,male,9161427777,lalit.joshi180@example.in,A+,"Flat 406, Model Colony, Market Yard",Market Yard,400295,Mumbai,Maharashtra,Mother Prachi Rao,8707561124,2026-08-07,"BMI 19.0, normal"
P-0181,Asha Mehta,79,female,7468051107,asha.mehta181@example.in,O+,"16, Station Road, Officers Colony",Officers Colony,413813,Solapur,Maharashtra,Naresh Joshi,8844899317,2024-01-11,"BMI 22.7, normal; age-related review due"
P-0182,Vijay Desai,58,male,9277783180,vijay.desai182@example.in,B+,"Flat 272, Model Colony, Model Colony",Model Colony,422181,Nashik,Maharashtra,Pankaj Gaikwad,7271072734,2024-08-25,"BMI 23.0, normal"
P-0183,Prachi Rao,20,female,7242862245,prachi.rao183@example.in,B+,"11, Nehru Nagar, Hingna",Hingna,441110,Hingna,Maharashtra,Kiran Yadav,8335768396,2024-05-16,"BMI 18.3, underweight"
P-0184,Umesh Kulkarni,20,male,9411537998,umesh.kulkarni184@example.in,A+,"Flat 492, Main Road, Station Road",Station Road,422596,Nashik,Maharashtra,Ola Bhagat,9121184292,2024-09-19,"BMI 27.3, obese; weight management advised"
P-0185,Sonal Deshmukh,20,female,8501313019,sonal.deshmukh185@example.in,AB+,"56, Market Yard, Parvati Nagar",Parvati Nagar,440027,Nagpur,Maharashtra,Shreya Desai,7594024898,2026-07-07,"BMI 24.2, overweight; weight management advised"
P-0186,Lata Deshmukh,19,female,7020255713,lata.deshmukh186@example.in,O+,"Flat 340, Gandhi Marg, Khamla",Khamla,440025,Nagpur,Maharashtra,Meera Jadhav,8824944896,2026-06-25,"BMI 18.5, normal"
P-0187,Jatin Khan,44,male,8304826663,jatin.khan187@example.in,O-,"Shop 249, Model Colony, Saoner",Saoner,441107,Saoner,Maharashtra,Alok Rao,9511021215,2026-05-20,"BMI 31.7, obese; weight management advised"
P-0188,Swati Deshmukh,14,female,7884562553,swati.deshmukh188@example.in,AB+,"Flat 182, Nehru Nagar, Officers Colony",Officers Colony,416121,Kolhapur,Maharashtra,Guardian Ritu Patil,7015687431,2025-04-09,"BMI 29.7, obese; weight management advised"
P-0189,Ira Khan,30,female,8376765074,ira.khan189@example.in,AB+,"2, Gandhi Marg, Model Colony",Model Colony,444112,Amravati,Maharashtra,Jatin Verma,9253523606,2026-04-15,"BMI 22.4, normal"
P-0190,Nikhil Gaikwad,13,male,7375077327,nikhil.gaikwad190@example.in,O+,"Flat 403, Temple Street, Ring Road",Ring Road,425951,Jalgaon,Maharashtra,Father Bhavana Waghmare,7671120981,2025-10-26,"BMI 24.3, overweight; weight management advised"
P-0191,Umesh Gupta,8,male,9146621817,umesh.gupta191@example.in,A+,"Shop 385, College Road, Saoner",Saoner,441107,Saoner,Maharashtra,Father Ranjana Pawar,7526417309,2025-11-16,"BMI 21.0, normal"
P-0192,Meera Pawar,46,female,9875378949,meera.pawar192@example.in,O+,"Shop 206, Gandhi Marg, Civil Lines",Civil Lines,442517,Chandrapur,Maharashtra,Harsh Nair,8280228690,2026-03-27,"BMI 19.6, normal"
P-0193,Prashant Waghmare,14,male,8451677265,prashant.waghmare193@example.in,B+,"Flat 365, College Road, Ganjipeth",Ganjipeth,440018,Nagpur,Maharashtra,Guardian Mukesh Mehta,7433556327,2026-04-14,"BMI 18.9, normal"
P-0194,Alok Deshmukh,6,male,7483336877,alok.deshmukh194@example.in,O+,"32, Market Yard, Shivaji Nagar",Shivaji Nagar,413639,Solapur,Maharashtra,Father Rohan Joshi,8455634165,2025-07-16,"BMI 20.9, normal"
P-0195,Deepa Kamble,7,female,8298924499,deepa.kamble195@example.in,B+,"Shop 351, MIDC Road, MIDC Area",MIDC Area,440016,Nagpur,Maharashtra,Guardian Bhavana Deshmukh,8337856820,2025-03-04,"BMI 20.7, normal"
P-0196,Vijay Mehta,51,male,9611120683,vijay.mehta196@example.in,B+,"Shop 347, Temple Street, College Road",College Road,400356,Mumbai,Maharashtra,Kiran Yadav,8745591841,2024-01-01,"BMI 27.4, obese; weight management advised"
P-0197,Gayatri Joshi,20,female,8765081387,gayatri.joshi197@example.in,O+,"Shop 165, Gandhi Marg, Market Yard",Market Yard,413248,Solapur,Maharashtra,Kunal Rane,8650968233,2024-04-07,"BMI 26.8, obese; weight management advised"
P-0198,Chitra Waghmare,25,female,7153199961,chitra.waghmare198@example.in,B+,"Flat 420, Station Road, Sai Nagar",Sai Nagar,431074,Aurangabad,Maharashtra,Kiran Jadhav,8606201184,2024-11-16,"BMI 26.9, obese; weight management advised"
P-0199,Chitra Patel,38,female,9179308178,chitra.patel199@example.in,AB+,"29, Krishna Nagar, Laxmi Nagar",Laxmi Nagar,440022,Nagpur,Maharashtra,Prachi Patil,7759281274,2026-10-20,"BMI 20.6, normal"
P-0200,Rakesh Ghosh,22,male,7535256459,rakesh.ghosh200@example.in,B+,"53, Model Colony, Civil Lines",Civil Lines,425013,Jalgaon,Maharashtra,Satish Pawar,9088263541,2026-05-10,"BMI 27.3, obese; weight management advised"
P-0201,Nitin Verma,58,male,9465001471,nitin.verma201@example.in,O+,"3, Civil Lines, Gandhi Marg",Gandhi Marg,431575,Aurangabad,Maharashtra,Priya Deshmukh,9558709173,2024-05-14,"BMI 23.9, overweight; weight management advised"
P-0202,Kavita Gaikwad,30,female,7627958811,kavita.gaikwad202@example.in,A+,"Shop 186, Civil Lines, Civil Lines",Civil Lines,411528,Pune,Maharashtra,Vikram Mane,8938008286,2024-12-16,"BMI 21.6, normal"
P-0203,Vandana Shah,55,female,7445097901,vandana.shah203@example.in,A+,"Shop 203, Shivaji Nagar, Sai Nagar",Sai Nagar,422288,Nashik,Maharashtra,Lata Shah,8545263688,2026-11-11,"BMI 24.8, overweight; weight management advised"
P-0204,Sumit Menon,17,male,7053306212,sumit.menon204@example.in,O+,"38, Model Colony, Parvati Nagar",Parvati Nagar,440027,Nagpur,Maharashtra,Mother Divya Pawar,7197285502,2026-05-23,"BMI 25.4, obese; weight management advised"
P-0205,Ranjana Patil,27,female,9172656966,ranjana.patil205@example.in,O+,"Flat 388, Temple Street, Shivaji Nagar",Shivaji Nagar,444328,Amravati,Maharashtra,Ranjana Chavan,7738120229,2024-05-02,"BMI 23.2, overweight; weight management advised"
P-0206,Dinesh Joshi,21,male,7614553862,dinesh.joshi206@example.in,AB+,"Shop 266, Market Yard, Ring Road",Ring Road,413674,Solapur,Maharashtra,Chitra Deshmukh,9364584130,2025-02-05,"BMI 23.2, overweight; weight management advised"
P-0207,Manoj Dixit,72,male,7578830791,manoj.dixit207@example.in,O+,"Flat 298, Temple Street, Khamla",Khamla,440025,Nagpur,Maharashtra,Pankaj Bhagat,9748819659,2025-05-24,"BMI 24.6, overweight; weight management advised; age-related review due"
P-0208,Deepa Rane,11,female,7814623043,deepa.rane208@example.in,O-,"Shop 475, Station Road, Model Colony",Model Colony,400405,Mumbai,Maharashtra,Father Trupti Joshi,8665654946,2025-05-15,"BMI 19.2, normal"
P-0209,Divya Shah,47,female,8161682351,divya.shah209@example.in,B+,"Shop 270, MIDC Road, Kamthi",Kamthi,441001,Kamthi,Maharashtra,Pooja Waghmare,7585874057,2025-05-28,"BMI 26.7, obese; weight management advised"
P-0210,Vivek Kulkarni,55,male,8360151486,vivek.kulkarni210@example.in,B+,"Shop 445, Station Road, Gandhi Marg",Gandhi Marg,411678,Pune,Maharashtra,Tejaswini Sharma,8523075535,2026-01-01,"BMI 20.3, normal"
P-0211,Manoj Patel,70,male,7573336515,manoj.patel211@example.in,O+,"13, Officers Colony, Sai Nagar",Sai Nagar,411135,Pune,Maharashtra,Ritu Mane,7316360985,2026-11-19,"BMI 26.9, obese; weight management advised; age-related review due"
P-0212,Chitra Reddy,8,female,7787136658,chitra.reddy212@example.in,B+,"31, MIDC Road, College Road",College Road,411178,Pune,Maharashtra,Mother Hemangi Kamble,7023619388,2026-05-20,"BMI 17.8, underweight"
P-0213,Sameer Gaikwad,26,male,7925280277,sameer.gaikwad213@example.in,B+,"37, Sai Nagar, Sitabuldi",Sitabuldi,440012,Nagpur,Maharashtra,Santosh Chauhan,8555225174,2024-05-02,"BMI 24.4, overweight; weight management advised"
P-0214,Suresh Salunke,18,male,8694634273,suresh.salunke214@example.in,O+,"40, MIDC Road, Civil Lines",Civil Lines,444782,Amravati,Maharashtra,Nikhil Chauhan,9042634525,2026-06-05,"BMI 23.6, overweight; weight management advised"
P-0215,Pankaj Rane,53,male,9385845986,pankaj.rane215@example.in,O+,"Flat 283, Shivaji Nagar, Jaitala",Jaitala,440036,Nagpur,Maharashtra,Sumit Bhosale,8340987195,2024-11-10,"BMI 21.1, normal"
P-0216,Prakash Salunke,26,male,9492808834,prakash.salunke216@example.in,AB+,"Flat 450, Model Colony, Model Colony",Model Colony,444229,Amravati,Maharashtra,Priya Chavan,7772638553,2024-05-17,"BMI 24.5, overweight; weight management advised"
P-0217,Meera Patel,2,female,7249277437,meera.patel217@example.in,B+,"Shop 419, Officers Colony, Jaitala",Jaitala,440036,Nagpur,Maharashtra,Father Priya Pawar,9556799613,2026-09-26,"BMI 16.6, underweight"
P-0218,Sameer Patel,46,male,7104120239,sameer.patel218@example.in,AB+,"Shop 118, Sai Nagar, MIDC Area",MIDC Area,440016,Nagpur,Maharashtra,Neha Desai,9860783305,2026-08-01,"BMI 24.7, overweight; weight management advised"
P-0219,Lata Singh,39,female,7146850408,lata.singh219@example.in,B+,"Flat 156, Main Road, Bagadganj",Bagadganj,440008,Nagpur,Maharashtra,Mahesh Joshi,8672049564,2024-03-24,"BMI 21.5, normal"
P-0220,Vikram Shah,4,male,9420116629,vikram.shah220@example.in,B+,"Flat 439, Gandhi Marg, Umred",Umred,441203,Umred,Maharashtra,Guardian Neha Chavan,7577268553,2026-12-08,"BMI 16.5, underweight"
P-0221,Nandini Mane,9,female,7089947046,nandini.mane221@example.in,O+,"Flat 270, Sai Nagar, Bagadganj",Bagadganj,440008,Nagpur,Maharashtra,Guardian Trupti Verma,8928443942,2026-10-27,"BMI 20.2, normal"
P-0222,Santosh Shah,45,male,9431395673,santosh.shah222@example.in,A+,"Flat 326, Model Colony, Main Road",Main Road,442834,Chandrapur,Maharashtra,Vandana Singh,7071793522,2024-05-03,"BMI 20.5, normal"
P-0223,Sachin Yadav,43,male,7840535106,sachin.yadav223@example.in,B+,"Flat 472, MIDC Road, Market Yard",Market Yard,444733,Amravati,Maharashtra,Mukesh Mehta,8270247523,2026-01-11,"BMI 21.4, normal"
P-0224,Amit Rao,14,male,7363045821,amit.rao224@example.in,O+,"8, Officers Colony, Ramtek",Ramtek,441106,Ramtek,Maharashtra,Guardian Rajesh Patel,7885927008,2025-08-23,"BMI 25.6, obese; weight management advised"
P-0225,Vikram Ghosh,16,male,7082685083,vikram.ghosh225@example.in,AB+,"58, College Road, MIDC Area",MIDC Area,440016,Nagpur,Maharashtra,Mother Harsh Rao,8116205597,2024-11-12,"BMI 25.8, obese; weight management advised"
P-0226,Ranjana Menon,41,female,7484553066,ranjana.menon226@example.in,O+,"32, Market Yard, Sai Nagar",Sai Nagar,411785,Pune,Maharashtra,Santosh Kulkarni,8638457725,2025-09-26,"BMI 26.3, obese; weight management advised"
P-0227,Neha Khan,47,female,9385047480,neha.khan227@example.in,O+,"Shop 176, MIDC Road, Main Road",Main Road,444626,Amravati,Maharashtra,Nandini Iyer,7446564232,2026-03-14,"BMI 26.1, obese; weight management advised"
P-0228,Umesh Bhagat,3,male,9266528210,umesh.bhagat228@example.in,A+,"Shop 250, College Road, Sitabuldi",Sitabuldi,440012,Nagpur,Maharashtra,Father Vaishali Verma,7502893938,2024-06-13,"BMI 17.1, underweight"
P-0229,Siddharth Verma,89,male,9667522954,siddharth.verma229@example.in,O+,"Shop 154, Sai Nagar, Pipla",Pipla,440034,Nagpur,Maharashtra,Mukesh Dixit,9066397298,2025-03-04,"BMI 25.2, obese; weight management advised; age-related review due"
P-0230,Satish Menon,28,male,7319246244,satish.menon230@example.in,A+,"Flat 385, Sai Nagar, MIDC Road",MIDC Road,422880,Nashik,Maharashtra,Ola Bhosale,7290966968,2024-02-10,"BMI 24.6, overweight; weight management advised"
P-0231,Piyush Rao,88,male,9030028155,piyush.rao231@example.in,O+,"59, Nehru Nagar, Airport Road",Airport Road,440005,Nagpur,Maharashtra,Nandini Mehta,8558257598,2024-09-13,"BMI 25.4, obese; weight management advised; age-related review due"
P-0232,Piyush Kulkarni,79,male,7998303928,piyush.kulkarni232@example.in,O+,"37, Temple Street, Imamwada",Imamwada,440003,Nagpur,Maharashtra,Tejaswini Khan,9477484932,2026-10-24,"BMI 22.5, normal; age-related review due"
P-0233,Umesh Rane,61,male,8422933894,umesh.rane233@example.in,O+,"37, Main Road, Kamthi",Kamthi,441001,Kamthi,Maharashtra,Aditya Patil,8510225730,2024-03-06,"BMI 19.1, normal; age-related review due"
P-0234,Kiran Nair,40,male,8989093049,kiran.nair234@example.in,O+,"Shop 370, MIDC Road, Shankar Nagar",Shankar Nagar,440010,Nagpur,Maharashtra,Vikram Patel,8067696851,2026-09-07,"BMI 26.1, obese; weight management advised"
P-0235,Nikita Khan,26,female,9756448928,nikita.khan235@example.in,O+,"Shop 181, Nehru Nagar, Ramtek",Ramtek,441106,Ramtek,Maharashtra,Harsh Reddy,7546263266,2024-03-23,"BMI 17.0, underweight"
P-0236,Manjula Shah,8,female,9744039537,manjula.shah236@example.in,A+,"Shop 413, Gandhi Marg, Main Road",Main Road,444376,Amravati,Maharashtra,Guardian Nandini Ghosh,7189657674,2024-04-01,"BMI 18.5, underweight"
P-0237,Lata Thakur,45,female,8168116752,lata.thakur237@example.in,A+,"Shop 499, Ring Road, Temple Street",Temple Street,422939,Nashik,Maharashtra,Rajesh Mehta,9892683417,2026-11-02,"BMI 30.5, obese; weight management advised"
P-0238,Naresh Sharma,33,male,8652379906,naresh.sharma238@example.in,B+,"Shop 205, Market Yard, Main Road",Main Road,442024,Chandrapur,Maharashtra,Manoj Gaikwad,9131915110,2026-06-10,"BMI 27.4, obese; weight management advised"
P-0239,Divya Mehta,56,female,9911558167,divya.mehta239@example.in,O+,"Shop 362, Station Road, Airport Road",Airport Road,440005,Nagpur,Maharashtra,Ritu Rao,7767253358,2025-04-18,"BMI 19.3, normal"
P-0240,Manjula Kamble,36,female,8470443459,manjula.kamble240@example.in,A+,"Flat 242, Ring Road, Ring Road",Ring Road,413666,Solapur,Maharashtra,Ritu Desai,8778690223,2025-01-16,"BMI 25.0, obese; weight management advised"
P-0241,Tejaswini Waghmare,10,female,7451103875,tejaswini.waghmare241@example.in,A+,"25, Shivaji Nagar, Ring Road",Ring Road,431438,Aurangabad,Maharashtra,Father Gaurav Khan,9021373108,2025-01-12,"BMI 20.9, normal"
P-0242,Pankaj Gaikwad,13,male,9215208375,pankaj.gaikwad242@example.in,B+,"Shop 105, College Road, Shivaji Nagar",Shivaji Nagar,422327,Nashik,Maharashtra,Mother Prakash Patil,9461810895,2025-01-11,"BMI 24.7, overweight; weight management advised"
P-0243,Sonal Thakur,55,female,8598887091,sonal.thakur243@example.in,A+,"Flat 432, Main Road, Nehru Nagar",Nehru Nagar,411878,Pune,Maharashtra,Rohan Jadhav,9952045815,2026-06-13,"BMI 21.1, normal"
P-0244,Sonal Bhagat,5,female,7120778358,sonal.bhagat244@example.in,B+,"57, College Road, CRPF Nagar",CRPF Nagar,440019,Nagpur,Maharashtra,Guardian Vaishali Kamble,8874732207,2025-02-10,"BMI 20.1, normal"
P-0245,Deepa Patel,46,female,8375066368,deepa.patel245@example.in,B+,"Shop 463, Market Yard, Sai Nagar",Sai Nagar,411272,Pune,Maharashtra,Neha Pawar,8701434220,2025-10-10,"BMI 25.5, obese; weight management advised"
P-0246,Usha Chavan,1,female,7031212794,usha.chavan246@example.in,A+,"24, Officers Colony, Shivaji Nagar",Shivaji Nagar,411939,Pune,Maharashtra,Guardian Ranjana Deshmukh,7263584885,2025-05-10,"BMI 17.1, underweight"
P-0247,Zoya Verma,0,female,9425490623,zoya.verma247@example.in,B+,"Shop 310, Ring Road, Station Road",Station Road,444803,Amravati,Maharashtra,Mother Swati Patil,8352486055,2024-06-13,"BMI 14.4, underweight"
P-0248,Aarav Dixit,21,male,9414713071,aarav.dixit248@example.in,AB+,"28, Temple Street, Kuhi",Kuhi,441202,Kuhi,Maharashtra,Aditi Gupta,9339449190,2024-04-08,"BMI 25.5, obese; weight management advised"
P-0249,Pooja Ghosh,28,female,7733514532,pooja.ghosh249@example.in,B+,"Shop 322, Civil Lines, Sai Nagar",Sai Nagar,411822,Pune,Maharashtra,Ankita Kamble,7091902444,2024-08-20,"BMI 20.8, normal"
P-0250,Gaurav Kamble,18,male,7719490882,gaurav.kamble250@example.in,B+,"Shop 145, Station Road, Main Road",Main Road,444041,Amravati,Maharashtra,Zoya Khan,7460245587,2024-10-23,"BMI 28.5, obese; weight management advised"
P-0251,Sumit Rao,8,male,8392919903,sumit.rao251@example.in,B+,"Flat 405, Gandhi Marg, Gandhi Marg",Gandhi Marg,400129,Mumbai,Maharashtra,Mother Siddharth Kamble,8385006558,2026-02-06,"BMI 20.1, normal"
P-0252,Siddharth Singh,6,male,9956013734,siddharth.singh252@example.in,B+,"7, Shivaji Nagar, Gandhi Marg",Gandhi Marg,411421,Pune,Maharashtra,Guardian Bhagyashree Dixit,7585418744,2026-03-09,"BMI 18.7, normal"
P-0253,Dinesh Mehta,76,male,8334940094,dinesh.mehta253@example.in,A+,"Shop 281, MIDC Road, Market Yard",Market Yard,444622,Amravati,Maharashtra,Anil Singh,8542416252,2026-07-27,"BMI 27.7, obese; weight management advised; age-related review due"
P-0254,Nikita Sharma,51,female,8059155751,nikita.sharma254@example.in,AB+,"21, Civil Lines, Ring Road",Ring Road,444768,Amravati,Maharashtra,Nandini Khan,9523511855,2026-09-05,"BMI 22.2, normal"
P-0255,Aditya Khan,63,male,9463498531,aditya.khan255@example.in,O+,"18, Market Yard, College Road",College Road,411788,Pune,Maharashtra,Ira Bhagat,7034366918,2024-08-25,"BMI 22.0, normal; age-related review due"
P-0256,Sneha Patil,0,female,7550713542,sneha.patil256@example.in,B+,"57, Market Yard, Narendra Nagar",Narendra Nagar,440015,Nagpur,Maharashtra,Guardian Usha Thakur,9364728775,2026-01-26,"BMI 15.8, underweight"
P-0257,Jayesh Khan,31,male,9289217219,jayesh.khan257@example.in,O+,"Flat 408, Gandhi Marg, Ring Road",Ring Road,442010,Chandrapur,Maharashtra,Jaya Ghosh,9411501216,2026-06-15,"BMI 26.9, obese; weight management advised"
P-0258,Suresh Bhosale,31,male,8440060583,suresh.bhosale258@example.in,A+,"10, Civil Lines, Nehru Nagar",Nehru Nagar,413534,Solapur,Maharashtra,Prachi Pawar,7550765910,2025-03-02,"BMI 25.4, obese; weight management advised"
P-0259,Kiran Nair,83,female,9219238566,kiran.nair259@example.in,AB+,"Shop 137, Nehru Nagar, College Road",College Road,400857,Mumbai,Maharashtra,Prakash Dixit,7469369925,2025-04-10,"BMI 20.4, normal; age-related review due"
P-0260,Abhishek Dixit,39,male,9590516255,abhishek.dixit260@example.in,A+,"Flat 221, Officers Colony, Shivaji Nagar",Shivaji Nagar,400813,Mumbai,Maharashtra,Ankita Khan,9425760737,2025-01-12,"BMI 25.6, obese; weight management advised"
P-0261,Gaurav Yadav,44,male,8069714189,gaurav.yadav261@example.in,A+,"49, College Road, MIDC Road",MIDC Road,441777,Bhandara,Maharashtra,Naresh Dixit,8034219296,2025-12-05,"BMI 27.1, obese; weight management advised"
P-0262,Vaishali Pawar,55,female,7792271177,vaishali.pawar262@example.in,A+,"57, Officers Colony, Mankapur",Mankapur,440030,Nagpur,Maharashtra,Gayatri Rane,9633564606,2026-11-02,"BMI 16.5, underweight"
P-0263,Mahesh Waghmare,1,male,9509262007,mahesh.waghmare263@example.in,B+,"53, Sai Nagar, MIDC Road",MIDC Road,411811,Pune,Maharashtra,Father Naresh Joshi,7641507581,2025-02-08,"BMI 16.8, underweight"
P-0264,Rajesh Gupta,45,male,7644090107,rajesh.gupta264@example.in,B+,"5, Gandhi Marg, MIDC Road",MIDC Road,400143,Mumbai,Maharashtra,Nitin Reddy,8672013946,2024-02-12,"BMI 26.8, obese; weight management advised"
P-0265,Shreya Pawar,4,female,7200667158,shreya.pawar265@example.in,B+,"28, Temple Street, Ring Road",Ring Road,444829,Amravati,Maharashtra,Mother Mukesh Bhosale,8877297799,2024-05-11,"BMI 17.6, underweight"
P-0266,Anjali Mehta,50,female,9025748860,anjali.mehta266@example.in,O+,"Shop 443, Civil Lines, Ring Road",Ring Road,416986,Kolhapur,Maharashtra,Abhishek Pawar,9733236181,2024-11-19,"BMI 29.1, obese; weight management advised"
P-0267,Deepa Singh,24,female,7218320065,deepa.singh267@example.in,O+,"Flat 372, Shivaji Nagar, Temple Street",Temple Street,422564,Nashik,Maharashtra,Aditya Kulkarni,9849018650,2024-05-12,"BMI 25.7, obese; weight management advised"
P-0268,Kavita Nair,0,female,8671942015,kavita.nair268@example.in,O+,"31, Civil Lines, Ring Road",Ring Road,400449,Mumbai,Maharashtra,Mother Sonal Rao,9749045617,2024-07-24,"BMI 14.9, underweight"
P-0269,Anil Mehta,71,male,7591387522,anil.mehta269@example.in,B+,"Shop 280, Officers Colony, Nehru Nagar",Nehru Nagar,416768,Kolhapur,Maharashtra,Asha Gupta,9523744086,2026-07-24,"BMI 26.6, obese; weight management advised; age-related review due"
P-0270,Zoya Deshmukh,92,female,9323645976,zoya.deshmukh270@example.in,AB+,"Shop 495, Model Colony, Temple Street",Temple Street,411979,Pune,Maharashtra,Yogita Shah,9774217682,2024-04-06,"BMI 20.4, normal; age-related review due"
P-0271,Sonal Yadav,17,female,7191193625,sonal.yadav271@example.in,B+,"Flat 257, Station Road, Station Road",Station Road,422011,Nashik,Maharashtra,Mother Meera Iyer,8995667535,2024-01-07,"BMI 23.6, overweight; weight management advised"
P-0272,Lata Jadhav,88,female,7740515320,lata.jadhav272@example.in,O+,"32, Model Colony, Krishna Nagar",Krishna Nagar,411262,Pune,Maharashtra,Manjula Rane,7660479757,2024-06-20,"BMI 22.9, normal; age-related review due"
P-0273,Prashant Thakur,34,male,7463027694,prashant.thakur273@example.in,O+,"58, Nehru Nagar, Market Yard",Market Yard,422142,Nashik,Maharashtra,Rahul Rane,8075950635,2025-09-23,"BMI 18.9, normal"
P-0274,Deepak Desai,46,male,8752556048,deepak.desai274@example.in,AB+,"Flat 339, MIDC Road, Dattawadi",Dattawadi,440023,Nagpur,Maharashtra,Abhishek Nair,9363491905,2024-03-24,"BMI 27.6, obese; weight management advised"
P-0275,Divya Joshi,64,female,8106493139,divya.joshi275@example.in,A+,"Flat 419, Gandhi Marg, Kamthi",Kamthi,441001,Kamthi,Maharashtra,Naresh Joshi,7275278961,2025-05-04,"BMI 23.0, overweight; weight management advised; age-related review due"
P-0276,Lalit Bhosale,44,male,9147437431,lalit.bhosale276@example.in,A+,"41, Model Colony, Krishna Nagar",Krishna Nagar,442390,Chandrapur,Maharashtra,Dinesh Gaikwad,7029878677,2024-12-22,"BMI 21.4, normal"
P-0277,Anjali Joshi,53,female,7749889205,anjali.joshi277@example.in,B+,"Shop 369, Officers Colony, Main Road",Main Road,400992,Mumbai,Maharashtra,Ranjana Mehta,8123293561,2025-02-05,"BMI 24.2, overweight; weight management advised"
P-0278,Vijay Bhagat,30,male,8871467399,vijay.bhagat278@example.in,B+,"Flat 466, Officers Colony, Gandhi Marg",Gandhi Marg,444794,Amravati,Maharashtra,Sumit Chavan,9810354047,2025-05-12,"BMI 25.3, obese; weight management advised"
P-0279,Kiran Kamble,11,male,9330198187,kiran.kamble279@example.in,B+,"36, Shivaji Nagar, Saoner",Saoner,441107,Saoner,Maharashtra,Mother Sachin Patel,9031460421,2026-03-04,"BMI 18.9, normal"
P-0280,Falguni Gupta,56,female,7260145495,falguni.gupta280@example.in,B+,"Shop 405, Nehru Nagar, Uppalwadi",Uppalwadi,440026,Nagpur,Maharashtra,Aditya Joshi,7490410775,2026-11-05,"BMI 25.9, obese; weight management advised"
P-0281,Neha Bhagat,19,female,8822484157,neha.bhagat281@example.in,AB+,"12, Market Yard, College Road",College Road,416606,Kolhapur,Maharashtra,Asha Khan,7582548125,2025-04-21,"BMI 21.3, normal"
P-0282,Ranjana Jadhav,52,female,8043459902,ranjana.jadhav282@example.in,B+,"31, Ring Road, BESA Road",BESA Road,440037,Nagpur,Maharashtra,Nikhil Bhagat,8389644721,2025-05-02,"BMI 24.9, overweight; weight management advised"
P-0283,Priya Joshi,4,female,8733679062,priya.joshi283@example.in,A+,"Flat 117, Main Road, MIDC Road",MIDC Road,425416,Jalgaon,Maharashtra,Mother Satish Dixit,8019694769,2026-12-08,"BMI 15.9, underweight"
P-0284,Kiran Chavan,48,male,7223807477,kiran.chavan284@example.in,AB+,"Flat 320, Shivaji Nagar, Mankapur",Mankapur,440030,Nagpur,Maharashtra,Alok Kamble,7815882174,2026-08-21,"BMI 24.3, overweight; weight management advised"
P-0285,Kunal Shah,21,male,8686977044,kunal.shah285@example.in,B+,"36, Market Yard, Gandhi Marg",Gandhi Marg,431658,Aurangabad,Maharashtra,Ola Dixit,9624459085,2025-09-17,"BMI 16.5, underweight"
P-0286,Trupti Shah,59,female,8597183262,trupti.shah286@example.in,B+,"24, Temple Street, Civil Lines",Civil Lines,444311,Amravati,Maharashtra,Deepak Kamble,9545225718,2024-02-24,"BMI 23.6, overweight; weight management advised"
P-0287,Mukesh Dixit,90,male,7550369722,mukesh.dixit287@example.in,A+,"19, Main Road, Mankapur",Mankapur,440030,Nagpur,Maharashtra,Alok Menon,7849665269,2024-09-08,"BMI 22.7, normal; age-related review due"
P-0288,Usha Reddy,7,female,9644421342,usha.reddy288@example.in,A+,"44, Market Yard, Shivaji Nagar",Shivaji Nagar,444539,Amravati,Maharashtra,Mother Dinesh Gaikwad,8193450577,2026-02-21,"BMI 19.3, normal"
P-0289,Meera Menon,39,female,7593707130,meera.menon289@example.in,O+,"Shop 361, Temple Street, Airport Road",Airport Road,440005,Nagpur,Maharashtra,Vijay Kulkarni,9777132842,2024-02-20,"BMI 19.9, normal"
P-0290,Umesh Menon,6,male,9679406726,umesh.menon290@example.in,A+,"Flat 287, Model Colony, Model Colony",Model Colony,411493,Pune,Maharashtra,Guardian Prashant Menon,9193257154,2024-07-07,"BMI 18.3, underweight"
P-0291,Santosh Mane,15,male,7064952602,santosh.mane291@example.in,AB+,"Flat 360, College Road, Shankar Nagar",Shankar Nagar,440010,Nagpur,Maharashtra,Father Hemangi Jadhav,7207062941,2025-06-23,"BMI 26.2, obese; weight management advised"
P-0292,Kiran Mane,65,female,8236510905,kiran.mane292@example.in,O+,"Shop 250, Ring Road, MIDC Area",MIDC Area,440016,Nagpur,Maharashtra,Sonal Patil,7291429626,2024-03-05,"BMI 23.0, overweight; weight management advised; age-related review due"
P-0293,Kiran Kamble,43,female,8921826547,kiran.kamble293@example.in,O+,"Shop 204, Main Road, Sitabuldi",Sitabuldi,440012,Nagpur,Maharashtra,Sonal Chavan,7765150036,2026-07-06,"BMI 16.6, underweight"
P-0294,Deepak Patel,21,male,9956631262,deepak.patel294@example.in,A+,"38, Temple Street, Main Road",Main Road,411868,Pune,Maharashtra,Manoj Desai,7161812618,2026-03-11,"BMI 17.3, underweight"
P-0295,Ashish Kamble,47,male,7637385001,ashish.kamble295@example.in,O+,"11, Nehru Nagar, Nehru Nagar",Nehru Nagar,400265,Mumbai,Maharashtra,Swati Kamble,7516293373,2025-05-15,"BMI 19.0, normal"
P-0296,Swati Patel,70,female,9760304562,swati.patel296@example.in,B+,"Shop 348, Krishna Nagar, CRPF Nagar",CRPF Nagar,440019,Nagpur,Maharashtra,Jaya Jadhav,7491741460,2026-11-14,"BMI 26.0, obese; weight management advised; age-related review due"
P-0297,Vikram Sharma,21,male,9651448415,vikram.sharma297@example.in,O+,"Shop 434, Market Yard, Krishna Nagar",Krishna Nagar,422242,Nashik,Maharashtra,Ankita Patil,8975105599,2024-07-01,"BMI 23.5, overweight; weight management advised"
P-0298,Neha Gaikwad,8,female,9770736680,neha.gaikwad298@example.in,A+,"Flat 209, Gandhi Marg, Nehru Nagar",Nehru Nagar,416185,Kolhapur,Maharashtra,Father Deepa Patil,8618763766,2024-03-02,"BMI 19.6, normal"
P-0299,Swati Rane,55,female,9061296259,swati.rane299@example.in,B+,"Flat 437, Civil Lines, Sai Nagar",Sai Nagar,400381,Mumbai,Maharashtra,Trupti Menon,9089020772,2024-03-11,"BMI 25.8, obese; weight management advised"
P-0300,Shreya Reddy,86,female,9512168494,shreya.reddy300@example.in,B+,"13, Main Road, Bagadganj",Bagadganj,440008,Nagpur,Maharashtra,Dinesh Mehta,7194561019,2026-04-04,"BMI 19.3, normal; age-related review due"
P-0301,Sonal Sharma,22,female,8938904648,sonal.sharma301@example.in,B+,"Shop 178, Nehru Nagar, Station Road",Station Road,442811,Chandrapur,Maharashtra,Swati Bhosale,8618137554,2024-07-10,"BMI 17.2, underweight"
P-0302,Jayesh Bhosale,47,male,8293044674,jayesh.bhosale302@example.in,B+,"8, Temple Street, Khamla",Khamla,440025,Nagpur,Maharashtra,Nikhil Sharma,9478482861,2024-02-19,"BMI 23.5, overweight; weight management advised"
P-0303,Abhishek Sharma,42,male,9760981305,abhishek.sharma303@example.in,B+,"Flat 227, Shivaji Nagar, Krishna Nagar",Krishna Nagar,422150,Nashik,Maharashtra,Ritu Bhosale,7869598676,2026-01-18,"BMI 21.0, normal"
P-0304,Nitin Kulkarni,38,male,7224889079,nitin.kulkarni304@example.in,AB+,"Flat 240, Sai Nagar, Sadar Bazar",Sadar Bazar,440001,Nagpur,Maharashtra,Prashant Chavan,9858452312,2025-01-12,"BMI 16.5, underweight"
P-0305,Gayatri Sharma,82,female,7862471463,gayatri.sharma305@example.in,B+,"Flat 379, Station Road, College Road",College Road,442177,Chandrapur,Maharashtra,Vaishali Thakur,7607382584,2026-08-19,"BMI 22.7, normal; age-related review due"
P-0306,Asha Reddy,79,female,8165961044,asha.reddy306@example.in,AB+,"49, Sai Nagar, Station Road",Station Road,441884,Bhandara,Maharashtra,Ira Rao,8391700438,2025-05-11,"BMI 29.7, obese; weight management advised; age-related review due"
P-0307,Aditi Jadhav,44,female,7353241035,aditi.jadhav307@example.in,B+,"Shop 304, Temple Street, Gandhi Marg",Gandhi Marg,411120,Pune,Maharashtra,Neha Patel,7880531916,2024-07-21,"BMI 27.1, obese; weight management advised"
P-0308,Anjali Bhagat,59,female,7019912928,anjali.bhagat308@example.in,O+,"52, Gandhi Marg, Krishna Nagar",Krishna Nagar,411175,Pune,Maharashtra,Asha Salunke,9205632834,2024-02-27,"BMI 21.9, normal"
P-0309,Swati Ghosh,59,female,7247948306,swati.ghosh309@example.in,AB+,"59, Temple Street, Sai Nagar",Sai Nagar,425678,Jalgaon,Maharashtra,Suresh Mane,8142962943,2024-12-27,"BMI 23.1, overweight; weight management advised"
P-0310,Ritu Chauhan,49,female,8785677304,ritu.chauhan310@example.in,O+,"2, MIDC Road, Panchsheel Nagar",Panchsheel Nagar,440017,Nagpur,Maharashtra,Kiran Jadhav,7478287340,2026-12-26,"BMI 20.5, normal"
P-0311,Amol Verma,52,male,8473420981,amol.verma311@example.in,B+,"Flat 120, College Road, Krishna Nagar",Krishna Nagar,431155,Aurangabad,Maharashtra,Jatin Iyer,9841050804,2025-01-24,"BMI 25.5, obese; weight management advised"
P-0312,Anil Mane,18,male,9749207198,anil.mane312@example.in,B+,"Shop 324, Nehru Nagar, Nehru Nagar",Nehru Nagar,422110,Nashik,Maharashtra,Nikhil Waghmare,8382602812,2026-07-14,"BMI 26.7, obese; weight management advised"
P-0313,Priya Shah,39,female,8723696095,priya.shah313@example.in,AB+,"Flat 368, Temple Street, Shankar Nagar",Shankar Nagar,440010,Nagpur,Maharashtra,Pankaj Patil,9544014161,2025-07-28,"BMI 22.5, normal"
P-0314,Pooja Waghmare,29,female,9686267955,pooja.waghmare314@example.in,O+,"Flat 249, Nehru Nagar, Nehru Nagar",Nehru Nagar,411730,Pune,Maharashtra,Siddharth Waghmare,7379054918,2026-03-18,"BMI 23.8, overweight; weight management advised"
P-0315,Priya Kamble,10,female,8298768718,priya.kamble315@example.in,B+,"Flat 187, Officers Colony, Temple Street",Temple Street,411513,Pune,Maharashtra,Father Vijay Jadhav,9176992805,2026-03-16,"BMI 20.1, normal"
P-0316,Gaurav Patel,18,male,9121235541,gaurav.patel316@example.in,A+,"Flat 181, Gandhi Marg, MIDC Road",MIDC Road,400969,Mumbai,Maharashtra,Aditya Iyer,8429954548,2024-01-14,"BMI 26.4, obese; weight management advised"
P-0317,Vijay Ghosh,28,male,8400841102,vijay.ghosh317@example.in,AB+,"4, Krishna Nagar, Jaitala",Jaitala,440036,Nagpur,Maharashtra,Mahesh Shah,7718319249,2024-02-03,"BMI 21.8, normal"
P-0318,Zoya Jadhav,77,female,9733353008,zoya.jadhav318@example.in,B+,"8, Station Road, Shankar Nagar",Shankar Nagar,440010,Nagpur,Maharashtra,Kiran Singh,8265467113,2025-12-26,"BMI 17.4, underweight; age-related review due"
P-0319,Ritu Mehta,5,female,8168220051,ritu.mehta319@example.in,A+,"16, Temple Street, Station Road",Station Road,400690,Mumbai,Maharashtra,Father Prachi Verma,8787339023,2025-06-10,"BMI 19.8, normal"
P-0320,Harsh Yadav,73,male,9196750954,harsh.yadav320@example.in,B+,"Shop 428, Temple Street, Station Road",Station Road,431246,Aurangabad,Maharashtra,Amol Ghosh,9425116713,2024-01-24,"BMI 26.3, obese; weight management advised; age-related review due"
P-0321,Ira Khan,71,female,7305350602,ira.khan321@example.in,A+,"55, Officers Colony, College Road",College Road,442200,Chandrapur,Maharashtra,Rahul Pawar,9288940491,2024-08-11,"BMI 17.5, underweight; age-related review due"
P-0322,Aarav Reddy,62,male,9310887953,aarav.reddy322@example.in,AB+,"Flat 365, Gandhi Marg, Panchsheel Nagar",Panchsheel Nagar,440017,Nagpur,Maharashtra,Rohan Gaikwad,8956177194,2026-06-25,"BMI 18.9, normal; age-related review due"
P-0323,Manjula Thakur,59,female,8798646428,manjula.thakur323@example.in,O+,"Flat 149, Main Road, Bagadganj",Bagadganj,440008,Nagpur,Maharashtra,Manjula Bhagat,9859172350,2026-02-13,"BMI 24.5, overweight; weight management advised"
P-0324,Ganesh Chauhan,50,male,8022550965,ganesh.chauhan324@example.in,AB-,"Flat 400, Sai Nagar, Main Road",Main Road,411742,Pune,Maharashtra,Neha Pawar,7669454105,2025-09-06,"BMI 21.5, normal"
P-0325,Dinesh Dixit,2,male,7753606026,dinesh.dixit325@example.in,A+,"29, Temple Street, Station Road",Station Road,431770,Aurangabad,Maharashtra,Guardian Kiran Verma,8100644693,2026-06-27,"BMI 17.8, underweight"
P-0326,Prachi Nair,33,female,9256030941,prachi.nair326@example.in,B+,"Flat 247, Sai Nagar, Bagadganj",Bagadganj,440008,Nagpur,Maharashtra,Sagar Kulkarni,7004676169,2024-01-14,"BMI 19.1, normal"
P-0327,Hemangi Thakur,64,female,8488904618,hemangi.thakur327@example.in,B+,"1, Krishna Nagar, Umred",Umred,441203,Umred,Maharashtra,Neha Salunke,9581640453,2025-11-03,"BMI 28.8, obese; weight management advised; age-related review due"
P-0328,Falguni Menon,7,female,9681065581,falguni.menon328@example.in,B+,"26, MIDC Road, University Campus",University Campus,440033,Nagpur,Maharashtra,Guardian Gayatri Deshmukh,7196260629,2024-03-04,"BMI 19.0, normal"
P-0329,Tejaswini Sharma,7,female,8375533777,tejaswini.sharma329@example.in,B+,"11, Officers Colony, Imamwada",Imamwada,440003,Nagpur,Maharashtra,Guardian Usha Rane,8221406234,2025-08-05,"BMI 20.8, normal"
P-0330,Lata Patil,50,female,9630653619,lata.patil330@example.in,O+,"Shop 499, Model Colony, CRPF Nagar",CRPF Nagar,440019,Nagpur,Maharashtra,Sonal Mehta,8654964407,2024-10-03,"BMI 24.2, overweight; weight management advised"
P-0331,Chitra Kamble,55,female,9394801226,chitra.kamble331@example.in,O+,"Shop 447, MIDC Road, Ring Road",Ring Road,422548,Nashik,Maharashtra,Prashant Singh,8445222949,2025-06-01,"BMI 19.4, normal"
P-0332,Bhagyashree Ghosh,15,female,7491485115,bhagyashree.ghosh332@example.in,B+,"Flat 232, Ring Road, Krishna Nagar",Krishna Nagar,431940,Aurangabad,Maharashtra,Mother Suresh Joshi,8842784017,2025-07-16,"BMI 21.6, normal"
P-0333,Usha Rao,16,female,8746096945,usha.rao333@example.in,B-,"Flat 153, College Road, Sai Nagar",Sai Nagar,411748,Pune,Maharashtra,Mother Sagar Khan,7686311477,2026-10-24,"BMI 20.7, normal"
P-0334,Kiran Patel,2,female,7878463838,kiran.patel334@example.in,A+,"Shop 135, Temple Street, Main Road",Main Road,431304,Aurangabad,Maharashtra,Mother Amit Bhagat,7907991813,2025-02-21,"BMI 15.4, underweight"
P-0335,Piyush Yadav,28,male,7761672051,piyush.yadav335@example.in,A+,"Flat 343, Nehru Nagar, Civil Lines",Civil Lines,413777,Solapur,Maharashtra,Divya Shah,7159084701,2025-06-06,"BMI 33.3, obese; weight management advised"
P-0336,Ranjana Reddy,4,female,7450443773,ranjana.reddy336@example.in,B+,"Flat 415, Officers Colony, Station Road",Station Road,400337,Mumbai,Maharashtra,Mother Sagar Kulkarni,9275010161,2024-06-21,"BMI 17.0, underweight"
P-0337,Amol Waghmare,23,male,9387547490,amol.waghmare337@example.in,O+,"Shop 412, Main Road, Model Colony",Model Colony,413575,Solapur,Maharashtra,Mahesh Bhosale,8752103649,2024-04-03,"BMI 18.7, normal"
P-0338,Sachin Gupta,15,male,9830586839,sachin.gupta338@example.in,A-,"9, Ring Road, MIDC Area",MIDC Area,440016,Nagpur,Maharashtra,Father Manoj Chavan,7428818906,2026-11-12,"BMI 30.9, obese; weight management advised"
P-0339,Trupti Nair,1,female,9883885405,trupti.nair339@example.in,B+,"25, Shivaji Nagar, Umred",Umred,441203,Umred,Maharashtra,Guardian Manjula Gaikwad,9775269028,2024-12-04,"BMI 16.8, underweight"
P-0340,Manoj Shah,48,male,7301707045,manoj.shah340@example.in,B+,"Flat 124, Gandhi Marg, Ring Road",Ring Road,444885,Amravati,Maharashtra,Yogita Patel,8549916405,2026-05-11,"BMI 21.4, normal"
P-0341,Shreya Dixit,68,female,8971353282,shreya.dixit341@example.in,B+,"Shop 101, Krishna Nagar, Nehru Nagar",Nehru Nagar,444880,Amravati,Maharashtra,Kiran Shah,7500251728,2026-03-22,"BMI 19.8, normal; age-related review due"
P-0342,Ganesh Desai,83,male,9439417022,ganesh.desai342@example.in,B+,"Flat 212, Sai Nagar, Laxmi Nagar",Laxmi Nagar,440022,Nagpur,Maharashtra,Prakash Ghosh,9458466476,2025-12-05,"BMI 27.3, obese; weight management advised; age-related review due"
P-0343,Falguni Gupta,50,female,9782243794,falguni.gupta343@example.in,B+,"29, Main Road, Model Colony",Model Colony,400839,Mumbai,Maharashtra,Shreya Reddy,9053286360,2024-03-04,"BMI 25.4, obese; weight management advised"
P-0344,Kunal Rao,53,male,8087609663,kunal.rao344@example.in,A+,"Shop 216, Nehru Nagar, Kuhi",Kuhi,441202,Kuhi,Maharashtra,Alok Bhosale,7034972985,2025-04-25,"BMI 21.1, normal"
P-0345,Meera Mehta,40,female,9738192018,meera.mehta345@example.in,A+,"Shop 153, Ring Road, Gandhi Marg",Gandhi Marg,400809,Mumbai,Maharashtra,Vivek Shah,9947790794,2024-12-06,"BMI 18.0, underweight"
P-0346,Vivek Joshi,19,male,9210510068,vivek.joshi346@example.in,B+,"52, Nehru Nagar, CRPF Nagar",CRPF Nagar,440019,Nagpur,Maharashtra,Shreya Joshi,8084252176,2026-02-03,"BMI 21.8, normal"
P-0347,Nilesh Menon,20,male,8204336122,nilesh.menon347@example.in,A+,"Flat 356, Temple Street, College Road",College Road,411029,Pune,Maharashtra,Deepak Desai,8922314979,2025-01-13,"BMI 22.2, normal"
P-0348,Piyush Deshmukh,4,male,7431204260,piyush.deshmukh348@example.in,B+,"Shop 163, Sai Nagar, CRPF Nagar",CRPF Nagar,440019,Nagpur,Maharashtra,Father Neha Gupta,8865554268,2026-06-02,"BMI 15.9, underweight"
P-0349,Gaurav Rao,44,male,8118055567,gaurav.rao349@example.in,B+,"Flat 419, Station Road, Station Road",Station Road,411324,Pune,Maharashtra,Swati Chauhan,8716699892,2024-12-20,"BMI 28.5, obese; weight management advised"
P-0350,Pooja Bhosale,30,female,7172931090,pooja.bhosale350@example.in,A+,"Shop 342, Model Colony, Nayapura",Nayapura,440002,Nagpur,Maharashtra,Naresh Iyer,9491716391,2025-08-13,"BMI 26.7, obese; weight management advised"
P-0351,Ankita Dixit,57,female,7201721114,ankita.dixit351@example.in,B+,"19, College Road, Station Road",Station Road,425065,Jalgaon,Maharashtra,Nilesh Yadav,8244027650,2026-07-23,"BMI 19.9, normal"
P-0352,Gayatri Ghosh,14,female,8104388431,gayatri.ghosh352@example.in,A+,"Flat 297, Ring Road, Civil Lines",Civil Lines,431545,Aurangabad,Maharashtra,Guardian Naresh Khan,8415548377,2026-03-21,"BMI 32.3, obese; weight management advised"
P-0353,Vandana Gupta,25,female,8987297059,vandana.gupta353@example.in,O+,"Flat 371, Civil Lines, BESA Road",BESA Road,440037,Nagpur,Maharashtra,Tejaswini Sharma,8386019921,2025-01-05,"BMI 19.8, normal"
P-0354,Rakesh Joshi,4,male,9909867430,rakesh.joshi354@example.in,B+,"45, College Road, University Campus",University Campus,440033,Nagpur,Maharashtra,Mother Sneha Nair,8991827203,2026-04-15,"BMI 19.4, normal"
P-0355,Amol Kamble,35,male,9359437546,amol.kamble355@example.in,B+,"21, Ring Road, Temple Street",Temple Street,411634,Pune,Maharashtra,Ola Singh,8223885714,2026-01-15,"BMI 24.6, overweight; weight management advised"
P-0356,Falguni Sharma,2,female,9147115878,falguni.sharma356@example.in,A+,"Flat 150, Ring Road, Borgaon Road",Borgaon Road,440013,Nagpur,Maharashtra,Father Nandini Kamble,9115475190,2026-08-01,"BMI 18.3, underweight"
P-0357,Satish Iyer,69,male,7021233393,satish.iyer357@example.in,O+,"24, College Road, University Campus",University Campus,440033,Nagpur,Maharashtra,Aarav Nair,9095175827,2024-12-15,"BMI 23.0, normal; age-related review due"
P-0358,Meera Patil,44,female,8144210125,meera.patil358@example.in,A+,"57, Sai Nagar, Khamla",Khamla,440025,Nagpur,Maharashtra,Rohan Mane,9209483236,2024-02-03,"BMI 25.4, obese; weight management advised"
P-0359,Suresh Iyer,29,male,8977430273,suresh.iyer359@example.in,O+,"Shop 429, Nehru Nagar, Officers Colony",Officers Colony,411897,Pune,Maharashtra,Zoya Desai,9255404172,2024-01-15,"BMI 16.8, underweight"
P-0360,Ranjana Joshi,73,female,7582472716,ranjana.joshi360@example.in,B+,"43, Ring Road, Sadar Bazar",Sadar Bazar,440001,Nagpur,Maharashtra,Alok Mehta,7852806571,2026-04-24,"BMI 25.0, obese; weight management advised; age-related review due"
P-0361,Satish Gaikwad,28,male,9342904971,satish.gaikwad361@example.in,B+,"Shop 212, MIDC Road, Officers Colony",Officers Colony,400018,Mumbai,Maharashtra,Jaya Jadhav,9969098450,2025-11-27,"BMI 27.9, obese; weight management advised"
P-0362,Kiran Rane,90,male,8084067668,kiran.rane362@example.in,B+,"35, Main Road, Kamthi",Kamthi,441001,Kamthi,Maharashtra,Aditya Rane,7548116089,2024-10-27,"BMI 20.7, normal; age-related review due"
P-0363,Prachi Ghosh,66,female,8848510717,prachi.ghosh363@example.in,A+,"Shop 219, Market Yard, Model Colony",Model Colony,416111,Kolhapur,Maharashtra,Shreya Mane,8591647569,2024-12-13,"BMI 21.1, normal; age-related review due"
P-0364,Falguni Kulkarni,82,female,7900011834,falguni.kulkarni364@example.in,B-,"Flat 294, Civil Lines, Market Yard",Market Yard,444752,Amravati,Maharashtra,Yogesh Shah,7275697894,2026-04-17,"BMI 28.0, obese; weight management advised; age-related review due"
P-0365,Anil Rane,38,male,9022077512,anil.rane365@example.in,A+,"51, Market Yard, Officers Colony",Officers Colony,422158,Nashik,Maharashtra,Suresh Verma,8739741802,2024-07-07,"BMI 26.3, obese; weight management advised"
P-0366,Aditi Joshi,29,female,8049342645,aditi.joshi366@example.in,AB+,"Shop 349, Sai Nagar, Officers Colony",Officers Colony,411956,Pune,Maharashtra,Kavita Reddy,7948453680,2026-05-08,"BMI 24.7, overweight; weight management advised"
P-0367,Usha Pawar,12,female,7076512485,usha.pawar367@example.in,O+,"Flat 346, Main Road, Seminary Hills",Seminary Hills,440006,Nagpur,Maharashtra,Father Umesh Menon,7744091596,2024-02-27,"BMI 18.8, normal"
P-0368,Tarun Chavan,31,male,9649841539,tarun.chavan368@example.in,B+,"43, Temple Street, Station Road",Station Road,422386,Nashik,Maharashtra,Sonal Joshi,7606421729,2026-02-06,"BMI 27.7, obese; weight management advised"
P-0369,Ritu Joshi,72,female,9529929563,ritu.joshi369@example.in,O-,"Flat 330, Sai Nagar, Borgaon Road",Borgaon Road,440013,Nagpur,Maharashtra,Dinesh Deshmukh,7049427724,2024-04-10,"BMI 23.4, overweight; weight management advised; age-related review due"
P-0370,Umesh Menon,65,male,8544966816,umesh.menon370@example.in,O+,"Flat 110, Nehru Nagar, Nehru Nagar",Nehru Nagar,411276,Pune,Maharashtra,Pankaj Salunke,8538075077,2024-02-27,"BMI 25.8, obese; weight management advised; age-related review due"
P-0371,Tarun Gaikwad,35,male,9257690474,tarun.gaikwad371@example.in,AB+,"Flat 399, Temple Street, College Road",College Road,425158,Jalgaon,Maharashtra,Deepak Reddy,7316230576,2026-04-26,"BMI 24.4, overweight; weight management advised"
P-0372,Pooja Salunke,0,female,8077998346,pooja.salunke372@example.in,A+,"Shop 240, Station Road, Imamwada",Imamwada,440003,Nagpur,Maharashtra,Guardian Ranjana Thakur,8747339854,2024-12-03,"BMI 12.3, underweight"
P-0373,Siddharth Nair,22,male,9549773032,siddharth.nair373@example.in,A+,"18, Civil Lines, Gandhi Marg",Gandhi Marg,422543,Nashik,Maharashtra,Ekta Joshi,7076480233,2026-03-27,"BMI 22.7, normal"
P-0374,Priya Salunke,22,female,9232758310,priya.salunke374@example.in,B+,"19, Station Road, Gandhi Marg",Gandhi Marg,400135,Mumbai,Maharashtra,Rakesh Gaikwad,8201848601,2026-07-14,"BMI 21.1, normal"
P-0375,Harsh Rane,12,male,7455460711,harsh.rane375@example.in,O+,"Flat 436, Temple Street, Officers Colony",Officers Colony,411542,Pune,Maharashtra,Mother Mukesh Gaikwad,7097857595,2026-12-22,"BMI 19.9, normal"
P-0376,Gayatri Salunke,27,female,9716888427,gayatri.salunke376@example.in,O+,"Shop 338, MIDC Road, MIDC Road",MIDC Road,413720,Solapur,Maharashtra,Sagar Yadav,8460750968,2024-11-15,"BMI 21.1, normal"
P-0377,Jaya Patil,2,female,8326090808,jaya.patil377@example.in,B+,"Shop 280, Civil Lines, Hingna",Hingna,441110,Hingna,Maharashtra,Guardian Meera Khan,9777183229,2026-01-27,"BMI 16.9, underweight"
P-0378,Ola Shah,59,female,8131844719,ola.shah378@example.in,B+,"Shop 317, Station Road, College Road",College Road,411968,Pune,Maharashtra,Shreya Yadav,7396956083,2024-03-17,"BMI 23.1, overweight; weight management advised"
P-0379,Amit Deshmukh,58,male,9216888709,amit.deshmukh379@example.in,O+,"55, Civil Lines, MIDC Road",MIDC Road,441587,Bhandara,Maharashtra,Amit Gupta,8799422033,2025-10-22,"BMI 28.5, obese; weight management advised"
P-0380,Tejaswini Gaikwad,63,female,9016269361,tejaswini.gaikwad380@example.in,O+,"Flat 177, Main Road, MIDC Road",MIDC Road,416048,Kolhapur,Maharashtra,Ekta Joshi,9570971582,2026-09-12,"BMI 17.9, underweight; age-related review due"
P-0381,Naresh Chauhan,21,male,8140432699,naresh.chauhan381@example.in,O+,"20, Market Yard, Gandhi Marg",Gandhi Marg,422668,Nashik,Maharashtra,Aarav Jadhav,8900650595,2026-09-01,"BMI 17.5, underweight"
P-0382,Jayesh Reddy,52,male,7619796063,jayesh.reddy382@example.in,AB+,"Flat 239, Gandhi Marg, Ring Road",Ring Road,441988,Bhandara,Maharashtra,Kavita Rao,8098247840,2024-07-24,"BMI 25.2, obese; weight management advised"
P-0383,Harsh Bhosale,81,male,7718742120,harsh.bhosale383@example.in,O+,"Flat 155, Station Road, Civil Lines",Civil Lines,441201,Bhandara,Maharashtra,Gayatri Reddy,9932033505,2025-03-12,"BMI 25.6, obese; weight management advised; age-related review due"
P-0384,Vivek Yadav,39,male,9399406494,vivek.yadav384@example.in,A+,"Shop 403, Station Road, Borgaon Road",Borgaon Road,440013,Nagpur,Maharashtra,Siddharth Menon,7201286454,2024-12-06,"BMI 23.1, overweight; weight management advised"
P-0385,Anjali Mane,31,female,7103657916,anjali.mane385@example.in,O+,"Shop 155, Market Yard, Kuhi",Kuhi,441202,Kuhi,Maharashtra,Kiran Menon,9670721306,2025-12-04,"BMI 24.4, overweight; weight management advised"
P-0386,Shreya Iyer,1,female,9215063136,shreya.iyer386@example.in,O+,"Shop 397, Civil Lines, Parvati Nagar",Parvati Nagar,440027,Nagpur,Maharashtra,Guardian Lata Mehta,8497492000,2026-05-24,"BMI 17.7, underweight"
P-0387,Ekta Thakur,44,female,7338410266,ekta.thakur387@example.in,B+,"19, Sai Nagar, Parvati Nagar",Parvati Nagar,440027,Nagpur,Maharashtra,Gayatri Joshi,9469386921,2026-11-23,"BMI 23.1, overweight; weight management advised"
P-0388,Rohan Nair,11,male,7204095733,rohan.nair388@example.in,B+,"19, Sai Nagar, Mahal",Mahal,440032,Nagpur,Maharashtra,Guardian Nikita Waghmare,8366236196,2024-06-16,"BMI 18.3, underweight"
P-0389,Nitin Gupta,47,male,9315618743,nitin.gupta389@example.in,A+,"Flat 318, Shivaji Nagar, Vayusena Nagar",Vayusena Nagar,440007,Nagpur,Maharashtra,Kiran Pawar,7949366847,2025-10-05,"BMI 21.0, normal"
P-0390,Bhavana Pawar,34,female,9259179100,bhavana.pawar390@example.in,B+,"26, Krishna Nagar, Manewada Road",Manewada Road,440024,Nagpur,Maharashtra,Kiran Patel,7057356062,2024-10-06,"BMI 19.1, normal"
P-0391,Suresh Iyer,12,male,9388101496,suresh.iyer391@example.in,O+,"Flat 329, Temple Street, Temple Street",Temple Street,411810,Pune,Maharashtra,Father Rohan Sharma,8295450773,2025-01-16,"BMI 17.3, underweight"
P-0392,Ola Nair,80,female,7287024460,ola.nair392@example.in,A+,"Shop 471, Ring Road, Shivaji Nagar",Shivaji Nagar,431328,Aurangabad,Maharashtra,Dinesh Rao,8886859589,2024-01-10,"BMI 27.3, obese; weight management advised; age-related review due"
P-0393,Nikita Rao,6,female,7318933020,nikita.rao393@example.in,O-,"Shop 455, Gandhi Marg, Nehru Nagar",Nehru Nagar,411599,Pune,Maharashtra,Guardian Gaurav Gupta,8372572036,2026-01-03,"BMI 16.7, underweight"
P-0394,Sagar Iyer,56,male,9948423723,sagar.iyer394@example.in,AB+,"Flat 206, Model Colony, Shivaji Nagar",Shivaji Nagar,422649,Nashik,Maharashtra,Chitra Dixit,9499326634,2025-05-07,"BMI 25.2, obese; weight management advised"
P-0395,Nikhil Verma,19,male,8328131477,nikhil.verma395@example.in,B+,"7, Shivaji Nagar, Model Colony",Model Colony,416448,Kolhapur,Maharashtra,Kavita Patil,8663613945,2026-09-24,"BMI 24.3, overweight; weight management advised"
P-0396,Siddharth Shah,54,male,9721570859,siddharth.shah396@example.in,O+,"33, Civil Lines, Shivaji Nagar",Shivaji Nagar,431149,Aurangabad,Maharashtra,Prakash Nair,8857689525,2025-04-15,"BMI 24.4, overweight; weight management advised"
P-0397,Lata Pawar,14,female,8096711943,lata.pawar397@example.in,B+,"Shop 471, College Road, Narendra Nagar",Narendra Nagar,440015,Nagpur,Maharashtra,Father Tarun Khan,9767297888,2026-04-16,"BMI 25.1, obese; weight management advised"
P-0398,Naresh Thakur,42,male,7146613360,naresh.thakur398@example.in,O+,"Flat 431, Gandhi Marg, Ring Road",Ring Road,413178,Solapur,Maharashtra,Tarun Patil,7854233278,2025-05-22,"BMI 23.5, overweight; weight management advised"
P-0399,Rohan Chauhan,33,male,7268204962,rohan.chauhan399@example.in,B+,"1, Ring Road, College Road",College Road,411669,Pune,Maharashtra,Ashish Khan,8141980789,2025-02-09,"BMI 22.3, normal"
P-0400,Lalit Shah,5,male,9633103113,lalit.shah400@example.in,B+,"Shop 277, MIDC Road, Civil Lines",Civil Lines,425086,Jalgaon,Maharashtra,Mother Lata Pawar,9709359256,2024-09-15,"BMI 19.8, normal"
P-0401,Prakash Mehta,40,male,8614083977,prakash.mehta401@example.in,O+,"48, Krishna Nagar, Temple Street",Temple Street,441414,Bhandara,Maharashtra,Zoya Patel,9292247084,2026-06-03,"BMI 26.1, obese; weight management advised"
P-0402,Ira Mehta,12,female,8004573752,ira.mehta402@example.in,A+,"Shop 429, Market Yard, Station Road",Station Road,400946,Mumbai,Maharashtra,Father Suresh Kulkarni,9689042445,2026-07-15,"BMI 20.5, normal"
P-0403,Siddharth Joshi,46,male,7053078530,siddharth.joshi403@example.in,A+,"48, Krishna Nagar, Station Road",Station Road,425401,Jalgaon,Maharashtra,Priya Verma,8606145352,2024-02-07,"BMI 26.3, obese; weight management advised"
P-0404,Nandini Waghmare,47,female,8788490566,nandini.waghmare404@example.in,O+,"39, Ring Road, Imamwada",Imamwada,440003,Nagpur,Maharashtra,Ankita Sharma,7099707416,2024-06-03,"BMI 21.0, normal"
P-0405,Ekta Gupta,49,female,7858728442,ekta.gupta405@example.in,O+,"Flat 425, Civil Lines, College Road",College Road,400782,Mumbai,Maharashtra,Kiran Gupta,8411194429,2025-02-20,"BMI 19.7, normal"
P-0406,Jatin Desai,59,male,9711546393,jatin.desai406@example.in,B+,"Shop 139, Station Road, Ring Road",Ring Road,411843,Pune,Maharashtra,Zoya Salunke,9737378652,2024-08-17,"BMI 23.4, overweight; weight management advised"
P-0407,Nandini Mane,40,female,8118455454,nandini.mane407@example.in,B+,"Flat 163, Krishna Nagar, Gandhi Marg",Gandhi Marg,411871,Pune,Maharashtra,Rahul Chavan,7251855741,2024-04-27,"BMI 24.9, overweight; weight management advised"
P-0408,Chitra Desai,32,female,7105306827,chitra.desai408@example.in,B+,"53, Station Road, Seminary Hills",Seminary Hills,440006,Nagpur,Maharashtra,Anjali Salunke,9753377419,2026-03-15,"BMI 26.7, obese; weight management advised"
P-0409,Gayatri Bhosale,15,female,7572830068,gayatri.bhosale409@example.in,B+,"Shop 264, Krishna Nagar, University Campus",University Campus,440033,Nagpur,Maharashtra,Guardian Rakesh Iyer,8106134412,2026-05-10,"BMI 29.4, obese; weight management advised"
P-0410,Manoj Yadav,46,male,9797186345,manoj.yadav410@example.in,O+,"4, Krishna Nagar, Koradi",Koradi,441111,Koradi,Maharashtra,Pooja Khan,9728393968,2026-01-25,"BMI 17.6, underweight"
P-0411,Prakash Patil,10,male,7761125744,prakash.patil411@example.in,A+,"12, MIDC Road, Market Yard",Market Yard,413608,Solapur,Maharashtra,Mother Falguni Patel,9859479708,2024-11-26,"BMI 19.8, normal"
P-0412,Aditi Joshi,33,female,8069967850,aditi.joshi412@example.in,B-,"59, Sai Nagar, Krishna Nagar",Krishna Nagar,425275,Jalgaon,Maharashtra,Ranjana Ghosh,8623002305,2025-06-26,"BMI 21.3, normal"
P-0413,Ankita Khan,67,female,8172832026,ankita.khan413@example.in,B+,"Flat 216, Temple Street, Laxmi Nagar",Laxmi Nagar,440022,Nagpur,Maharashtra,Asha Joshi,8016177131,2026-10-27,"BMI 23.2, overweight; weight management advised; age-related review due"
P-0414,Yogesh Yadav,57,male,8552325619,yogesh.yadav414@example.in,AB+,"10, College Road, Sai Nagar",Sai Nagar,422890,Nashik,Maharashtra,Gayatri Iyer,8950936794,2025-08-19,"BMI 21.7, normal"
P-0415,Hemangi Chavan,22,female,7202433942,hemangi.chavan415@example.in,B+,"Flat 332, Krishna Nagar, College Road",College Road,400632,Mumbai,Maharashtra,Manoj Mane,7182338111,2024-03-18,"BMI 19.6, normal"
P-0416,Vandana Mane,4,female,7832980554,vandana.mane416@example.in,O+,"Shop 114, Market Yard, Uppalwadi",Uppalwadi,440026,Nagpur,Maharashtra,Father Rakesh Bhagat,8629315095,2024-03-04,"BMI 23.2, overweight; weight management advised"
P-0417,Rajesh Yadav,79,male,9529587378,rajesh.yadav417@example.in,A+,"Shop 213, Model Colony, Civil Lines",Civil Lines,411760,Pune,Maharashtra,Ranjana Deshmukh,7877792036,2024-01-13,"BMI 21.6, normal; age-related review due"
P-0418,Rahul Sharma,9,male,7874420010,rahul.sharma418@example.in,O+,"25, Civil Lines, MIDC Road",MIDC Road,422884,Nashik,Maharashtra,Mother Dinesh Yadav,7623082556,2026-05-26,"BMI 17.9, underweight"
P-0419,Asha Ghosh,57,female,8799510085,asha.ghosh419@example.in,O+,"Shop 208, MIDC Road, Mankapur",Mankapur,440030,Nagpur,Maharashtra,Nitin Joshi,8400074025,2024-05-06,"BMI 29.4, obese; weight management advised"
P-0420,Jayesh Gupta,37,male,9522716645,jayesh.gupta420@example.in,O+,"Flat 137, Civil Lines, College Road",College Road,411448,Pune,Maharashtra,Lalit Thakur,9381154206,2025-07-17,"BMI 23.8, overweight; weight management advised"
P-0421,Prachi Chauhan,33,female,9498543484,prachi.chauhan421@example.in,AB+,"Flat 254, Shivaji Nagar, Krishna Nagar",Krishna Nagar,442215,Chandrapur,Maharashtra,Prachi Desai,7816828009,2024-03-10,"BMI 24.2, overweight; weight management advised"
P-0422,Tarun Kulkarni,34,male,7727463808,tarun.kulkarni422@example.in,O+,"Shop 125, Station Road, Ring Road",Ring Road,400412,Mumbai,Maharashtra,Zoya Kamble,7506048060,2025-05-25,"BMI 22.7, normal"
P-0423,Tejaswini Deshmukh,49,female,9874687411,tejaswini.deshmukh423@example.in,B-,"11, Shivaji Nagar, CRPF Nagar",CRPF Nagar,440019,Nagpur,Maharashtra,Jayesh Sharma,9763125444,2025-06-01,"BMI 17.9, underweight"
P-0424,Aditya Dixit,14,male,9175120944,aditya.dixit424@example.in,O+,"Flat 398, Civil Lines, Imamwada",Imamwada,440003,Nagpur,Maharashtra,Guardian Ashish Rane,8105539553,2024-01-07,"BMI 24.4, overweight; weight management advised"
P-0425,Nilesh Bhagat,36,male,8192111615,nilesh.bhagat425@example.in,O+,"34, Officers Colony, Nehru Nagar",Nehru Nagar,422629,Nashik,Maharashtra,Manjula Desai,8075782487,2026-11-21,"BMI 22.1, normal"
P-0426,Neha Rane,15,female,9973821938,neha.rane426@example.in,A+,"25, College Road, Jaitala",Jaitala,440036,Nagpur,Maharashtra,Father Falguni Gaikwad,9400227338,2024-04-23,"BMI 17.5, underweight"
P-0427,Aditi Yadav,54,female,8999530341,aditi.yadav427@example.in,O+,"Flat 168, Station Road, Officers Colony",Officers Colony,400831,Mumbai,Maharashtra,Prachi Gupta,9061892679,2024-08-19,"BMI 23.3, overweight; weight management advised"
P-0428,Swati Shah,26,female,7453817989,swati.shah428@example.in,O+,"Shop 195, Civil Lines, Krishna Nagar",Krishna Nagar,400336,Mumbai,Maharashtra,Sagar Gaikwad,8787534348,2025-03-24,"BMI 28.0, obese; weight management advised"
P-0429,Amit Reddy,4,male,9648000964,amit.reddy429@example.in,A+,"Flat 157, Nehru Nagar, Shankar Nagar",Shankar Nagar,440010,Nagpur,Maharashtra,Guardian Swati Chavan,8970234013,2024-09-11,"BMI 19.4, normal"
P-0430,Gaurav Khan,30,male,7269950281,gaurav.khan430@example.in,B-,"Flat 215, Krishna Nagar, Main Road",Main Road,413714,Solapur,Maharashtra,Rajesh Deshmukh,8610074844,2024-04-06,"BMI 22.0, normal"
P-0431,Aditya Rao,16,male,7951668620,aditya.rao431@example.in,A+,"Flat 411, Market Yard, Ring Road",Ring Road,400347,Mumbai,Maharashtra,Mother Prashant Rao,8887383950,2024-07-12,"BMI 24.6, overweight; weight management advised"
P-0432,Manjula Jadhav,70,female,9036768449,manjula.jadhav432@example.in,O+,"2, Ring Road, Model Colony",Model Colony,425311,Jalgaon,Maharashtra,Pankaj Joshi,7800748822,2025-04-27,"BMI 24.9, overweight; weight management advised; age-related review due"
P-0433,Sameer Thakur,35,male,7899238624,sameer.thakur433@example.in,B+,"Flat 105, Market Yard, Shivaji Nagar",Shivaji Nagar,425854,Jalgaon,Maharashtra,Siddharth Salunke,7013600474,2025-06-21,"BMI 20.6, normal"
P-0434,Usha Singh,47,female,7810203734,usha.singh434@example.in,B+,"Flat 395, Shivaji Nagar, Temple Street",Temple Street,444903,Amravati,Maharashtra,Pooja Ghosh,7907909791,2025-11-27,"BMI 21.4, normal"
P-0435,Ekta Thakur,51,female,8365501632,ekta.thakur435@example.in,B+,"2, Officers Colony, Model Colony",Model Colony,416153,Kolhapur,Maharashtra,Dinesh Patil,8813931843,2026-02-05,"BMI 19.7, normal"
P-0436,Rohan Chauhan,28,male,7826495097,rohan.chauhan436@example.in,A+,"Shop 186, Main Road, Bezonbagh",Bezonbagh,440014,Nagpur,Maharashtra,Harsh Mehta,8929855197,2025-03-25,"BMI 27.3, obese; weight management advised"
P-0437,Ira Dixit,30,female,9976835871,ira.dixit437@example.in,B+,"11, Sai Nagar, Sadar Bazar",Sadar Bazar,440001,Nagpur,Maharashtra,Manjula Pawar,7917057354,2026-04-02,"BMI 26.8, obese; weight management advised"
P-0438,Manjula Thakur,57,female,9374797068,manjula.thakur438@example.in,AB+,"Flat 245, Krishna Nagar, Shivaji Nagar",Shivaji Nagar,425541,Jalgaon,Maharashtra,Harsh Rao,7894991579,2025-09-09,"BMI 21.6, normal"
P-0439,Sneha Mane,40,female,7296635181,sneha.mane439@example.in,A+,"Shop 433, Officers Colony, University Campus",University Campus,440033,Nagpur,Maharashtra,Chitra Menon,9816729003,2026-04-22,"BMI 20.4, normal"
P-0440,Rohan Mane,73,male,7386882207,rohan.mane440@example.in,B+,"Shop 102, Nehru Nagar, Officers Colony",Officers Colony,411511,Pune,Maharashtra,Jayesh Verma,9803800528,2026-02-15,"BMI 25.0, overweight; weight management advised; age-related review due"
P-0441,Sameer Shah,57,male,7897464079,sameer.shah441@example.in,B+,"Flat 460, Temple Street, College Road",College Road,411930,Pune,Maharashtra,Sameer Waghmare,9174292166,2024-03-08,"BMI 24.3, overweight; weight management advised"
P-0442,Pankaj Thakur,39,male,7618023001,pankaj.thakur442@example.in,O+,"54, Shivaji Nagar, Gandhi Marg",Gandhi Marg,400859,Mumbai,Maharashtra,Trupti Ghosh,9769143948,2026-09-28,"BMI 20.6, normal"
P-0443,Harsh Patel,25,male,7644083754,harsh.patel443@example.in,B+,"36, Krishna Nagar, Kuhi",Kuhi,441202,Kuhi,Maharashtra,Suresh Mehta,7720709054,2025-07-23,"BMI 23.0, normal"
P-0444,Vaishali Gupta,53,female,8502610711,vaishali.gupta444@example.in,B+,"24, Civil Lines, Nehru Nagar",Nehru Nagar,444501,Amravati,Maharashtra,Nikhil Joshi,7261894934,2024-03-08,"BMI 31.0, obese; weight management advised"
P-0445,Falguni Jadhav,75,female,9447690443,falguni.jadhav445@example.in,O+,"Flat 320, Main Road, Main Road",Main Road,416754,Kolhapur,Maharashtra,Deepa Verma,8371243113,2026-07-22,"BMI 22.8, normal; age-related review due"
P-0446,Deepak Joshi,40,male,7400797624,deepak.joshi446@example.in,A+,"Flat 381, Model Colony, Kamthi",Kamthi,441001,Kamthi,Maharashtra,Trupti Gaikwad,8359580674,2026-08-14,"BMI 19.0, normal"
P-0447,Rajesh Thakur,29,male,9103463128,rajesh.thakur447@example.in,O+,"Shop 221, College Road, Station Road",Station Road,425091,Jalgaon,Maharashtra,Santosh Singh,7955041171,2025-08-23,"BMI 22.7, normal"
P-0448,Swati Rao,24,female,7461577065,swati.rao448@example.in,A+,"45, College Road, Station Road",Station Road,441242,Bhandara,Maharashtra,Santosh Joshi,9136489130,2025-12-17,"BMI 25.2, obese; weight management advised"
P-0449,Rohan Jadhav,53,male,9158091887,rohan.jadhav449@example.in,AB+,"Shop 438, Station Road, MIDC Road",MIDC Road,411006,Pune,Maharashtra,Suresh Rao,8355133050,2024-04-05,"BMI 34.5, obese; weight management advised"
P-0450,Bhavana Waghmare,60,female,8663635099,bhavana.waghmare450@example.in,A+,"Shop 202, MIDC Road, Ring Road",Ring Road,416361,Kolhapur,Maharashtra,Ekta Verma,8966528547,2024-08-17,"BMI 17.1, underweight; age-related review due"
P-0451,Kiran Dixit,50,female,8026946899,kiran.dixit451@example.in,B+,"Flat 150, Civil Lines, College Road",College Road,400839,Mumbai,Maharashtra,Rahul Rane,8688261828,2026-04-02,"BMI 26.4, obese; weight management advised"
P-0452,Sumit Chauhan,11,male,8475760812,sumit.chauhan452@example.in,O+,"Flat 401, Nehru Nagar, Nehru Nagar",Nehru Nagar,431029,Aurangabad,Maharashtra,Mother Pooja Pawar,9809682824,2025-05-26,"BMI 20.2, normal"
P-0453,Hemangi Singh,7,female,9336650949,hemangi.singh453@example.in,B+,"Shop 311, Sai Nagar, Sadar Bazar",Sadar Bazar,440001,Nagpur,Maharashtra,Mother Satish Thakur,8978120874,2025-12-05,"BMI 22.0, normal"
P-0454,Yogesh Salunke,26,male,8771046877,yogesh.salunke454@example.in,A+,"9, Model Colony, Temple Street",Temple Street,442597,Chandrapur,Maharashtra,Amit Nair,8430772371,2024-04-15,"BMI 25.6, obese; weight management advised"
P-0455,Neha Reddy,54,female,9432635723,neha.reddy455@example.in,A+,"11, Market Yard, Officers Colony",Officers Colony,413356,Solapur,Maharashtra,Jayesh Singh,8769066109,2024-06-09,"BMI 16.5, underweight"
P-0456,Rajesh Joshi,18,male,8249294948,rajesh.joshi456@example.in,O+,"29, Main Road, Jaitala",Jaitala,440036,Nagpur,Maharashtra,Sagar Chavan,7803867554,2024-01-05,"BMI 17.8, underweight"
P-0457,Naresh Khan,54,male,9403938144,naresh.khan457@example.in,O+,"Flat 428, Model Colony, Sadar Bazar",Sadar Bazar,440001,Nagpur,Maharashtra,Ankita Bhosale,8039712519,2025-11-15,"BMI 24.3, overweight; weight management advised"
P-0458,Vandana Salunke,88,female,8499005846,vandana.salunke458@example.in,AB+,"21, Krishna Nagar, College Road",College Road,444081,Amravati,Maharashtra,Aditya Khan,7976710669,2026-11-08,"BMI 26.0, obese; weight management advised; age-related review due"
P-0459,Jaya Patel,6,female,7293253899,jaya.patel459@example.in,A+,"4, Nehru Nagar, Krishna Nagar",Krishna Nagar,400721,Mumbai,Maharashtra,Father Suresh Rao,7104032863,2024-01-09,"BMI 21.7, normal"
P-0460,Neha Verma,10,female,8309396864,neha.verma460@example.in,A+,"Shop 338, Ring Road, Panchsheel Nagar",Panchsheel Nagar,440017,Nagpur,Maharashtra,Mother Nandini Gaikwad,7219931173,2025-12-12,"BMI 17.5, underweight"
P-0461,Ritu Joshi,51,female,9616872994,ritu.joshi461@example.in,AB+,"25, Krishna Nagar, Pipla",Pipla,440034,Nagpur,Maharashtra,Lalit Bhosale,8059951718,2026-05-01,"BMI 19.6, normal"
P-0462,Kunal Desai,34,male,9571901866,kunal.desai462@example.in,O+,"Flat 494, Officers Colony, Temple Street",Temple Street,425346,Jalgaon,Maharashtra,Sagar Salunke,7759183350,2026-09-05,"BMI 22.3, normal"
P-0463,Divya Kulkarni,28,female,8411023499,divya.kulkarni463@example.in,B+,"Shop 349, Krishna Nagar, Station Road",Station Road,442902,Chandrapur,Maharashtra,Trupti Desai,8456933589,2024-01-01,"BMI 27.4, obese; weight management advised"
P-0464,Anil Mane,7,male,7662632411,anil.mane464@example.in,O+,"Shop 273, Main Road, Shivaji Nagar",Shivaji Nagar,413095,Solapur,Maharashtra,Guardian Sameer Waghmare,9430629489,2025-07-09,"BMI 22.0, normal"
P-0465,Ira Mane,45,female,7834939148,ira.mane465@example.in,O+,"Flat 346, Gandhi Marg, Main Road",Main Road,431780,Aurangabad,Maharashtra,Ankita Dixit,7531725358,2025-06-06,"BMI 23.4, overweight; weight management advised"
P-0466,Manjula Kamble,0,female,8880054167,manjula.kamble466@example.in,B+,"Shop 223, Market Yard, Civil Lines",Civil Lines,444406,Amravati,Maharashtra,Guardian Priya Joshi,8769415972,2024-07-20,"BMI 13.5, underweight"
P-0467,Anil Yadav,0,male,7454189434,anil.yadav467@example.in,B+,"33, Officers Colony, MIDC Road",MIDC Road,444802,Amravati,Maharashtra,Mother Sumit Singh,9220784589,2024-04-14,"BMI 13.0, underweight"
P-0468,Asha Menon,33,female,7518767945,asha.menon468@example.in,B+,"Shop 112, Ring Road, Shankar Nagar",Shankar Nagar,440010,Nagpur,Maharashtra,Sachin Mehta,8932603437,2024-03-19,"BMI 23.8, overweight; weight management advised"
P-0469,Sagar Joshi,24,male,9004533808,sagar.joshi469@example.in,B+,"Flat 458, College Road, Seminary Hills",Seminary Hills,440006,Nagpur,Maharashtra,Jaya Patil,8213307061,2025-07-13,"BMI 25.6, obese; weight management advised"
P-0470,Sumit Deshmukh,37,male,8081630421,sumit.deshmukh470@example.in,O+,"Flat 368, Ring Road, MIDC Road",MIDC Road,411903,Pune,Maharashtra,Usha Rane,7524117633,2025-06-18,"BMI 26.6, obese; weight management advised"
P-0471,Sachin Chavan,69,male,7787909432,sachin.chavan471@example.in,AB+,"Shop 221, Station Road, Model Colony",Model Colony,444982,Amravati,Maharashtra,Bhagyashree Joshi,9363611060,2024-07-18,"BMI 22.0, normal; age-related review due"
P-0472,Chitra Menon,81,female,8051991819,chitra.menon472@example.in,B-,"Shop 107, Model Colony, Laxmi Nagar",Laxmi Nagar,440022,Nagpur,Maharashtra,Tejaswini Bhosale,9879129989,2025-10-01,"BMI 22.0, normal; age-related review due"
P-0473,Siddharth Bhosale,86,male,7844292204,siddharth.bhosale473@example.in,O+,"Flat 282, Civil Lines, Nehru Nagar",Nehru Nagar,422511,Nashik,Maharashtra,Bhavana Kamble,8752754451,2024-10-08,"BMI 23.1, overweight; weight management advised; age-related review due"
P-0474,Mukesh Bhagat,20,male,9375522466,mukesh.bhagat474@example.in,O+,"19, College Road, Sitabuldi",Sitabuldi,440012,Nagpur,Maharashtra,Lata Chauhan,9266464147,2025-10-13,"BMI 31.0, obese; weight management advised"
P-0475,Ashish Yadav,70,male,9565898053,ashish.yadav475@example.in,O+,"Flat 206, College Road, Laxmi Nagar",Laxmi Nagar,440022,Nagpur,Maharashtra,Usha Dixit,9668626929,2026-04-10,"BMI 19.2, normal; age-related review due"
P-0476,Suresh Verma,77,male,7780714543,suresh.verma476@example.in,B+,"33, Station Road, Imamwada",Imamwada,440003,Nagpur,Maharashtra,Ankita Dixit,9251779556,2025-12-03,"BMI 24.9, overweight; weight management advised; age-related review due"
P-0477,Usha Patel,46,female,9440156133,usha.patel477@example.in,B+,"Shop 367, Station Road, Ring Road",Ring Road,444865,Amravati,Maharashtra,Neha Chauhan,9935493539,2024-10-22,"BMI 19.4, normal"
P-0478,Abhishek Menon,7,male,7237180462,abhishek.menon478@example.in,B+,"41, MIDC Road, MIDC Road",MIDC Road,400308,Mumbai,Maharashtra,Father Aarav Dixit,7197735184,2026-09-06,"BMI 21.5, normal"
P-0479,Siddharth Chauhan,52,male,8214916606,siddharth.chauhan479@example.in,B+,"Flat 424, Sai Nagar, Shankar Nagar",Shankar Nagar,440010,Nagpur,Maharashtra,Tejaswini Jadhav,9071291660,2026-10-06,"BMI 22.3, normal"
P-0480,Rakesh Thakur,40,male,7507594438,rakesh.thakur480@example.in,A+,"Shop 276, Model Colony, Uppalwadi",Uppalwadi,440026,Nagpur,Maharashtra,Prashant Mane,7252390358,2024-10-27,"BMI 26.6, obese; weight management advised"
P-0481,Amit Waghmare,41,male,8358170238,amit.waghmare481@example.in,B+,"Flat 421, Krishna Nagar, MIDC Road",MIDC Road,413972,Solapur,Maharashtra,Sagar Kulkarni,9812722963,2024-10-26,"BMI 28.3, obese; weight management advised"
P-0482,Nandini Gaikwad,47,female,8237351876,nandini.gaikwad482@example.in,A+,"46, Model Colony, Ring Road",Ring Road,411556,Pune,Maharashtra,Zoya Salunke,7856156483,2026-07-02,"BMI 27.1, obese; weight management advised"
P-0483,Aditya Kulkarni,10,male,8343335099,aditya.kulkarni483@example.in,O+,"Flat 105, Temple Street, Kuhi",Kuhi,441202,Kuhi,Maharashtra,Guardian Prachi Verma,9158883412,2025-12-04,"BMI 20.9, normal"
P-0484,Jayesh Chauhan,91,male,7612560632,jayesh.chauhan484@example.in,O+,"Flat 172, Ring Road, Bezonbagh",Bezonbagh,440014,Nagpur,Maharashtra,Usha Joshi,8109616877,2026-01-18,"BMI 26.4, obese; weight management advised; age-related review due"
P-0485,Ashish Sharma,37,male,9762772992,ashish.sharma485@example.in,O+,"Shop 459, Sai Nagar, Civil Lines",Civil Lines,425013,Jalgaon,Maharashtra,Nikhil Desai,9575469902,2024-08-04,"BMI 18.8, normal"
P-0486,Hemangi Waghmare,14,female,8850916216,hemangi.waghmare486@example.in,B+,"24, Model Colony, Temple Street",Temple Street,441374,Bhandara,Maharashtra,Father Manjula Rao,8484028849,2026-07-27,"BMI 22.2, normal"
P-0487,Sneha Gaikwad,7,female,7725030263,sneha.gaikwad487@example.in,B+,"Flat 448, Market Yard, Ring Road",Ring Road,422928,Nashik,Maharashtra,Mother Neha Joshi,8384041202,2024-10-26,"BMI 20.6, normal"
P-0488,Ankita Bhosale,83,female,7750191042,ankita.bhosale488@example.in,B+,"Shop 254, Model Colony, Market Yard",Market Yard,441734,Bhandara,Maharashtra,Yogita Thakur,8583309466,2024-06-12,"BMI 23.5, overweight; weight management advised; age-related review due"
P-0489,Piyush Sharma,75,male,9135317893,piyush.sharma489@example.in,B+,"56, Main Road, Dattawadi",Dattawadi,440023,Nagpur,Maharashtra,Ola Desai,7063908931,2025-06-14,"BMI 29.1, obese; weight management advised; age-related review due"
P-0490,Umesh Gaikwad,42,male,9264894449,umesh.gaikwad490@example.in,O+,"Shop 195, MIDC Road, MIDC Road",MIDC Road,416969,Kolhapur,Maharashtra,Swati Gaikwad,8726437624,2024-03-22,"BMI 22.7, normal"
P-0491,Ola Kamble,28,female,8382659375,ola.kamble491@example.in,A+,"Flat 429, Sai Nagar, Saoner",Saoner,441107,Saoner,Maharashtra,Deepa Pawar,8226377361,2026-05-05,"BMI 24.6, overweight; weight management advised"
P-0492,Vandana Sharma,44,female,8335523318,vandana.sharma492@example.in,B+,"Flat 322, Shivaji Nagar, Jaitala",Jaitala,440036,Nagpur,Maharashtra,Yogesh Dixit,9699468492,2025-04-07,"BMI 19.3, normal"
P-0493,Prashant Salunke,14,male,9855126391,prashant.salunke493@example.in,A+,"Shop 473, MIDC Road, Krishna Nagar",Krishna Nagar,422848,Nashik,Maharashtra,Guardian Ira Reddy,7402691235,2024-06-27,"BMI 25.0, overweight; weight management advised"
P-0494,Nikita Rao,2,female,7924750898,nikita.rao494@example.in,A+,"42, Sai Nagar, Jaitala",Jaitala,440036,Nagpur,Maharashtra,Mother Ola Pawar,9133523350,2025-08-09,"BMI 16.3, underweight"
P-0495,Nandini Joshi,23,female,7583064896,nandini.joshi495@example.in,O+,"33, Market Yard, BESA Road",BESA Road,440037,Nagpur,Maharashtra,Nikhil Verma,8027074702,2026-11-09,"BMI 16.5, underweight"
P-0496,Prashant Thakur,56,male,9344077579,prashant.thakur496@example.in,B+,"19, Civil Lines, Nehru Nagar",Nehru Nagar,431629,Aurangabad,Maharashtra,Sachin Ghosh,9910961520,2026-03-06,"BMI 21.6, normal"
P-0497,Santosh Deshmukh,9,male,7984478819,santosh.deshmukh497@example.in,B+,"Shop 485, Station Road, Mahal",Mahal,440032,Nagpur,Maharashtra,Mother Meera Patel,7905236984,2024-08-19,"BMI 21.2, normal"
P-0498,Sonal Yadav,77,female,7353640616,sonal.yadav498@example.in,A+,"Flat 274, Model Colony, Sai Nagar",Sai Nagar,441385,Bhandara,Maharashtra,Chitra Menon,9351691061,2025-06-26,"BMI 26.5, obese; weight management advised; age-related review due"
P-0499,Pooja Pawar,87,female,8059746269,pooja.pawar499@example.in,B-,"Flat 324, Temple Street, Shivaji Nagar",Shivaji Nagar,400002,Mumbai,Maharashtra,Usha Joshi,8229153640,2024-09-14,"BMI 25.2, obese; weight management advised; age-related review due"
P-0500,Harsh Rao,58,male,8873802356,harsh.rao500@example.in,B+,"Shop 323, Temple Street, Main Road",Main Road,400243,Mumbai,Maharashtra,Rohan Joshi,8988597551,2026-07-24,"BMI 28.1, obese; weight management advised"
P-0501,Nikita Dixit,54,female,9997371892,nikita.dixit501@example.in,A+,"Shop 341, Temple Street, Nehru Nagar",Nehru Nagar,441607,Bhandara,Maharashtra,Tarun Mehta,8717127421,2026-09-18,"BMI 21.7, normal"
P-0502,Sagar Patil,63,male,9383356551,sagar.patil502@example.in,O+,"21, Main Road, Station Road",Station Road,416017,Kolhapur,Maharashtra,Chitra Yadav,7891373777,2025-01-24,"BMI 21.9, normal; age-related review due"
P-0503,Meera Shah,16,female,9776244542,meera.shah503@example.in,O+,"23, Temple Street, Main Road",Main Road,411313,Pune,Maharashtra,Mother Kunal Thakur,8211627183,2024-12-15,"BMI 24.4, overweight; weight management advised"
P-0504,Sachin Gaikwad,5,male,7187073456,sachin.gaikwad504@example.in,B+,"Flat 485, Krishna Nagar, Nehru Nagar",Nehru Nagar,422080,Nashik,Maharashtra,Father Priya Thakur,9758613245,2024-03-20,"BMI 18.1, underweight"
P-0505,Aditya Chauhan,13,male,7181750990,aditya.chauhan505@example.in,B+,"Shop 453, Shivaji Nagar, Temple Street",Temple Street,431021,Aurangabad,Maharashtra,Mother Falguni Pawar,7880232600,2024-10-03,"BMI 28.2, obese; weight management advised"
P-0506,Vivek Iyer,25,male,7183881701,vivek.iyer506@example.in,O+,"24, MIDC Road, Jaitala",Jaitala,440036,Nagpur,Maharashtra,Naresh Gaikwad,7794213347,2024-03-14,"BMI 23.7, overweight; weight management advised"
P-0507,Jaya Desai,16,female,9943286508,jaya.desai507@example.in,O+,"Flat 364, Sai Nagar, Imamwada",Imamwada,440003,Nagpur,Maharashtra,Father Nikhil Rao,9674215370,2025-01-18,"BMI 23.3, overweight; weight management advised"
P-0508,Ira Pawar,71,female,9686547910,ira.pawar508@example.in,O+,"2, Shivaji Nagar, Khamla",Khamla,440025,Nagpur,Maharashtra,Prashant Jadhav,7572932907,2025-08-19,"BMI 25.4, obese; weight management advised; age-related review due"
P-0509,Dinesh Joshi,33,male,7408736674,dinesh.joshi509@example.in,O+,"Flat 276, Shivaji Nagar, Khamla",Khamla,440025,Nagpur,Maharashtra,Sneha Kamble,8307492078,2025-06-09,"BMI 18.6, normal"
P-0510,Falguni Rao,39,female,7827759217,falguni.rao510@example.in,AB+,"Flat 354, Market Yard, Hingna",Hingna,441110,Hingna,Maharashtra,Prachi Deshmukh,7989516193,2025-11-02,"BMI 22.2, normal"
P-0511,Kiran Reddy,5,female,9409394811,kiran.reddy511@example.in,A+,"45, Civil Lines, Temple Street",Temple Street,425353,Jalgaon,Maharashtra,Guardian Satish Khan,8534051840,2026-11-26,"BMI 19.6, normal"
P-0512,Nitin Dixit,89,male,9223218080,nitin.dixit512@example.in,O+,"Shop 150, Civil Lines, Ganjipeth",Ganjipeth,440018,Nagpur,Maharashtra,Deepa Ghosh,8972084935,2024-04-05,"BMI 27.3, obese; weight management advised; age-related review due"
P-0513,Ola Desai,24,female,7870927335,ola.desai513@example.in,A+,"16, Ring Road, Station Road",Station Road,441136,Bhandara,Maharashtra,Sameer Menon,7352569005,2024-11-02,"BMI 29.2, obese; weight management advised"
P-0514,Ranjana Verma,43,female,7694101616,ranjana.verma514@example.in,B+,"Flat 237, Shivaji Nagar, Temple Street",Temple Street,442697,Chandrapur,Maharashtra,Amol Deshmukh,7582802275,2025-12-01,"BMI 18.6, normal"
P-0515,Nikhil Mehta,44,male,8544809327,nikhil.mehta515@example.in,AB+,"Flat 325, Officers Colony, Sadar Bazar",Sadar Bazar,440001,Nagpur,Maharashtra,Nikita Kulkarni,9345969878,2026-06-28,"BMI 21.2, normal"
P-0516,Ganesh Thakur,47,male,9614551608,ganesh.thakur516@example.in,O+,"Flat 145, Market Yard, Dattawadi",Dattawadi,440023,Nagpur,Maharashtra,Sonal Kulkarni,8037552416,2024-02-11,"BMI 27.8, obese; weight management advised"
P-0517,Amol Salunke,37,male,7777836223,amol.salunke517@example.in,AB+,"Shop 322, Station Road, Mankapur",Mankapur,440030,Nagpur,Maharashtra,Bhavana Rao,7336754569,2026-03-10,"BMI 26.4, obese; weight management advised"
P-0518,Zoya Jadhav,56,female,7761243023,zoya.jadhav518@example.in,A+,"Flat 400, College Road, Khamla",Khamla,440025,Nagpur,Maharashtra,Ira Yadav,8303246075,2024-06-14,"BMI 31.1, obese; weight management advised"
P-0519,Ekta Deshmukh,79,female,9282208091,ekta.deshmukh519@example.in,A+,"15, Officers Colony, Ring Road",Ring Road,411244,Pune,Maharashtra,Prachi Ghosh,9004802658,2025-01-24,"BMI 22.7, normal; age-related review due"
P-0520,Manjula Gaikwad,0,female,9331107994,manjula.gaikwad520@example.in,AB+,"Flat 118, Market Yard, Gandhi Marg",Gandhi Marg,400809,Mumbai,Maharashtra,Father Kiran Gaikwad,9883887641,2025-11-05,"BMI 14.4, underweight"
P-0521,Meera Kamble,67,female,7457258794,meera.kamble521@example.in,O+,"Shop 163, Officers Colony, Ring Road",Ring Road,444839,Amravati,Maharashtra,Gaurav Joshi,7061549045,2026-08-22,"BMI 28.8, obese; weight management advised; age-related review due"
P-0522,Hemangi Nair,7,female,9702490514,hemangi.nair522@example.in,A+,"Flat 240, Officers Colony, Officers Colony",Officers Colony,416332,Kolhapur,Maharashtra,Mother Manjula Iyer,7033306079,2025-03-23,"BMI 22.6, normal"
P-0523,Santosh Salunke,53,male,9465269115,santosh.salunke523@example.in,O+,"Flat 147, Nehru Nagar, Shivaji Nagar",Shivaji Nagar,413117,Solapur,Maharashtra,Aditya Sharma,9411201297,2026-08-17,"BMI 24.4, overweight; weight management advised"
P-0524,Mukesh Waghmare,49,male,8620671421,mukesh.waghmare524@example.in,B+,"40, Main Road, MIDC Area",MIDC Area,440016,Nagpur,Maharashtra,Nilesh Patil,7365182847,2024-11-11,"BMI 29.3, obese; weight management advised"
P-0525,Vandana Mehta,52,female,7389275533,vandana.mehta525@example.in,B+,"59, MIDC Road, Gandhi Marg",Gandhi Marg,442859,Chandrapur,Maharashtra,Priya Iyer,9833363534,2025-09-07,"BMI 26.6, obese; weight management advised"
P-0526,Bhavana Joshi,69,female,7931022245,bhavana.joshi526@example.in,B+,"10, Nehru Nagar, Krishna Nagar",Krishna Nagar,411444,Pune,Maharashtra,Nikhil Thakur,7103273861,2025-06-14,"BMI 18.3, underweight; age-related review due"
P-0527,Anjali Gupta,14,female,8945530597,anjali.gupta527@example.in,B+,"Flat 461, Shivaji Nagar, Katol",Katol,441103,Katol,Maharashtra,Mother Prachi Bhagat,7012026316,2025-08-02,"BMI 18.2, underweight"
P-0528,Satish Mehta,24,male,7923379553,satish.mehta528@example.in,O+,"14, College Road, Officers Colony",Officers Colony,411731,Pune,Maharashtra,Jaya Mehta,9395641228,2024-02-24,"BMI 22.6, normal"
P-0529,Bhagyashree Joshi,58,female,9970662679,bhagyashree.joshi529@example.in,B+,"Flat 107, Model Colony, Main Road",Main Road,422558,Nashik,Maharashtra,Vijay Khan,7525500668,2026-05-17,"BMI 25.9, obese; weight management advised"
P-0530,Neha Menon,13,female,8354297618,neha.menon530@example.in,AB+,"Shop 259, Civil Lines, Jaitala",Jaitala,440036,Nagpur,Maharashtra,Guardian Pooja Bhosale,8277746931,2025-07-17,"BMI 24.0, overweight; weight management advised"
P-0531,Lata Shah,27,female,9903433945,lata.shah531@example.in,B+,"Flat 486, Civil Lines, Airport Road",Airport Road,440005,Nagpur,Maharashtra,Tarun Khan,7842129419,2024-12-06,"BMI 27.2, obese; weight management advised"
P-0532,Manjula Gaikwad,38,female,7135972386,manjula.gaikwad532@example.in,O+,"Shop 184, Ring Road, Saoner",Saoner,441107,Saoner,Maharashtra,Nikhil Patil,9470366432,2026-12-17,"BMI 30.0, obese; weight management advised"
P-0533,Neha Yadav,8,female,7971134709,neha.yadav533@example.in,A+,"Flat 408, Sai Nagar, Temple Street",Temple Street,425671,Jalgaon,Maharashtra,Father Meera Desai,8244357733,2024-09-02,"BMI 18.5, normal"
P-0534,Neha Rane,89,female,9551653535,neha.rane534@example.in,O+,"Flat 456, Krishna Nagar, Officers Colony",Officers Colony,431082,Aurangabad,Maharashtra,Piyush Joshi,9832103882,2024-04-11,"BMI 21.9, normal; age-related review due"
P-0535,Abhishek Iyer,65,male,8821555429,abhishek.iyer535@example.in,B+,"Shop 497, Gandhi Marg, Katol",Katol,441103,Katol,Maharashtra,Kavita Mane,7427241314,2025-12-21,"BMI 23.7, overweight; weight management advised; age-related review due"
P-0536,Anil Kamble,32,male,9140000012,anil.kamble536@example.in,B+,"9, Shivaji Nagar, MIDC Road",MIDC Road,411188,Pune,Maharashtra,Pooja Chavan,9967620094,2024-10-22,"BMI 25.7, obese; weight management advised"
P-0537,Lata Waghmare,3,female,7784934711,lata.waghmare537@example.in,B+,"Shop 195, Main Road, Narendra Nagar",Narendra Nagar,440015,Nagpur,Maharashtra,Guardian Kiran Sharma,7104992673,2026-05-06,"BMI 23.4, overweight; weight management advised"
P-0538,Ola Khan,3,female,8725352465,ola.khan538@example.in,B+,"Flat 271, Station Road, Station Road",Station Road,442035,Chandrapur,Maharashtra,Mother Zoya Chavan,8369559483,2025-03-11,"BMI 18.2, underweight"
P-0539,Lata Gaikwad,6,female,8630684945,lata.gaikwad539@example.in,B+,"Shop 124, Krishna Nagar, University Campus",University Campus,440033,Nagpur,Maharashtra,Guardian Amit Gupta,8824972579,2024-01-26,"BMI 20.6, normal"
P-0540,Sumit Reddy,19,male,7006872456,sumit.reddy540@example.in,AB+,"Shop 491, Krishna Nagar, Borgaon Road",Borgaon Road,440013,Nagpur,Maharashtra,Yogesh Rao,7757554704,2025-05-09,"BMI 23.7, overweight; weight management advised"
P-0541,Vikram Mane,47,male,9825374573,vikram.mane541@example.in,A+,"Shop 436, College Road, Model Colony",Model Colony,400529,Mumbai,Maharashtra,Ranjana Waghmare,9930350315,2025-05-19,"BMI 29.4, obese; weight management advised"
P-0542,Sumit Patel,22,male,7394000775,sumit.patel542@example.in,A-,"Flat 411, Civil Lines, MIDC Road",MIDC Road,431163,Aurangabad,Maharashtra,Nandini Kamble,9129575370,2024-06-07,"BMI 20.1, normal"
P-0543,Chitra Khan,10,female,8369021841,chitra.khan543@example.in,O+,"Shop 487, College Road, Krishna Nagar",Krishna Nagar,416837,Kolhapur,Maharashtra,Father Meera Bhagat,7538371527,2026-04-23,"BMI 19.2, normal"
P-0544,Mukesh Joshi,56,male,8275833333,mukesh.joshi544@example.in,O+,"Shop 316, Sai Nagar, Ring Road",Ring Road,413801,Solapur,Maharashtra,Sumit Menon,9426034141,2024-03-12,"BMI 22.9, normal"
P-0545,Neha Kamble,49,female,8826173171,neha.kamble545@example.in,O+,"47, Temple Street, Shivaji Nagar",Shivaji Nagar,425362,Jalgaon,Maharashtra,Tejaswini Gupta,9469787198,2024-01-24,"BMI 25.9, obese; weight management advised"
P-0546,Ashish Mehta,6,male,7559451415,ashish.mehta546@example.in,O+,"15, Market Yard, Jaitala",Jaitala,440036,Nagpur,Maharashtra,Father Tarun Reddy,7296211529,2026-08-05,"BMI 18.7, normal"
P-0547,Lalit Jadhav,46,male,8715550348,lalit.jadhav547@example.in,A+,"Shop 302, Officers Colony, Ring Road",Ring Road,441011,Bhandara,Maharashtra,Yogita Gupta,9861613630,2024-04-23,"BMI 22.7, normal"
P-0548,Jaya Bhagat,11,female,8155801977,jaya.bhagat548@example.in,A+,"36, Shivaji Nagar, Uppalwadi",Uppalwadi,440026,Nagpur,Maharashtra,Guardian Priya Reddy,9424720697,2025-03-21,"BMI 19.8, normal"
P-0549,Naresh Yadav,56,male,9118008964,naresh.yadav549@example.in,O+,"3, Sai Nagar, Krishna Nagar",Krishna Nagar,431526,Aurangabad,Maharashtra,Ritu Rao,7193538686,2026-02-09,"BMI 22.2, normal"
P-0550,Satish Dixit,82,male,7991066539,satish.dixit550@example.in,AB-,"Shop 291, Nehru Nagar, College Road",College Road,422025,Nashik,Maharashtra,Mahesh Menon,9680257161,2024-01-07,"BMI 23.1, overweight; weight management advised; age-related review due"
P-0551,Zoya Verma,7,female,7337543393,zoya.verma551@example.in,A+,"Flat 434, Market Yard, Model Colony",Model Colony,422620,Nashik,Maharashtra,Guardian Zoya Menon,7992097437,2025-12-10,"BMI 17.7, underweight"
P-0552,Nikita Menon,35,female,7152229396,nikita.menon552@example.in,A+,"14, Officers Colony, Nehru Nagar",Nehru Nagar,413184,Solapur,Maharashtra,Ekta Dixit,9922688729,2024-12-14,"BMI 18.7, normal"
P-0553,Ritu Rane,7,female,9647487555,ritu.rane553@example.in,B+,"59, Nehru Nagar, Vayusena Nagar",Vayusena Nagar,440007,Nagpur,Maharashtra,Guardian Tarun Pawar,8759508455,2025-01-22,"BMI 19.3, normal"
P-0554,Trupti Kamble,5,female,8383780051,trupti.kamble554@example.in,B+,"Shop 449, Gandhi Marg, Borgaon Road",Borgaon Road,440013,Nagpur,Maharashtra,Father Amol Joshi,7560961020,2024-01-18,"BMI 21.9, normal"
P-0555,Prashant Waghmare,66,male,8455490095,prashant.waghmare555@example.in,A+,"5, Shivaji Nagar, Sadar Bazar",Sadar Bazar,440001,Nagpur,Maharashtra,Zoya Thakur,8349985601,2025-05-22,"BMI 20.1, normal; age-related review due"
P-0556,Ira Iyer,84,female,9092098706,ira.iyer556@example.in,B+,"Flat 425, Temple Street, Sai Nagar",Sai Nagar,411968,Pune,Maharashtra,Lata Mane,9025607802,2026-01-27,"BMI 23.1, overweight; weight management advised; age-related review due"
P-0557,Zoya Pawar,72,female,9039390462,zoya.pawar557@example.in,A+,"7, Gandhi Marg, College Road",College Road,422730,Nashik,Maharashtra,Abhishek Bhosale,7780320399,2024-12-19,"BMI 18.7, normal; age-related review due"
P-0558,Harsh Menon,13,male,8252484455,harsh.menon558@example.in,B+,"Shop 281, Sai Nagar, Krishna Nagar",Krishna Nagar,422133,Nashik,Maharashtra,Guardian Suresh Chauhan,7091901524,2025-07-10,"BMI 23.6, overweight; weight management advised"
P-0559,Sagar Verma,11,male,9386600264,sagar.verma559@example.in,B+,"58, Station Road, Bezonbagh",Bezonbagh,440014,Nagpur,Maharashtra,Father Vivek Bhosale,7940971019,2025-06-01,"BMI 19.9, normal"
P-0560,Amol Gaikwad,35,male,9928689151,amol.gaikwad560@example.in,O+,"9, Market Yard, Panchsheel Nagar",Panchsheel Nagar,440017,Nagpur,Maharashtra,Ranjana Mane,9697741220,2025-12-11,"BMI 28.0, obese; weight management advised"
P-0561,Prachi Patil,46,female,9307506059,prachi.patil561@example.in,B+,"47, Temple Street, Temple Street",Temple Street,411237,Pune,Maharashtra,Tejaswini Chauhan,7032080639,2024-02-09,"BMI 25.0, overweight; weight management advised"
P-0562,Dinesh Salunke,22,male,8537829991,dinesh.salunke562@example.in,A+,"Shop 453, Model Colony, Bagadganj",Bagadganj,440008,Nagpur,Maharashtra,Vijay Joshi,7863419352,2025-05-11,"BMI 19.3, normal"
P-0563,Amol Chavan,16,male,8230898602,amol.chavan563@example.in,O+,"24, Market Yard, College Road",College Road,431209,Aurangabad,Maharashtra,Guardian Aditya Patel,9667784931,2024-11-23,"BMI 16.5, underweight"
P-0564,Sonal Joshi,90,female,8556105268,sonal.joshi564@example.in,AB+,"Shop 372, College Road, Ganjipeth",Ganjipeth,440018,Nagpur,Maharashtra,Yogita Joshi,7424273705,2024-10-02,"BMI 25.8, obese; weight management advised; age-related review due"
P-0565,Priya Mehta,35,female,7551390349,priya.mehta565@example.in,A+,"Shop 401, Station Road, Station Road",Station Road,425873,Jalgaon,Maharashtra,Anjali Dixit,7324531784,2026-09-04,"BMI 30.3, obese; weight management advised"
P-0566,Jayesh Mehta,43,male,7489109139,jayesh.mehta566@example.in,B+,"8, Nehru Nagar, Nehru Nagar",Nehru Nagar,441381,Bhandara,Maharashtra,Trupti Menon,9536719937,2024-09-06,"BMI 17.8, underweight"
P-0567,Kunal Patil,89,male,8401232356,kunal.patil567@example.in,O+,"Shop 133, Shivaji Nagar, Pipla",Pipla,440034,Nagpur,Maharashtra,Aditya Patil,7827106483,2026-12-12,"BMI 25.7, obese; weight management advised; age-related review due"
P-0568,Sagar Verma,15,male,7407816471,sagar.verma568@example.in,AB-,"Shop 334, Market Yard, Civil Lines",Civil Lines,413250,Solapur,Maharashtra,Guardian Ranjana Chavan,7491847722,2026-06-18,"BMI 22.0, normal"
P-0569,Manjula Desai,91,female,7841756369,manjula.desai569@example.in,O+,"Flat 354, Market Yard, MIDC Road",MIDC Road,441254,Bhandara,Maharashtra,Deepa Yadav,9047284971,2024-01-28,"BMI 22.3, normal; age-related review due"
P-0570,Tejaswini Menon,44,female,8003543802,tejaswini.menon570@example.in,AB+,"Flat 173, Civil Lines, Gandhi Marg",Gandhi Marg,400660,Mumbai,Maharashtra,Vaishali Ghosh,7856372034,2026-09-10,"BMI 21.3, normal"
P-0571,Yogesh Dixit,15,male,8298597889,yogesh.dixit571@example.in,O+,"Shop 338, Sai Nagar, Bezonbagh",Bezonbagh,440014,Nagpur,Maharashtra,Guardian Yogesh Pawar,7633918427,2024-07-14,"BMI 21.6, normal"
P-0572,Ola Mane,32,female,7102745098,ola.mane572@example.in,O+,"Shop 239, Main Road, Model Colony",Model Colony,441780,Bhandara,Maharashtra,Nandini Sharma,7953701964,2025-07-27,"BMI 18.8, normal"
P-0573,Sagar Joshi,76,male,7936446593,sagar.joshi573@example.in,A+,"Shop 403, Nehru Nagar, Main Road",Main Road,411514,Pune,Maharashtra,Rahul Sharma,9757957855,2025-11-03,"BMI 18.4, underweight; age-related review due"
P-0574,Piyush Pawar,53,male,7505382530,piyush.pawar574@example.in,A+,"Flat 489, Main Road, Pipla",Pipla,440034,Nagpur,Maharashtra,Vijay Mehta,8986255089,2025-03-20,"BMI 22.7, normal"
P-0575,Zoya Salunke,57,female,7280074553,zoya.salunke575@example.in,O+,"Flat 454, Nehru Nagar, Civil Lines",Civil Lines,425804,Jalgaon,Maharashtra,Ritu Desai,7636836242,2025-08-25,"BMI 20.3, normal"
P-0576,Amol Nair,29,male,8289542761,amol.nair576@example.in,B+,"31, Market Yard, Sai Nagar",Sai Nagar,425620,Jalgaon,Maharashtra,Pankaj Thakur,8262142544,2025-01-10,"BMI 26.9, obese; weight management advised"
P-0577,Satish Kamble,17,male,8998113580,satish.kamble577@example.in,O+,"Shop 437, Market Yard, Mahal",Mahal,440032,Nagpur,Maharashtra,Mother Dinesh Desai,8914609774,2024-03-21,"BMI 31.3, obese; weight management advised"
P-0578,Nandini Ghosh,23,female,9873488324,nandini.ghosh578@example.in,B+,"Flat 123, Gandhi Marg, MIDC Road",MIDC Road,444263,Amravati,Maharashtra,Nitin Kulkarni,7154916262,2025-10-10,"BMI 27.0, obese; weight management advised"
P-0579,Aditya Jadhav,90,male,8378551585,aditya.jadhav579@example.in,B+,"Shop 447, College Road, Ring Road",Ring Road,444235,Amravati,Maharashtra,Satish Waghmare,8726480108,2024-09-16,"BMI 24.1, overweight; weight management advised; age-related review due"
P-0580,Pooja Chauhan,46,female,7480287075,pooja.chauhan580@example.in,O+,"Shop 200, Station Road, Market Yard",Market Yard,411342,Pune,Maharashtra,Manoj Mehta,8532110322,2024-05-23,"BMI 24.6, overweight; weight management advised"
P-0581,Tejaswini Mehta,67,female,7945428109,tejaswini.mehta581@example.in,AB+,"Shop 143, Model Colony, Main Road",Main Road,431573,Aurangabad,Maharashtra,Jaya Mehta,7011929871,2026-07-23,"BMI 24.7, overweight; weight management advised; age-related review due"
P-0582,Ola Ghosh,26,female,9676006673,ola.ghosh582@example.in,AB+,"Shop 362, Market Yard, Model Colony",Model Colony,411347,Pune,Maharashtra,Umesh Desai,9363286284,2026-10-19,"BMI 22.8, normal"
P-0583,Ashish Bhagat,67,male,9155206916,ashish.bhagat583@example.in,B+,"52, Market Yard, Jaitala",Jaitala,440036,Nagpur,Maharashtra,Mahesh Kulkarni,9218299844,2026-07-27,"BMI 25.3, obese; weight management advised; age-related review due"
P-0584,Manoj Gupta,53,male,9575656727,manoj.gupta584@example.in,B+,"29, Shivaji Nagar, Dattawadi",Dattawadi,440023,Nagpur,Maharashtra,Mahesh Yadav,8452437045,2025-02-11,"BMI 26.4, obese; weight management advised"
P-0585,Zoya Kamble,20,female,9132917415,zoya.kamble585@example.in,O+,"Flat 322, MIDC Road, Mahal",Mahal,440032,Nagpur,Maharashtra,Anil Mane,8123398143,2024-10-07,"BMI 25.9, obese; weight management advised"
P-0586,Vivek Verma,28,male,8214681074,vivek.verma586@example.in,O+,"Flat 306, Officers Colony, Krishna Nagar",Krishna Nagar,444909,Amravati,Maharashtra,Yogita Kulkarni,8580648094,2026-11-09,"BMI 26.4, obese; weight management advised"
P-0587,Alok Mehta,48,male,9191023078,alok.mehta587@example.in,O+,"Shop 366, Gandhi Marg, Gandhi Marg",Gandhi Marg,400842,Mumbai,Maharashtra,Vikram Joshi,7468928817,2024-02-05,"BMI 16.5, underweight"
P-0588,Rakesh Deshmukh,54,male,7953118745,rakesh.deshmukh588@example.in,O+,"Flat 186, Market Yard, College Road",College Road,400151,Mumbai,Maharashtra,Asha Dixit,8721358597,2024-11-02,"BMI 20.7, normal"
P-0589,Mahesh Yadav,22,male,7034817108,mahesh.yadav589@example.in,B+,"50, Officers Colony, Civil Lines",Civil Lines,422289,Nashik,Maharashtra,Asha Khan,9888410516,2026-04-22,"BMI 16.6, underweight"
P-0590,Vivek Kamble,10,male,8907665918,vivek.kamble590@example.in,B+,"Shop 230, MIDC Road, Shivaji Nagar",Shivaji Nagar,431449,Aurangabad,Maharashtra,Guardian Hemangi Chauhan,8007040997,2026-11-17,"BMI 20.9, normal"
P-0591,Anjali Mehta,11,female,8881272891,anjali.mehta591@example.in,AB-,"Shop 140, Market Yard, Khamla",Khamla,440025,Nagpur,Maharashtra,Mother Sneha Sharma,9733037615,2025-01-01,"BMI 20.7, normal"
P-0592,Sachin Nair,10,male,9883957011,sachin.nair592@example.in,A+,"Flat 122, College Road, Main Road",Main Road,400378,Mumbai,Maharashtra,Father Deepa Yadav,8982100917,2024-04-23,"BMI 19.1, normal"
P-0593,Rajesh Patel,73,male,9230735816,rajesh.patel593@example.in,A+,"Shop 254, Gandhi Marg, Ring Road",Ring Road,425913,Jalgaon,Maharashtra,Sneha Kamble,9832182691,2025-11-19,"BMI 25.5, obese; weight management advised; age-related review due"
P-0594,Gayatri Mehta,52,female,8495328673,gayatri.mehta594@example.in,B+,"Shop 238, Ring Road, Bezonbagh",Bezonbagh,440014,Nagpur,Maharashtra,Amol Bhagat,9824350135,2026-10-18,"BMI 24.2, overweight; weight management advised"
P-0595,Vikram Singh,36,male,8051469627,vikram.singh595@example.in,B+,"Shop 284, Civil Lines, Civil Lines",Civil Lines,416890,Kolhapur,Maharashtra,Suresh Rao,8552420485,2026-02-03,"BMI 28.0, obese; weight management advised"
P-0596,Jaya Pawar,78,female,7925423215,jaya.pawar596@example.in,B+,"43, Sai Nagar, Uppalwadi",Uppalwadi,440026,Nagpur,Maharashtra,Piyush Iyer,9664222112,2026-04-06,"BMI 20.9, normal; age-related review due"
P-0597,Gaurav Patil,40,male,8202952566,gaurav.patil597@example.in,B+,"Flat 357, Krishna Nagar, Imamwada",Imamwada,440003,Nagpur,Maharashtra,Bhagyashree Kamble,9434270595,2024-03-25,"BMI 23.2, overweight; weight management advised"
P-0598,Mahesh Joshi,25,male,7508392674,mahesh.joshi598@example.in,AB+,"56, Ring Road, Sadar Bazar",Sadar Bazar,440001,Nagpur,Maharashtra,Prakash Pawar,7843554569,2024-09-25,"BMI 25.1, obese; weight management advised"
P-0599,Aditi Gupta,2,female,7496705629,aditi.gupta599@example.in,O+,"Shop 416, Station Road, Katol",Katol,441103,Katol,Maharashtra,Guardian Usha Salunke,9278026459,2026-04-23,"BMI 16.7, underweight"
P-0600,Nikhil Waghmare,50,male,9585225268,nikhil.waghmare600@example.in,A+,"Shop 343, Ring Road, MIDC Road",MIDC Road,441046,Bhandara,Maharashtra,Aarav Gupta,9847355084,2025-07-11,"BMI 21.8, normal"
