visit_id,patient_id,doctor_id,hospital_id,scheduled_date,scheduled_time,checked_in_at,duration_minutes,reason,symptoms,diagnosis,severity,vitals_bp,vitals_pulse,vitals_temp,vitals_spo2,vitals_weight,vitals_height,follow_up_days,status,notes
V-0001,P-0001,D-0001,H-0002,2026-01-12,09:30,09:12,18,Routine blood pressure review,itching|blisters,Varicella [chickenpox],moderate,152/96,78,36.8,97,78,174,90,Staged,
V-0002,P-0003,D-0003,H-0001,2026-02-02,10:00,09:48,22,Excessive thirst and frequent urination,breathlessness on exertion|palpitations|chest pain,Angina pectoris,high,138/88,84,37.0,98,84,172,30,Active,Likely needs urinalysis
V-0003,P-0002,D-0008,H-0006,2026-01-18,18:00,17:52,12,Sore throat and runny nose,back pain|morning stiffness|lower back pain|body ache,Dorsalgia,low,118/76,72,37.2,99,54,162,14,Resolved,No antibiotics indicated
V-0004,P-0004,D-0003,H-0001,2026-02-14,11:00,10:41,25,Cold intolerance and weight gain,swelling of feet|itching|redness,Other local infections of skin and subcutaneous tissue,moderate,124/80,68,36.3,98,66,160,90,Active,TSH ordered
V-0005,P-0005,D-0004,H-0004,2026-03-01,10:30,10:22,15,Cough with wheezing since last night,diarrhoea|abdominal pain|nausea,"Infectious gastroenteritis and colitis, unspecified",moderate,106/68,96,36.9,95,22,118,30,Active,Inhaler for school
V-0006,P-0006,D-0008,H-0006,2026-03-09,19:00,18:47,14,Vomiting and loose motions,stiffness|lower back pain|back pain,Dorsalgia,moderate,112/70,88,37.3,97,58,161,7,Resolved,ORS advised
V-0007,P-0007,D-0002,H-0001,2026-02-20,10:00,09:55,30,Chest pain on exertion,fatigue|cold sweat|breathlessness on exertion|palpitations|chest pain,Angina pectoris,high,166/102,104,36.7,94,80,170,,Staged,ECG normal
V-0008,P-0008,D-0007,H-0003,2026-04-02,12:00,11:38,18,Recurring headache with light sensitivity,headache|fever|sore throat|difficulty swallowing,Acute tonsillitis,moderate,114/74,76,36.8,99,52,163,,Active,Triptan advised
V-0009,P-0003,D-0003,H-0001,2026-03-02,10:00,09:52,20,Three month diabetes review,upper abdominal pain|nausea|passing blood in urine|fever|vomiting,Calculus of kidney and ureter,high,142/90,86,36.9,98,82,172,90,Active,Improving on metformin
V-0010,P-0001,D-0001,H-0002,2026-02-09,09:30,09:26,16,Persistent dizziness,fever|joint swelling|joint pain|fatigue,Other rheumatoid arthritis,moderate,148/94,80,36.9,97,78,174,90,Resolved,Blood pressure improving
V-0011,P-0004,D-0003,H-0001,2026-03-20,11:00,10:44,18,Six week thyroid review,swelling of feet|fever|redness|breast lump,Inflammatory disorders of breast,moderate,122/78,70,36.2,98,65,160,90,Active,Dose unchanged
V-0012,P-0007,D-0010,H-0001,2026-03-15,10:00,09:44,35,Reduced urine output and ankle swelling,lower abdominal pain|fever|urinary urgency|frequent urination|painful urination,Other disorders of urinary system,high,158/98,92,36.6,96,82,170,14,Staged,Creatinine raised
V-0013,P-0005,D-0004,H-0004,2026-04-11,10:30,10:26,12,Sports day wheeze review,headache|high fever|nausea|rash,Dengue fever [classical dengue],low,104/66,92,36.8,96,23,119,180,Active,Triggered by dust
V-0014,P-0002,D-0004,H-0004,2026-04-18,11:00,10:51,13,Ankle sprain,poor concentration|sleep disturbance|low mood|loss of appetite,Depressive episode,low,120/78,74,36.9,99,55,161,7,Resolved,Rest and ice advised
V-0015,P-0003,D-0003,H-0001,2026-04-10,10:00,09:57,24,Blurred vision and weight loss,vomiting|constipation|fatigue|headache,Typhoid and paratyphoid fevers,high,140/86,88,37.0,97,80,172,30,Active,Retinopathy screening due
V-0016,P-0008,D-0007,H-0003,2026-05-02,12:00,11:47,15,Itchy rash on forearm,upper abdominal pain|difficulty swallowing|indigestion|heartburn,Gastro-esophageal reflux disease,low,116/74,80,37.1,99,52,163,14,Active,Topical steroid advised
V-0017,P-0006,D-0005,H-0008,2026-05-09,11:00,11:12,22,Irregular periods and fatigue,abdominal pain|diarrhoea|fever|nausea,Abdominal and pelvic pain,moderate,118/74,76,36.9,99,56,160,,Pending,Thyroid panel ordered
V-0018,P-0001,D-0001,H-0002,2026-04-18,09:30,09:28,14,Stable review,pimples|itching,Acne,low,138/86,76,36.8,97,77,174,180,Active,Blood pressure controlled
V-0019,P-0004,D-0009,H-0009,2026-05-16,09:30,09:24,16,Blurred vision near work,skin scaling|rash|redness,Psoriasis,low,122/78,70,36.8,99,66,160,,Resolved,Spectacles prescribed
V-0020,P-0007,D-0002,H-0001,2026-05-23,11:00,10:49,28,Follow-up cardiac review,headache|cough|runny nose,Acute upper respiratory infections of multiple and unspecified sites,high,150/94,96,36.6,95,81,170,30,Active,Holter advised
V-00021,P-0009,D-0414,H-0200,2026-06-14,16:00,15:05,20,Ear pain,joint pain|breathlessness on exertion,Overweight and obesity,high,100/62,63,37.5,95,95.0,170.0,,Active,
V-00022,P-0009,D-0491,H-0338,2026-08-17,19:30,19:10,60,Wheezing,sleep disturbance|chest tightness|cough|wheezing,Asthma,low,111/67,77,36.8,99,95.0,170.0,,Resolved,
V-00023,P-0009,D-0493,H-0500,2025-10-13,13:15,12:25,45,Knee pain,headache|constipation|high fever|fatigue,Typhoid and paratyphoid fevers,moderate,105/69,70,36.4,98,95.0,170.0,,Active,
V-00024,P-0010,D-0010,H-0001,2026-05-06,17:45,16:05,20,BP review,headache|runny nose|sore throat|cough,Acute upper respiratory infections of multiple and unspecified sites,moderate,124/82,63,37.2,94,47.7,157.4,90,Resolved,
V-00025,P-0010,D-0334,H-0270,2026-04-16,16:00,16:05,20,Swelling of feet,swelling of feet|redness,Other local infections of skin and subcutaneous tissue,moderate,128/83,67,37.3,97,47.7,157.4,,Staged,
V-00026,P-0010,D-0054,H-0295,2026-10-13,09:45,08:30,10,Fever and body ache,night sweats|breathlessness|weight loss|confusion|rigors,Miliary tuberculosis,low,135/86,75,37.1,94,47.7,157.4,,Active,
V-00027,P-0010,D-0163,H-0329,2026-10-20,11:15,11:20,25,Eye check-up,itching|redness|dry skin|skin scaling,Other and unspecified dermatitis,moderate,129/86,68,37.2,97,47.7,157.4,90,Active,
V-00028,P-0010,D-0410,H-0494,2025-06-07,18:30,18:30,15,Back pain,blurred vision|dizziness|neck pain|headache|nausea,Headache,moderate,132/88,72,37.1,99,47.7,157.4,90,Resolved,
V-00029,P-0010,D-0468,H-0341,2025-01-05,10:00,09:05,25,Chest tightness on exertion,wheezing|breathlessness|breathlessness on exertion|sleep disturbance|chest tightness,Asthma,moderate,136/89,76,36.5,94,47.7,157.4,30,Active,
V-00030,P-0010,D-0403,H-0063,2025-07-18,14:30,13:12,30,Thyroid review,dry skin|hair loss|constipation,Other hypothyroidism,low,126/80,65,37.0,100,47.7,157.4,7,Resolved,
V-00031,P-0010,D-0413,H-0124,2025-11-15,10:00,09:10,25,Burning urination,restlessness|poor concentration,Other anxiety disorders,moderate,133/80,72,36.7,95,47.7,157.4,7,Active,
V-00032,P-0011,D-0540,H-0369,2025-06-24,10:15,10:12,15,Skin rash,difficulty swallowing|swollen glands|fever|sore throat|headache,Acute tonsillitis,moderate,128/85,84,37.2,94,62.5,155.3,30,Resolved,
V-00033,P-0012,D-0439,H-0088,2026-02-08,10:00,09:15,25,Follow-up for medication,irritability|high fever,Measles,low,115/76,64,36.5,96,66.5,163.6,,Active,
V-00034,P-0012,D-0139,H-0006,2025-05-24,13:30,12:10,15,Post-operative review,upper abdominal pain|bloating|nausea|indigestion,Functional dyspepsia,severe,115/73,64,38.1,92,66.5,163.6,14,Active,
V-00035,P-0013,D-0433,H-0192,2026-07-03,09:30,09:00,,Fracture follow-up,tenderness|fatigue,Other disorders of muscle,high,112/74,73,37.3,97,47.8,146.3,90,Pending,
V-00036,P-0014,D-0313,H-0504,2026-04-20,10:30,09:25,15,Weight change,memory loss|fainting|weakness in one limb,Epilepsy and recurrent seizures,moderate,133/85,78,36.3,96,68.9,157.6,14,Active,
V-00037,P-0014,D-0247,H-0019,2026-03-10,16:45,15:25,,Irregular periods,body ache|high fever|vomiting,Typhoid and paratyphoid fevers,moderate,128/86,72,36.8,94,68.9,157.6,,Pending,
V-00038,P-0014,D-0362,H-0374,2025-05-05,12:15,11:00,45,Breathlessness on walking,facial pain|ear pain|difficulty swallowing|toothache|fever,Diseases of pulp and periapical tissues,low,124/78,67,37.0,96,68.9,157.6,,Active,
V-00039,P-0014,D-0049,H-0063,2026-11-14,19:30,19:15,60,Urinary urgency,fainting|seizure|weakness in one limb|memory loss|confusion,Epilepsy and recurrent seizures,severe,129/78,73,38.2,93,68.9,157.6,90,Active,
V-00040,P-0014,D-0041,H-0457,2026-06-05,18:00,18:20,45,Shoulder stiffness,rash|redness|dry skin|skin scaling,Other and unspecified dermatitis,low,124/80,67,36.9,96,68.9,157.6,90,Active,
V-00041,P-0015,D-0200,H-0465,2025-11-27,10:45,10:05,60,Headache,hoarseness|difficulty swallowing|fever|sore throat|ear pain,"Diseases of vocal cords and larynx, not elsewhere classified",high,125/76,91,38.4,96,50.2,161.6,14,Resolved,
V-00042,P-0015,D-0066,H-0501,2026-01-06,12:45,12:05,15,Fever,abdominal pain|high fever,Typhoid and paratyphoid fevers,moderate,114/68,75,36.8,97,50.2,161.6,90,Active,
V-00043,P-0015,D-0123,H-0160,2025-11-24,11:45,11:25,,Ankle swelling,dry skin|sleep disturbance|redness,Atopic dermatitis,moderate,126/78,93,38.0,99,50.2,161.6,90,Pending,
V-00044,P-0015,D-0332,H-0335,2026-04-07,12:45,12:15,10,Post-operative review,painful chewing|gum bleeding|toothache,Gingivitis and periodontal diseases,moderate,118/73,82,36.9,98,50.2,161.6,,Resolved,
V-00045,P-0016,D-0218,H-0420,2026-06-12,12:45,12:25,,Cough,eye pain|dry eyes|fatigue|headache,Disorders of refraction and accommodation,moderate,125/84,87,37.1,97,66.8,147.5,,Pending,
V-00046,P-0016,D-0392,H-0081,2025-07-01,18:30,18:25,45,Eye check-up,pale skin|poor concentration|sleep disturbance|palpitations,Malaise and fatigue,low,118/74,78,37.0,98,66.8,147.5,,Resolved,
V-00047,P-0016,D-0224,H-0011,2025-09-27,18:00,18:15,25,Follow-up for medication,high fever|red eye|runny nose|irritability|fatigue,Measles,moderate,119/74,80,36.5,95,66.8,147.5,7,Resolved,
V-00048,P-0016,D-0045,H-0362,2026-10-28,11:45,11:15,20,Sugar review,redness|breast lump,Inflammatory disorders of breast,low,122/74,84,36.7,99,66.8,147.5,,Active,
V-00049,P-0016,D-0074,H-0008,2025-10-03,19:30,19:15,,Breathlessness on walking,fatigue|pelvic pain|lower abdominal pain|painful urination|frequent urination,Unspecified lump in breast,high,125/82,88,37.4,94,66.8,147.5,14,Pending,
V-00050,P-0016,D-0143,H-0447,2026-07-20,17:30,17:25,10,Tingling in hand,breast pain|fever|breast lump|redness,Inflammatory disorders of breast,high,121/74,83,36.9,96,66.8,147.5,,Active,
V-00051,P-0016,D-0165,H-0138,2025-01-08,14:45,14:05,10,Follow-up for medication,cough|runny nose|headache|fever,Acute upper respiratory infections of multiple and unspecified sites,low,114/73,72,36.7,98,66.8,147.5,14,Active,
V-00052,P-0017,D-0015,H-0404,2026-08-23,12:30,12:05,25,Sore throat,fever|feeding difficulty|breathlessness,Whooping cough,moderate,128/80,77,36.7,95,16.9,96.8,,Active,
V-00053,P-0017,D-0308,H-0246,2025-05-15,19:45,18:12,15,Eye check-up,itching|rash,Other erythematous conditions,moderate,119/75,65,37.5,96,16.9,96.8,,Resolved,
V-00054,P-0017,D-0128,H-0100,2025-06-24,11:30,11:25,15,Antenatal check-up,nausea|abdominal pain,Abdominal and pelvic pain,low,125/84,73,37.4,96,16.9,96.8,,Resolved,
V-00055,P-0017,D-0258,H-0090,2025-03-17,09:00,09:20,10,Fit review,nasal congestion|runny nose|headache|low-grade fever|fatigue,Acute nasopharyngitis [common cold],moderate,127/76,75,37.1,98,16.9,96.8,7,Active,
V-00056,P-0017,D-0495,H-0510,2025-07-21,10:15,09:15,10,Growth review,cough|body ache|headache|runny nose,Viral infection of unspecified site,low,124/78,71,37.3,94,16.9,96.8,,Resolved,
V-00057,P-0017,D-0445,H-0381,2026-04-11,13:15,13:20,,Chest tightness on exertion,body ache|constipation|abdominal pain|headache|high fever,Typhoid and paratyphoid fevers,moderate,120/74,66,36.7,97,16.9,96.8,,Pending,
V-00058,P-0021,D-0298,H-0056,2025-11-13,10:30,09:15,30,Cough,fainting|fatigue|dizziness|palpitations,Dizziness and giddiness,moderate,111/73,65,36.8,95,16.7,98.2,,Resolved,
V-00059,P-0021,D-0277,H-0230,2025-08-25,16:15,16:00,20,General weakness,ear pain|fever|hearing loss,Suppurative and unspecified otitis media,moderate,110/74,64,36.6,95,16.7,98.2,14,Active,
V-00060,P-0021,D-0026,H-0251,2026-08-14,14:45,13:10,30,Knee pain,high fever|rigors|vomiting|body ache|chills,Unspecified malaria,low,114/70,70,36.6,96,16.7,98.2,,Active,
V-00061,P-0021,D-0109,H-0239,2026-04-09,14:15,13:00,,Chronic cough,headache|fatigue|body ache|nausea|fever,Fever of other and unknown origin,moderate,115/75,70,37.2,95,16.7,98.2,90,Pending,
V-00062,P-0021,D-0374,H-0186,2026-01-11,11:30,10:05,60,Acne,nasal congestion|runny nose|sore throat|headache,Acute nasopharyngitis [common cold],moderate,119/79,76,36.4,95,16.7,98.2,30,Resolved,
V-00063,P-0021,D-0014,H-0150,2025-06-27,14:30,14:00,15,Blocked nose,nausea|weakness|fever|vomiting|abdominal pain,"Infectious gastroenteritis and colitis, unspecified",moderate,112/72,67,37.1,94,16.7,98.2,14,Resolved,
V-00064,P-0021,D-0133,H-0439,2026-02-27,17:45,17:05,10,Pre-operative assessment,itching|redness|rash|skin scaling,Other erythematous conditions,low,112/71,67,36.6,95,16.7,98.2,,Resolved,
V-00065,P-0022,D-0203,H-0022,2025-01-27,14:15,13:12,45,Shoulder stiffness,rash|itching|skin scaling|redness,Other erythematous conditions,moderate,105/67,80,37.5,99,57.7,172.7,30,Active,
V-00066,P-0022,D-0020,H-0440,2026-04-14,13:45,13:15,60,Burning urination,body ache|joint pain,Dengue fever [classical dengue],low,101/68,74,37.1,94,57.7,172.7,14,Resolved,
V-00067,P-0022,D-0121,H-0211,2025-06-24,19:00,18:30,60,Wheezing,fatigue|bruising|dizziness on standing,"Excessive, frequent and irregular menstruation",high,111/69,88,38.4,94,57.7,172.7,30,Active,
V-00068,P-0023,D-0027,H-0327,2026-03-20,15:30,15:10,10,Shoulder stiffness,vomiting|fatigue|weight loss|frequent urination|nausea,Type 1 diabetes mellitus,moderate,116/72,66,37.5,96,56.8,163.1,,Active,
V-00069,P-0023,D-0022,H-0117,2025-12-21,17:00,17:00,45,Fever,ear pain|ear discharge|fever|hearing loss|sleep disturbance,Suppurative and unspecified otitis media,low,113/70,62,36.8,99,56.8,163.1,14,Active,
V-00070,P-0024,D-0399,H-0300,2025-03-21,16:30,15:12,20,Skin rash,cough|chest pain|breathlessness,"Pneumonia, unspecified organism",low,121/79,63,36.8,94,42.3,154.2,,Resolved,
V-00071,P-0024,D-0181,H-0304,2025-07-23,17:15,17:12,15,Follow-up for medication,fatigue|joint pain|fever|morning stiffness|stiffness,Other rheumatoid arthritis,low,128/78,71,36.7,97,42.3,154.2,,Active,
V-00072,P-0024,D-0326,H-0297,2026-09-16,10:15,10:12,20,Swelling of feet,body ache|tenderness,Other disorders of muscle,moderate,118/79,60,37.1,94,42.3,154.2,,Resolved,
V-00073,P-0025,D-0252,H-0233,2025-05-04,15:45,14:12,15,Sugar review,abdominal pain|constipation|high fever,Typhoid and paratyphoid fevers,low,127/81,66,36.5,94,41.1,139.2,,Active,
V-00074,P-0025,D-0269,H-0467,2025-11-20,11:30,10:15,60,Hearing loss,fever|nausea|chills,Fever of other and unknown origin,moderate,121/79,59,36.9,95,41.1,139.2,7,Resolved,
V-00075,P-0025,D-0042,H-0407,2026-07-05,13:15,12:05,25,Sleep disturbance,chest pain|fever,Cough,low,122/74,60,36.4,98,41.1,139.2,90,Resolved,
V-00076,P-0025,D-0245,H-0475,2025-07-12,19:30,18:15,10,Post-operative review,irritability|ear discharge|fever,Suppurative and unspecified otitis media,moderate,133/82,72,36.4,98,41.1,139.2,14,Resolved,
V-00077,P-0025,D-0511,H-0230,2025-02-15,17:30,16:10,,Knee pain,cough|fatigue|runny nose|body ache,Viral infection of unspecified site,moderate,133/84,72,37.4,96,41.1,139.2,,Pending,
V-00078,P-0025,D-0415,H-0062,2026-12-26,17:30,17:10,30,Heavy periods,body ache|vomiting|fatigue,Unspecified malaria,moderate,131/84,69,37.0,96,41.1,139.2,,Resolved,
V-00079,P-0025,D-0473,H-0245,2025-01-28,13:00,13:10,,Hair fall,weakness|fainting,Volume depletion,moderate,121/81,59,36.4,98,41.1,139.2,30,Pending,
V-00080,P-0026,D-0237,H-0117,2025-05-03,14:00,14:25,30,Wheezing,blisters|redness|discharge|fever|pain,Anogenital herpesviral [herpes simplex] infections,moderate,135/81,85,36.4,95,54.3,153.4,90,Resolved,
V-00081,P-0026,D-0216,H-0205,2026-05-17,13:30,12:30,15,Cough and cold,poor concentration|weakness|palpitations|sleep disturbance,Malaise and fatigue,moderate,140/95,92,36.9,98,54.3,153.4,30,Active,
V-00082,P-0026,D-0071,H-0229,2025-11-02,12:45,11:12,60,Skin rash,pimples|itching|redness,Acne,low,128/84,77,36.8,99,54.3,153.4,,Active,
V-00083,P-0026,D-0508,H-0514,2026-08-19,19:45,18:12,,BP review,breathlessness|swollen ankles|fatigue|breathlessness on exertion,Heart failure,low,136/85,87,36.8,98,54.3,153.4,14,Pending,
V-00084,P-0027,D-0212,H-0218,2025-06-03,17:30,17:10,30,General weakness,nausea|chills,Fever of other and unknown origin,moderate,120/73,68,37.5,98,16.1,101.2,90,Resolved,
V-00085,P-0027,D-0427,H-0419,2026-06-22,11:45,10:25,10,Stone review,fatigue|painful urination|frequent urination,Hematuria,high,127/76,75,38.1,97,16.1,101.2,14,Resolved,
V-00086,P-0027,D-0210,H-0219,2025-09-10,16:00,16:05,60,Breathlessness on walking,breathlessness|fatigue,"Pneumonia, unspecified organism",moderate,121/74,68,37.3,99,16.1,101.2,,Resolved,
V-00087,P-0027,D-0301,H-0029,2026-07-05,18:30,18:00,15,Foamy urine,chest pain|cough|breathlessness|fatigue|confusion,"Pneumonia, unspecified organism",severe,130/84,79,37.9,94,16.1,101.2,7,Resolved,
V-00088,P-0027,D-0538,H-0165,2026-04-27,19:30,18:00,45,Loose motions,breathlessness|chest pain|productive cough,"Pneumonia, unspecified organism",moderate,124/81,72,37.6,97,16.1,101.2,,Active,
V-00089,P-0027,D-0224,H-0011,2026-01-02,13:30,13:12,45,Fever and body ache,headache|runny nose|cough|fever|fatigue,Acute upper respiratory infections of multiple and unspecified sites,moderate,127/78,76,36.6,98,16.1,101.2,,Active,
V-00090,P-0028,D-0280,H-0027,2025-11-11,16:45,15:30,10,Foamy urine,pale skin|excessive periods,"Excessive, frequent and irregular menstruation",high,119/74,64,38.8,95,60.2,152.0,30,Active,
V-00091,P-0028,D-0234,H-0315,2025-01-22,13:00,13:30,20,Heavy periods,dizziness|fatigue|palpitations,Dizziness and giddiness,high,119/78,64,38.2,93,60.2,152.0,,Resolved,
V-00092,P-0028,D-0526,H-0341,2026-04-23,11:45,10:10,30,Foamy urine,redness|itching|pimples,Acne,low,126/77,71,36.6,96,60.2,152.0,,Active,
V-00093,P-0029,D-0090,H-0447,2025-09-05,18:15,17:25,15,Burning urination,joint swelling|tenderness,"Other joint disorder, not elsewhere classified",moderate,130/79,76,36.5,97,58.6,161.8,,Active,
V-00094,P-0029,D-0096,H-0239,2025-07-27,18:15,18:20,15,Anxiety,blurred vision|light sensitivity|red eye,Conjunctivitis,moderate,124/82,69,36.8,95,58.6,161.8,,Resolved,
V-00095,P-0029,D-0378,H-0213,2026-12-27,13:15,12:00,20,Skin rash,fatigue|upper abdominal pain|weakness,Hematemesis,high,125/81,69,37.5,95,58.6,161.8,14,Active,
V-00096,P-0029,D-0534,H-0478,2025-04-09,10:00,10:00,20,Stone review,poor concentration|fainting|weakness,Syncope and collapse,moderate,127/78,72,36.7,98,58.6,161.8,30,Resolved,
V-00097,P-0029,D-0037,H-0388,2026-09-08,14:00,13:00,60,Heavy periods,swelling of feet|breast pain|redness,Inflammatory disorders of breast,moderate,120/76,64,36.6,94,58.6,161.8,14,Active,
V-00098,P-0030,D-0022,H-0117,2025-12-05,17:30,17:25,60,Poor feeding,headache|sore throat|fatigue,Acute nasopharyngitis [common cold],moderate,132/81,80,37.2,95,3.0,50.5,7,Resolved,
V-00099,P-0030,D-0421,H-0373,2025-10-01,19:45,19:05,25,Low mood,sneezing|low-grade fever,Acute nasopharyngitis [common cold],moderate,129/78,76,37.0,100,3.0,50.5,90,Active,
V-00100,P-0031,D-0027,H-0327,2026-08-10,11:15,10:00,20,Shoulder stiffness,vomiting|constipation|abdominal pain|fatigue|headache,Typhoid and paratyphoid fevers,high,123/81,72,37.2,92,56.2,156.5,,Resolved,
V-00101,P-0031,D-0283,H-0172,2025-05-18,09:45,08:10,20,Pre-operative assessment,light sensitivity|blurred vision|headache,Age-related cataract,moderate,131/84,81,36.8,96,56.2,156.5,90,Active,
V-00102,P-0031,D-0256,H-0436,2025-07-07,18:15,18:15,30,Post-operative review,itching|skin scaling|redness,Other nonscarring hair loss,low,134/85,85,37.2,97,56.2,156.5,,Resolved,
V-00103,P-0033,D-0205,H-0268,2026-03-25,11:45,10:10,25,Fever,toothache|bad breath,Gingivitis and periodontal diseases,low,127/77,74,36.8,99,57.9,149.9,90,Staged,
V-00104,P-0033,D-0381,H-0081,2026-08-12,14:00,14:05,,Shoulder stiffness,itching|red eye|watering eyes,Conjunctivitis,severe,132/88,79,38.0,93,57.9,149.9,,Pending,
V-00105,P-0033,D-0500,H-0456,2025-07-26,10:30,10:25,60,Fracture follow-up,morning stiffness|body ache,Dorsalgia,low,139/88,88,37.1,100,57.9,149.9,,Resolved,
V-00106,P-0034,D-0256,H-0436,2025-02-16,18:00,18:20,25,Pre-operative assessment,skin scaling|hair loss|redness|itching,Other nonscarring hair loss,low,124/76,75,36.3,95,70.0,167.1,30,Active,
V-00107,P-0034,D-0019,H-0161,2026-06-07,12:15,11:30,15,Sleep disturbance,nausea|vomiting|weight loss|jaundice,Alcoholic liver disease,moderate,129/79,81,36.6,95,70.0,167.1,90,Staged,
V-00108,P-0034,D-0186,H-0277,2026-03-25,19:00,18:10,15,Chest tightness on exertion,rash|high fever|vomiting,Dengue hemorrhagic fever,moderate,129/84,81,36.9,96,70.0,167.1,,Resolved,
V-00109,P-0035,D-0249,H-0373,2026-03-24,14:45,14:25,45,General weakness,indigestion|fatigue|nausea|vomiting,Cholelithiasis,moderate,122/78,74,37.3,99,63.8,160.3,90,Active,
V-00110,P-0035,D-0206,H-0125,2026-09-10,19:15,18:30,15,Fever,fever|sore throat|headache|swollen glands,Acute tonsillitis,low,115/73,66,36.9,95,63.8,160.3,90,Resolved,
V-00111,P-0035,D-0137,H-0145,2025-07-26,16:00,16:25,20,Tingling in hand,itching|skin scaling|redness,Psoriasis,high,114/69,65,37.5,92,63.8,160.3,14,Active,
V-00112,P-0035,D-0106,H-0317,2025-07-23,19:45,18:25,10,Foamy urine,night sweats|breathlessness|cough|fever|productive cough,Respiratory tuberculosis,high,117/75,68,38.0,94,63.8,160.3,90,Resolved,
V-00113,P-0035,D-0386,H-0275,2026-04-02,14:45,14:12,20,Irregular periods,dizziness|fatigue,Headache,low,119/72,72,36.3,96,63.8,160.3,,Active,
V-00114,P-0036,D-0253,H-0038,2025-06-20,13:15,12:30,,Hair fall,breathlessness|cough,"Pneumonia, unspecified organism",moderate,111/72,61,37.0,98,80.0,164.2,7,Pending,
V-00115,P-0036,D-0538,H-0165,2026-04-22,19:00,19:05,25,Acidity,fever|blisters|pain|itching,Varicella [chickenpox],high,116/71,66,37.9,95,80.0,164.2,90,Active,
V-00116,P-0036,D-0106,H-0317,2025-07-24,18:00,17:30,25,Swelling of feet,swollen ankles|fatigue|nausea|itching|poor concentration,Nephrotic syndrome,moderate,115/70,65,37.2,96,80.0,164.2,14,Active,
V-00117,P-0036,D-0068,H-0326,2025-08-13,17:15,17:15,45,Red eye,sleep disturbance|anxiety,Sleep disorders,low,111/72,61,36.1,94,80.0,164.2,90,Resolved,
V-00118,P-0037,D-0079,H-0273,2026-05-12,17:15,16:15,25,Post-operative review,redness|joint pain|tenderness|fever,Gout,moderate,126/83,70,37.3,96,48.1,155.0,,Active,
V-00119,P-0037,D-0147,H-0268,2025-10-12,18:45,17:30,10,Sugar review,fever|redness|rash|itching,Rash and other nonspecific skin eruption,moderate,125/77,69,37.0,98,48.1,155.0,14,Active,
V-00120,P-0037,D-0167,H-0351,2025-09-15,11:30,11:20,25,Growth review,frequent urination|blurred vision|poor concentration,Type 2 diabetes mellitus,severe,119/81,63,38.1,95,48.1,155.0,,Resolved,
V-00121,P-0037,D-0489,H-0240,2026-09-09,10:15,10:15,15,Breathlessness on walking,tenderness|muscle ache|fatigue,Other disorders of muscle,high,119/74,62,38.0,90,48.1,155.0,,Active,
V-00122,P-0037,D-0364,H-0292,2025-08-01,12:30,12:12,,Anxiety,high fever|body ache|abdominal pain|vomiting|headache,Typhoid and paratyphoid fevers,moderate,117/77,61,37.2,96,48.1,155.0,90,Pending,
V-00123,P-0038,D-0484,H-0224,2025-10-15,16:30,15:00,10,Heavy periods,fainting|dizziness|fatigue|palpitations|chest pain,Dizziness and giddiness,high,105/63,76,36.6,88,29.9,130.1,,Active,
V-00124,P-0038,D-0355,H-0494,2026-01-08,17:30,16:12,15,Growth review,red eye|high fever|fatigue,Measles,moderate,112/74,88,36.5,95,29.9,130.1,7,Resolved,
V-00125,P-0039,D-0081,H-0208,2025-05-18,17:00,16:20,15,Urinary urgency,palpitations|abdominal pain|muscle ache|fatigue,"Other disorders of fluid, electrolyte and acid-base balance",low,117/73,82,36.6,94,3.2,49.7,90,Active,
V-00126,P-0039,D-0151,H-0163,2026-10-03,18:45,17:25,,Chronic cough,itching|skin scaling|rash,Other and unspecified dermatitis,high,123/75,90,37.9,94,3.2,49.7,,Pending,
V-00127,P-0039,D-0160,H-0429,2026-08-10,18:30,17:10,20,Thyroid review,rash|itching|redness|dry skin,Atopic dermatitis,severe,117/71,81,37.2,96,3.2,49.7,14,Active,
V-00128,P-0039,D-0097,H-0101,2025-11-22,09:15,08:15,20,Tingling in hand,fatigue|dizziness|fainting|palpitations,Dizziness and giddiness,moderate,115/70,78,36.6,97,3.2,49.7,,Active,
V-00129,P-0039,D-0310,H-0178,2026-05-07,18:45,17:30,30,BP review,dizziness on standing|vomiting,Volume depletion,low,112/68,74,37.1,99,3.2,49.7,,Resolved,
V-00130,P-0039,D-0527,H-0149,2025-07-28,14:00,13:20,15,Stone review,headache|body ache|vomiting|constipation,Typhoid and paratyphoid fevers,moderate,112/76,75,37.3,95,3.2,49.7,7,Active,
V-00131,P-0039,D-0032,H-0388,2026-02-21,14:45,13:20,60,Blocked nose,joint pain|rash,Other mosquito-borne viral fevers,low,115/76,78,37.0,94,3.2,49.7,90,Resolved,
V-00132,P-0040,D-0414,H-0200,2025-04-22,19:15,18:00,60,Sore throat,hoarseness|fever|difficulty swallowing|sore throat,"Diseases of vocal cords and larynx, not elsewhere classified",low,139/93,87,36.9,96,64.2,166.8,,Resolved,
V-00133,P-0040,D-0469,H-0176,2026-03-27,17:30,16:05,45,Abdominal pain,dry eyes|eye pain|fatigue|blurred vision|headache,Disorders of refraction and accommodation,moderate,135/86,83,36.3,99,64.2,166.8,90,Resolved,
V-00134,P-0041,D-0324,H-0242,2025-08-19,14:15,14:10,20,Thyroid review,nausea|vomiting|dizziness|hearing loss,Disorders of vestibular function,moderate,123/82,64,36.8,96,55.1,153.4,14,Active,
V-00135,P-0041,D-0038,H-0255,2025-11-15,12:15,11:10,45,Sugar review,difficulty swallowing|upper abdominal pain,Gastro-esophageal reflux disease,low,123/81,64,37.3,95,55.1,153.4,,Resolved,
V-00136,P-0041,D-0452,H-0022,2025-11-06,10:30,09:20,10,Stone review,eye pain|watering eyes|blurred vision|itching,Conjunctivitis,moderate,126/76,67,36.0,96,55.1,153.4,90,Active,
V-00137,P-0041,D-0284,H-0095,2025-09-11,13:30,13:20,20,Sleep disturbance,vomiting|upper abdominal pain|fatigue|dizziness on standing,Hematemesis,high,120/78,61,37.8,90,55.1,153.4,,Resolved,
V-00138,P-0041,D-0273,H-0129,2026-08-08,14:00,13:10,25,Shoulder stiffness,pain|discharge|redness|fever,Anogenital herpesviral [herpes simplex] infections,high,117/72,58,37.3,93,55.1,153.4,14,Active,
V-00139,P-0043,D-0526,H-0341,2026-09-16,17:00,17:30,30,BP review,frequent urination|night sweats|weight loss|poor concentration,Type 2 diabetes mellitus,moderate,114/77,78,36.4,99,50.8,154.2,,Active,
V-00140,P-0043,D-0233,H-0385,2025-03-09,16:45,16:10,60,Stone review,anxiety|sleep disturbance,Other anxiety disorders,moderate,123/75,90,37.5,95,50.8,154.2,7,Active,
V-00141,P-0043,D-0364,H-0292,2026-01-11,09:15,09:10,20,Sleep disturbance,fever|sore throat,Acute tonsillitis,low,119/71,83,37.1,96,50.8,154.2,,Active,
V-00142,P-0043,D-0496,H-0305,2026-07-15,12:30,11:05,30,Acne,fever|rash|itching,Rash and other nonspecific skin eruption,moderate,120/78,85,37.5,94,50.8,154.2,30,Resolved,
V-00143,P-0044,D-0227,H-0205,2026-11-16,19:00,18:12,20,Stone review,itching|redness|pimples,Acne,moderate,117/71,63,37.0,94,51.8,158.4,90,Active,
V-00144,P-0044,D-0086,H-0447,2026-07-01,18:45,18:30,30,Follow-up for medication,fainting|dizziness|dizziness on standing|fatigue,Hypotension,moderate,123/80,70,36.6,96,51.8,158.4,,Resolved,
V-00145,P-0044,D-0476,H-0279,2026-02-01,19:15,19:30,10,Sore throat,weakness|fever,"Infectious gastroenteritis and colitis, unspecified",severe,123/81,70,38.6,89,51.8,158.4,,Resolved,
V-00146,P-0044,D-0019,H-0161,2026-01-08,18:45,18:25,30,Anxiety,dizziness on standing|weakness,Hematemesis,moderate,125/81,73,36.3,96,51.8,158.4,,Resolved,
V-00147,P-0044,D-0351,H-0519,2025-09-16,15:45,14:00,45,Ear pain,body ache|blisters|fever|itching|pain,Varicella [chickenpox],moderate,126/82,74,37.2,96,51.8,158.4,7,Active,
V-00148,P-0045,D-0367,H-0301,2026-04-06,16:15,15:15,30,Antenatal check-up,rash|body ache,Other mosquito-borne viral fevers,low,142/90,83,36.9,98,28.5,122.4,30,Active,
V-00149,P-0045,D-0514,H-0131,2025-08-18,18:30,18:15,30,Eye check-up,itching|discharge|swelling of feet|redness,Other local infections of skin and subcutaneous tissue,low,137/87,77,36.7,95,28.5,122.4,,Active,
V-00150,P-0047,D-0054,H-0295,2026-06-16,11:00,10:30,15,Fever and body ache,upper abdominal pain|fatigue,Cholelithiasis,low,126/77,60,36.8,99,47.9,147.1,,Active,
V-00151,P-0047,D-0279,H-0238,2026-12-02,10:00,09:12,25,Fracture follow-up,redness|skin scaling|itching|hair loss,Other nonscarring hair loss,low,134/81,68,36.7,95,47.9,147.1,,Active,
V-00152,P-0047,D-0229,H-0513,2025-05-02,12:45,12:25,20,Back pain,breathlessness|chest pain|headache|palpitations,Essential (primary) hypertension,low,126/84,59,36.4,97,47.9,147.1,7,Active,
V-00153,P-0048,D-0016,H-0228,2026-02-25,17:45,17:15,25,Weight change,fatigue|cold sweat|palpitations,Angina pectoris,high,111/75,58,37.8,90,83.8,167.9,,Resolved,
V-00154,P-0048,D-0319,H-0169,2025-11-11,09:30,09:30,10,Thyroid review,rash|redness|fever|itching,Rash and other nonspecific skin eruption,high,124/75,73,37.4,96,83.8,167.9,,Resolved,
V-00155,P-0048,D-0287,H-0079,2026-09-05,09:45,09:12,10,Growth review,redness|swelling of feet|breast pain,Inflammatory disorders of breast,moderate,112/72,59,37.0,94,83.8,167.9,7,Active,
V-00156,P-0048,D-0243,H-0169,2026-01-08,19:15,18:10,45,Red eye,fatigue|poor concentration|upper abdominal pain|chest pain,Disorders of lipoprotein metabolism and other lipidemias,moderate,124/75,73,36.4,96,83.8,167.9,7,Resolved,
V-00157,P-0048,D-0054,H-0295,2026-02-12,19:30,18:00,25,Cough and cold,frequent urination|urinary urgency|painful urination|fever|lower abdominal pain,Other disorders of urinary system,moderate,113/74,60,36.8,95,83.8,167.9,14,Active,
V-00158,P-0048,D-0348,H-0178,2025-01-08,13:30,13:12,45,Itching,fatigue|headache|irritability|poor concentration|anxiety,Sleep disorders,severe,124/84,72,38.3,96,83.8,167.9,,Resolved,
V-00159,P-0049,D-0013,H-0246,2026-05-17,10:45,10:20,45,Post-operative review,runny nose|body ache,Viral infection of unspecified site,moderate,132/86,80,36.9,97,57.3,159.5,7,Active,
V-00160,P-0049,D-0395,H-0064,2026-12-06,14:45,13:05,,Pre-operative assessment,cough|breathlessness,Respiratory tuberculosis,low,138/90,87,37.2,94,57.3,159.5,,Pending,
V-00161,P-0049,D-0079,H-0273,2025-08-07,16:30,15:15,20,Post-operative review,fatigue|constipation|headache|abdominal pain|body ache,Typhoid and paratyphoid fevers,moderate,135/85,83,36.6,94,57.3,159.5,,Active,
V-00162,P-0050,D-0454,H-0341,2026-10-08,16:15,15:30,20,Anxiety,swelling of feet|redness,Other local infections of skin and subcutaneous tissue,moderate,111/72,60,36.8,96,67.6,150.8,,Active,
V-00163,P-0050,D-0224,H-0011,2026-09-01,16:45,15:12,,General weakness,irregular periods|missed period,"Absent, scanty and rare menstruation",low,119/73,70,36.6,96,67.6,150.8,14,Pending,
V-00164,P-0050,D-0082,H-0148,2026-05-20,12:00,12:10,30,Burning urination,breathlessness on exertion|chest pain|palpitations|fatigue|cold sweat,Angina pectoris,moderate,110/70,60,37.0,100,67.6,150.8,7,Resolved,
V-00165,P-0051,D-0315,H-0123,2026-05-03,12:00,12:30,45,Sleep disturbance,eye pain|red eye|watering eyes,Conjunctivitis,low,132/84,94,36.4,100,9.8,73.2,,Active,
V-00166,P-0051,D-0179,H-0144,2026-11-24,17:45,16:20,15,Growth review,poor concentration|palpitations,Malaise and fatigue,moderate,127/82,88,37.2,99,9.8,73.2,,Staged,
V-00167,P-0052,D-0405,H-0019,2026-06-04,14:15,13:00,,Skin rash,pale skin|bruising,"Excessive, frequent and irregular menstruation",moderate,117/75,75,36.4,97,38.6,151.3,14,Pending,
V-00168,P-0052,D-0532,H-0103,2025-11-11,11:45,10:05,30,Ankle swelling,lower abdominal pain|abdominal pain|nausea,Abdominal and pelvic pain,moderate,118/79,75,36.8,98,38.6,151.3,,Resolved,
V-00169,P-0052,D-0360,H-0504,2025-03-19,17:00,16:25,45,Low mood,fatigue|neck pain|headache|nausea|blurred vision,Headache,moderate,122/82,81,36.9,96,38.6,151.3,7,Active,
V-00170,P-0052,D-0505,H-0233,2025-11-26,13:45,12:12,45,Pre-operative assessment,vomiting|headache|chills|fatigue,Unspecified malaria,high,118/71,75,38.2,97,38.6,151.3,,Active,
V-00171,P-0052,D-0170,H-0054,2025-11-22,10:45,10:30,20,Thyroid review,breathlessness|wheezing|sleep disturbance|breathlessness on exertion|cough,Asthma,low,125/78,85,36.4,97,38.6,151.3,7,Active,
V-00172,P-0052,D-0480,H-0387,2025-03-25,15:15,15:15,,Blurred vision,runny nose|sneezing|nasal congestion|low-grade fever,Acute nasopharyngitis [common cold],high,122/79,81,37.2,90,38.6,151.3,30,Pending,
V-00173,P-0053,D-0514,H-0131,2025-04-14,10:45,10:10,60,Blurred vision,light sensitivity|vomiting|neck pain|nausea,Migraine,moderate,135/91,92,36.7,96,53.3,160.8,30,Active,
V-00174,P-0053,D-0113,H-0247,2025-04-28,13:45,12:05,30,Itching,weight loss|confusion,Miliary tuberculosis,severe,132/82,88,38.6,90,53.3,160.8,14,Active,
V-00175,P-0053,D-0295,H-0354,2025-07-20,14:00,13:15,30,Heavy periods,itching|redness|rash|fever,Rash and other nonspecific skin eruption,high,124/80,78,37.5,91,53.3,160.8,14,Resolved,
V-00176,P-0053,D-0136,H-0480,2026-01-13,19:15,18:20,60,Sleep disturbance,skin scaling|redness|dry skin|itching,Other and unspecified dermatitis,severe,126/83,81,37.3,92,53.3,160.8,,Resolved,
V-00177,P-0054,D-0540,H-0369,2026-01-22,15:00,15:12,45,Hair fall,dizziness on standing|fainting|poor concentration|weakness,Syncope and collapse,low,128/78,66,36.4,97,51.2,152.9,90,Resolved,
V-00178,P-0054,D-0415,H-0062,2026-04-21,17:30,17:15,25,Heavy periods,toothache|ear pain,Diseases of pulp and periapical tissues,low,136/89,75,36.7,96,51.2,152.9,30,Active,
V-00179,P-0054,D-0178,H-0289,2025-03-28,15:45,15:20,25,Acidity,rash|skin scaling|dry skin,Atopic dermatitis,low,142/94,82,36.7,94,51.2,152.9,14,Resolved,
V-00180,P-0055,D-0168,H-0474,2025-11-26,10:15,10:15,,Acidity,cough|red eye|irritability|rash|fatigue,Measles,moderate,129/87,70,36.5,99,11.6,89.3,,Pending,
V-00181,P-0055,D-0156,H-0509,2026-03-20,18:15,17:10,45,Stone review,fatigue|frequent urination|passing blood in urine,Hematuria,low,126/78,67,36.8,95,11.6,89.3,14,Active,
V-00182,P-0056,D-0100,H-0129,2026-10-27,14:30,13:20,30,Hearing loss,breathlessness|fever|fatigue|cough|confusion,"Pneumonia, unspecified organism",severe,118/79,79,38.4,94,74.2,181.5,,Active,
V-00183,P-0056,D-0248,H-0129,2026-02-23,11:30,11:25,15,Itching,difficulty swallowing|headache|swollen glands|sore throat,Acute tonsillitis,low,107/68,65,36.5,94,74.2,181.5,14,Resolved,
V-00184,P-0057,D-0149,H-0024,2025-08-25,18:00,18:05,25,Eye check-up,headache|fatigue|body ache,Typhoid and paratyphoid fevers,moderate,111/72,66,37.1,100,52.6,157.2,,Active,
V-00185,P-0057,D-0034,H-0008,2025-08-09,17:15,16:12,10,Low mood,lower abdominal pain|pelvic pain|fatigue|frequent urination|painful urination,Unspecified lump in breast,high,114/69,69,37.9,94,52.6,157.2,,Resolved,
V-00186,P-0057,D-0227,H-0205,2026-12-24,10:45,10:12,,Urinary urgency,passing blood in urine|fainting|vomiting|weakness,Volume depletion,moderate,104/70,58,36.4,97,52.6,157.2,,Pending,
V-00187,P-0057,D-0209,H-0161,2026-01-26,17:45,16:25,30,Eye check-up,vomiting|weakness,"Infectious gastroenteritis and colitis, unspecified",moderate,109/67,63,37.0,99,52.6,157.2,,Active,
V-00188,P-0057,D-0164,H-0505,2025-02-21,15:30,15:30,45,Red eye,sleep disturbance|chest pain|poor concentration,"Reaction to severe stress, and adjustment disorders",severe,116/75,72,38.2,94,52.6,157.2,90,Active,
V-00189,P-0058,D-0246,H-0151,2025-06-04,15:30,14:05,10,Routine scan,headache|blurred vision,Disorders of refraction and accommodation,high,123/81,67,38.0,92,59.5,152.9,7,Resolved,
V-00190,P-0058,D-0260,H-0217,2025-02-25,11:15,11:10,10,Thyroid review,high fever|body ache|vomiting,Dengue fever [classical dengue],low,123/82,67,37.1,99,59.5,152.9,,Active,
V-00191,P-0058,D-0304,H-0196,2025-02-21,17:00,16:30,60,Anxiety,weakness|dizziness on standing|dizziness|fainting,Hypotension,low,133/83,79,37.5,100,59.5,152.9,,Active,
V-00192,P-0058,D-0336,H-0230,2025-06-12,18:45,18:10,60,Hearing loss,skin scaling|itching,Other nonscarring hair loss,moderate,122/79,66,37.2,96,59.5,152.9,30,Active,
V-00193,P-0058,D-0085,H-0008,2025-09-21,13:45,13:10,45,Blocked nose,vomiting|upper abdominal pain|fatigue|weakness|dizziness on standing,Hematemesis,low,125/77,69,35.9,97,59.5,152.9,,Resolved,
V-00194,P-0059,D-0152,H-0111,2025-05-21,15:15,14:12,45,Irregular periods,productive cough|night sweats|cough|weight loss,Respiratory tuberculosis,low,111/71,90,36.8,97,52.4,155.1,,Active,
V-00195,P-0059,D-0063,H-0105,2026-11-16,18:00,17:30,30,General weakness,abdominal pain|vomiting|weakness,"Infectious gastroenteritis and colitis, unspecified",severe,101/65,75,38.5,93,52.4,155.1,7,Active,
V-00196,P-0059,D-0402,H-0189,2025-09-18,13:45,13:00,15,Eye check-up,bleeding gums|weakness|nosebleed|bruising|rash,Dengue hemorrhagic fever,low,107/65,85,36.5,97,52.4,155.1,7,Resolved,
V-00197,P-0060,D-0087,H-0193,2025-08-27,11:45,11:00,25,Blurred vision,joint pain|tenderness|joint swelling,"Other joint disorder, not elsewhere classified",low,127/76,81,36.2,96,74.7,168.1,14,Resolved,
V-00198,P-0060,D-0173,H-0217,2026-04-09,19:45,18:30,,Post-operative review,fatigue|fainting|dizziness,Hypotension,severe,129/88,85,38.2,93,74.7,168.1,,Pending,
V-00199,P-0060,D-0215,H-0394,2025-10-26,14:45,13:15,30,Cough,skin scaling|itching|hair loss,Other nonscarring hair loss,low,126/84,81,36.6,98,74.7,168.1,,Resolved,
V-00200,P-0060,D-0073,H-0401,2026-06-25,12:45,12:15,,Ear pain,passing blood in urine|painful urination|fatigue|frequent urination,Hematuria,low,127/80,81,36.7,97,74.7,168.1,30,Pending,
V-00201,P-0061,D-0259,H-0478,2025-08-16,09:30,08:30,25,Breathlessness,numbness|weakness|fatigue|abdominal pain|muscle ache,"Other disorders of fluid, electrolyte and acid-base balance",high,128/84,79,37.6,96,32.0,124.2,14,Active,
V-00202,P-0061,D-0441,H-0018,2025-01-16,18:00,18:10,30,Fever,sleep disturbance|dry skin|redness,Atopic dermatitis,high,133/84,86,38.8,92,32.0,124.2,,Resolved,
V-00203,P-0061,D-0461,H-0003,2026-02-06,16:00,16:05,10,Back pain,breathlessness|cough|fever|productive cough,Respiratory tuberculosis,low,129/87,80,36.7,97,32.0,124.2,,Active,
V-00204,P-0061,D-0390,H-0251,2026-08-05,10:30,09:15,30,Blocked nose,nausea|headache|rigors|fatigue|body ache,Unspecified malaria,moderate,134/86,87,35.7,95,32.0,124.2,,Active,
V-00205,P-0062,D-0214,H-0192,2026-08-27,14:30,14:20,60,Heavy periods,headache|joint pain|body ache,Dengue fever [classical dengue],high,114/76,77,37.3,92,14.7,98.1,30,Active,
V-00206,P-0062,D-0107,H-0451,2025-08-01,10:00,09:15,60,Antenatal check-up,weakness|vomiting|passing blood in urine|dizziness on standing,Volume depletion,high,105/65,64,38.7,93,14.7,98.1,14,Active,
V-00207,P-0062,D-0442,H-0134,2025-05-23,17:45,17:15,30,Sore throat,breathlessness|fever,"Pneumonia, unspecified organism",high,107/72,67,37.0,96,14.7,98.1,,Staged,
V-00208,P-0062,D-0398,H-0432,2025-09-14,12:15,12:15,45,Fracture follow-up,memory loss|confusion|fainting|headache|seizure,Epilepsy and recurrent seizures,low,109/73,70,36.7,97,14.7,98.1,,Resolved,
V-00209,P-0062,D-0348,H-0178,2026-10-09,09:00,09:00,45,Skin rash,fatigue|palpitations|pale skin,Malaise and fatigue,moderate,108/72,69,36.8,99,14.7,98.1,14,Resolved,
V-00210,P-0063,D-0099,H-0252,2025-09-08,11:30,10:12,45,Routine scan,headache|memory loss|weakness in one limb|seizure,Epilepsy and recurrent seizures,severe,124/79,73,38.1,91,28.8,127.1,,Active,
V-00211,P-0063,D-0500,H-0456,2026-04-15,18:45,18:05,25,Back pain,fatigue|palpitations|chest pain|dizziness,Dizziness and giddiness,low,126/83,75,37.3,98,28.8,127.1,,Resolved,
V-00212,P-0063,D-0003,H-0001,2025-05-23,12:15,12:00,45,Thyroid review,frequent urination|fatigue|abdominal pain|weight loss,Type 1 diabetes mellitus,moderate,119/72,67,37.1,96,28.8,127.1,14,Resolved,
V-00213,P-0064,D-0389,H-0054,2025-08-27,11:30,11:25,30,Cough,fever|redness|pain|discharge,Anogenital herpesviral [herpes simplex] infections,low,124/83,87,36.4,99,65.9,161.5,14,Resolved,
V-00214,P-0064,D-0045,H-0362,2026-11-16,17:00,17:00,60,Weight change,fatigue|vomiting,Whooping cough,low,119/73,80,37.6,97,65.9,161.5,,Active,
V-00215,P-0064,D-0457,H-0272,2026-07-27,18:15,18:25,60,Irregular periods,muscle ache|restlessness|dizziness|palpitations,Other anxiety disorders,moderate,122/77,85,36.6,100,65.9,161.5,,Active,
V-00216,P-0064,D-0102,H-0502,2026-04-04,11:30,10:15,25,BP review,itching|discharge|swelling of feet,Other local infections of skin and subcutaneous tissue,moderate,114/70,73,36.9,96,65.9,161.5,,Active,
V-00217,P-0064,D-0136,H-0480,2025-12-19,13:30,12:12,15,Low mood,cough|weight loss|night sweats|productive cough,Respiratory tuberculosis,moderate,117/77,78,37.2,97,65.9,161.5,14,Resolved,
V-00218,P-0065,D-0025,H-0048,2026-01-03,12:15,12:10,15,Thyroid review,body ache|constipation|fatigue|abdominal pain,Typhoid and paratyphoid fevers,high,106/66,84,38.9,93,34.8,131.7,,Resolved,
V-00219,P-0065,D-0091,H-0218,2025-11-22,13:45,13:15,60,Fracture follow-up,watering eyes|blurred vision|itching|light sensitivity|red eye,Conjunctivitis,high,103/62,79,37.4,96,34.8,131.7,30,Resolved,
V-00220,P-0065,D-0408,H-0113,2025-07-10,16:30,16:30,20,General weakness,neck pain|nausea|fatigue|headache,Headache,high,102/68,78,38.5,93,34.8,131.7,14,Active,
V-00221,P-0065,D-0476,H-0279,2026-03-11,19:00,18:15,10,Ear pain,headache|constipation|vomiting|high fever,Typhoid and paratyphoid fevers,moderate,105/70,82,36.5,100,34.8,131.7,14,Resolved,
V-00222,P-0066,D-0254,H-0505,2025-05-11,12:30,12:25,10,Blurred vision,sleep disturbance|ear pain|ear discharge|fever,Suppurative and unspecified otitis media,low,137/87,91,36.2,95,61.0,160.6,30,Active,
V-00223,P-0066,D-0272,H-0417,2025-05-06,11:15,11:25,20,Irregular periods,breathlessness on exertion|fatigue|cold sweat|chest pain|palpitations,Angina pectoris,high,129/79,82,37.6,92,61.0,160.6,30,Resolved,
V-00224,P-0067,D-0436,H-0232,2026-01-17,15:00,14:12,10,Routine scan,cough|productive cough,Acute bronchitis,moderate,117/76,75,37.1,98,28.3,117.0,30,Active,
V-00225,P-0067,D-0040,H-0273,2026-04-11,16:30,15:20,20,Breathlessness,nosebleed|rash,Dengue hemorrhagic fever,high,121/75,80,38.2,93,28.3,117.0,,Resolved,
V-00226,P-0067,D-0134,H-0233,2025-03-19,11:00,10:20,15,Fever,cough|vomiting,Whooping cough,moderate,123/79,83,37.3,99,28.3,117.0,14,Active,
V-00227,P-0067,D-0171,H-0027,2026-08-06,14:30,14:05,20,Tingling in hand,low-grade fever|nasal congestion,Acute nasopharyngitis [common cold],low,120/81,78,37.2,94,28.3,117.0,90,Resolved,
V-00228,P-0067,D-0343,H-0259,2026-06-04,13:15,12:10,10,Antenatal check-up,blurred vision|dizziness,Headache,low,114/72,70,37.0,96,28.3,117.0,7,Active,
V-00229,P-0067,D-0335,H-0150,2025-01-24,18:15,18:25,,Fracture follow-up,sore throat|headache|swollen glands,Acute pharyngitis,low,115/75,72,36.7,96,28.3,117.0,30,Pending,
V-00230,P-0068,D-0310,H-0178,2026-06-04,12:30,11:05,15,BP review,fatigue|low mood|loss of appetite|anxiety|poor concentration,Depressive episode,moderate,129/83,79,36.8,97,70.9,171.3,,Active,
V-00231,P-0068,D-0148,H-0060,2026-10-06,12:00,12:20,20,Shoulder stiffness,skin scaling|itching|rash|redness,Other erythematous conditions,moderate,138/86,90,36.3,98,70.9,171.3,30,Resolved,
V-00232,P-0068,D-0067,H-0492,2026-07-24,10:15,10:20,60,Fit review,toothache|facial pain|difficulty swallowing,Diseases of pulp and periapical tissues,severe,129/86,79,37.5,92,70.9,171.3,,Active,
V-00233,P-0068,D-0527,H-0149,2026-05-24,14:15,13:30,60,Burning urination,feeding difficulty|cough|fever|fatigue|breathlessness,Whooping cough,severe,139/87,92,37.5,93,70.9,171.3,,Resolved,
V-00234,P-0068,D-0290,H-0025,2026-05-09,16:45,15:20,30,Thyroid review,weakness|numbness|abdominal pain|muscle ache|palpitations,"Other disorders of fluid, electrolyte and acid-base balance",high,134/81,86,38.3,92,70.9,171.3,7,Active,
V-00235,P-0069,D-0340,H-0081,2026-03-14,13:30,13:30,45,Chronic cough,dry cough|breathlessness|cough|chest pain,Cough,high,123/78,81,38.6,91,33.2,133.4,7,Active,
V-00236,P-0069,D-0003,H-0001,2025-12-25,16:45,16:12,45,Sugar review,palpitations|dizziness|fatigue|fainting|chest pain,Dizziness and giddiness,low,124/81,82,36.9,98,33.2,133.4,7,Active,
V-00237,P-0069,D-0027,H-0327,2025-09-20,17:00,17:12,25,Back pain,hoarseness|fever|sore throat|ear pain,"Diseases of vocal cords and larynx, not elsewhere classified",moderate,114/71,70,36.8,97,33.2,133.4,,Resolved,
V-00238,P-0070,D-0151,H-0163,2025-03-21,13:15,13:00,20,Breathlessness,fatigue|irregular periods|bruising,"Absent, scanty and rare menstruation",low,111/75,66,36.2,95,53.5,151.1,14,Active,
V-00239,P-0070,D-0261,H-0253,2025-09-05,09:00,09:10,25,Chest tightness on exertion,blisters|itching|fever|discharge|pain,Anogenital herpesviral [herpes simplex] infections,moderate,113/74,68,37.1,98,53.5,151.1,,Resolved,
V-00240,P-0070,D-0247,H-0019,2025-06-12,13:30,13:12,15,Heavy periods,poor concentration|joint pain|breathlessness on exertion,Overweight and obesity,high,108/65,62,39.2,90,53.5,151.1,,Active,
V-00241,P-0070,D-0503,H-0483,2025-06-21,11:00,10:12,20,Post-operative review,seizure|fainting,Epilepsy and recurrent seizures,high,105/64,59,38.0,95,53.5,151.1,14,Active,
V-00242,P-0070,D-0261,H-0253,2025-02-24,19:45,18:15,30,Breathlessness on walking,morning stiffness|tenderness|stiffness|joint swelling,"Other joint disorder, not elsewhere classified",low,114/75,70,37.1,98,53.5,151.1,,Resolved,
V-00243,P-0071,D-0316,H-0086,2026-10-26,13:15,13:05,60,Headache,blurred vision|vomiting|neck pain,Migraine,high,107/69,72,37.6,93,47.5,136.3,7,Resolved,
V-00244,P-0071,D-0078,H-0233,2025-07-12,11:30,11:10,10,Poor feeding,bloating|mucus in stool|constipation|diarrhoea|abdominal pain,Irritable bowel syndrome,low,107/68,72,36.5,95,47.5,136.3,,Active,
V-00245,P-0072,D-0492,H-0054,2025-07-05,10:45,10:20,15,Burning urination,wheezing|productive cough,Other chronic obstructive pulmonary disease,moderate,135/82,76,36.8,95,46.1,148.0,,Active,
V-00246,P-0072,D-0012,H-0003,2025-01-13,15:00,14:00,10,Antenatal check-up,joint pain|joint swelling|stiffness|morning stiffness,Other rheumatoid arthritis,moderate,134/84,75,36.1,95,46.1,148.0,30,Active,
V-00247,P-0072,D-0128,H-0100,2025-02-18,17:00,16:00,45,Heavy periods,upper abdominal pain|indigestion,Cholelithiasis,high,135/91,76,39.1,91,46.1,148.0,,Resolved,
V-00248,P-0072,D-0163,H-0329,2026-01-05,16:45,15:30,10,Red eye,bad breath|gum bleeding|toothache,Gingivitis and periodontal diseases,high,146/91,89,37.3,92,46.1,148.0,90,Active,
V-00249,P-0072,D-0267,H-0197,2025-06-16,18:15,18:15,20,Skin rash,toothache|gum bleeding|bad breath,Gingivitis and periodontal diseases,low,144/92,87,37.6,98,46.1,148.0,,Resolved,
V-00250,P-0073,D-0080,H-0452,2025-07-24,19:15,18:20,20,Shoulder stiffness,stiffness|lower back pain|body ache|morning stiffness,Dorsalgia,high,112/72,83,38.2,93,77.7,169.4,,Resolved,
V-00251,P-0073,D-0069,H-0383,2025-05-27,15:45,15:05,45,Hearing loss,pale skin|fatigue|blood in stool|vomiting,"Gastrointestinal hemorrhage, unspecified",moderate,105/63,72,36.8,95,77.7,169.4,30,Resolved,
V-00252,P-0073,D-0306,H-0358,2026-06-28,10:15,10:25,45,Acidity,fever|breast pain|swelling of feet,Inflammatory disorders of breast,high,112/74,83,38.4,94,77.7,169.4,30,Resolved,
V-00253,P-0073,D-0286,H-0495,2026-11-15,15:00,14:25,15,Sugar review,diarrhoea|nausea|heartburn,Other and unspecified noninfective gastroenteritis and colitis,moderate,105/70,72,36.9,95,77.7,169.4,7,Resolved,
V-00254,P-0073,D-0211,H-0136,2026-05-09,16:45,15:25,45,Stone review,skin scaling|itching|rash|redness,Other erythematous conditions,severe,111/74,82,37.8,90,77.7,169.4,7,Active,
V-00255,P-0073,D-0368,H-0407,2026-04-08,17:45,16:05,45,Growth review,fainting|dizziness|poor concentration|dizziness on standing,Hypotension,moderate,111/73,82,36.6,99,77.7,169.4,30,Resolved,
V-00256,P-0074,D-0314,H-0136,2026-08-10,15:15,15:30,45,Palpitations,nausea|abdominal pain,Abdominal and pelvic pain,moderate,115/71,69,36.7,98,38.5,141.9,14,Active,
V-00257,P-0074,D-0070,H-0040,2026-11-10,12:30,11:05,25,Weight change,headache|seizure|memory loss,Epilepsy and recurrent seizures,moderate,115/75,70,36.8,94,38.5,141.9,7,Active,
V-00258,P-0074,D-0283,H-0172,2025-12-11,13:00,13:15,,Post-operative review,breathlessness|cough|night sweats|fever|fatigue,Respiratory tuberculosis,high,121/77,77,38.1,94,38.5,141.9,90,Pending,
V-00259,P-0074,D-0072,H-0163,2025-05-08,14:15,14:30,60,Wheezing,body ache|joint pain|headache,Other mosquito-borne viral fevers,moderate,114/76,68,36.6,95,38.5,141.9,,Resolved,
V-00260,P-0074,D-0195,H-0196,2026-05-16,11:30,10:30,45,Headache,body ache|vomiting,Typhoid and paratyphoid fevers,low,121/74,78,36.6,96,38.5,141.9,,Active,
V-00261,P-0074,D-0280,H-0027,2026-02-09,10:45,09:20,45,Swelling of feet,fainting|vomiting|weakness|diarrhoea|dizziness on standing,Volume depletion,high,122/74,78,39.1,96,38.5,141.9,30,Active,
V-00262,P-0075,D-0403,H-0063,2026-05-07,09:45,09:10,10,Weight change,chest pain|sleep disturbance|poor concentration|anxiety,"Reaction to severe stress, and adjustment disorders",moderate,107/67,64,36.1,95,55.6,162.7,90,Active,
V-00263,P-0075,D-0403,H-0063,2026-02-12,17:30,17:25,30,Sugar review,breathlessness|confusion|chest pain|fatigue,"Pneumonia, unspecified organism",low,114/69,73,36.7,96,55.6,162.7,,Active,
V-00264,P-0075,D-0020,H-0440,2026-07-20,17:15,16:10,60,Urinary urgency,hoarseness|sore throat|fever|ear pain,"Diseases of vocal cords and larynx, not elsewhere classified",low,117/73,77,36.4,98,55.6,162.7,90,Resolved,
V-00265,P-0075,D-0275,H-0439,2026-03-17,17:30,17:15,,Anxiety,bloating|painful urination,Endometriosis,low,106/68,63,36.6,98,55.6,162.7,90,Pending,
V-00266,P-0076,D-0048,H-0323,2026-04-09,10:30,10:30,15,Sore throat,runny nose|sore throat,Acute upper respiratory infections of multiple and unspecified sites,moderate,111/70,85,37.4,97,36.6,136.7,14,Active,
V-00267,P-0076,D-0421,H-0373,2026-09-18,19:00,18:10,,Low mood,fatigue|dizziness|fainting|chest pain,Dizziness and giddiness,high,103/66,73,38.4,92,36.6,136.7,7,Pending,
V-00268,P-0076,D-0295,H-0354,2026-12-07,18:15,17:25,10,Heavy periods,pain|itching|body ache,Varicella [chickenpox],high,111/74,84,37.0,94,36.6,136.7,,Resolved,
V-00269,P-0079,D-0001,H-0002,2026-05-27,11:30,11:12,,General weakness,pale skin|poor concentration|fatigue|weakness,Malaise and fatigue,low,127/78,92,36.7,100,58.6,150.4,7,Pending,
V-00270,P-0080,D-0153,H-0042,2025-10-15,17:15,16:10,20,Urinary urgency,swelling of feet|redness,Other local infections of skin and subcutaneous tissue,moderate,114/71,80,37.2,95,55.4,166.5,90,Resolved,
V-00271,P-0080,D-0283,H-0172,2025-05-25,12:15,11:05,45,Pre-operative assessment,nosebleed|bleeding gums,Dengue hemorrhagic fever,moderate,115/74,81,36.5,99,55.4,166.5,,Active,
V-00272,P-0080,D-0463,H-0299,2026-01-09,17:30,16:05,30,Urinary urgency,rash|skin scaling,Psoriasis,low,111/69,75,36.9,97,55.4,166.5,,Resolved,
V-00273,P-0080,D-0028,H-0381,2025-09-07,19:00,19:15,25,Knee pain,fever|cough,Whooping cough,high,118/72,85,37.3,97,55.4,166.5,7,Resolved,
V-00274,P-0080,D-0027,H-0327,2025-06-22,18:30,17:30,30,Shoulder stiffness,swelling of feet|fatigue,Nephrotic syndrome,moderate,114/74,79,37.0,99,55.4,166.5,90,Resolved,
V-00275,P-0081,D-0297,H-0442,2026-05-09,19:00,18:05,30,Burning urination,fever|body ache|cough,Viral infection of unspecified site,low,103/69,82,37.1,99,3.5,47.9,30,Active,
V-00276,P-0081,D-0514,H-0131,2026-05-07,11:45,10:10,60,Blurred vision,passing blood in urine|painful urination|frequent urination|fatigue,Hematuria,moderate,104/64,84,36.9,98,3.5,47.9,,Resolved,
V-00277,P-0082,D-0368,H-0407,2025-06-23,13:15,12:00,25,Cough,diarrhoea|indigestion|heartburn|bloating|nausea,Other and unspecified noninfective gastroenteritis and colitis,high,109/73,79,38.5,91,48.2,151.3,90,Active,
V-00278,P-0082,D-0367,H-0301,2025-01-01,13:15,13:25,,Antenatal check-up,abdominal pain|bloating,Other functional intestinal disorders,low,103/62,70,37.0,99,48.2,151.3,30,Pending,
V-00279,P-0082,D-0440,H-0143,2025-06-10,15:30,15:05,10,Fever,cold intolerance|dry skin,Other hypothyroidism,moderate,105/66,73,36.3,97,48.2,151.3,7,Active,
V-00280,P-0082,D-0108,H-0419,2026-08-03,14:00,13:00,20,Growth review,anxiety|chest pain|restlessness,"Reaction to severe stress, and adjustment disorders",low,112/71,83,36.8,96,48.2,151.3,14,Active,
V-00281,P-0082,D-0278,H-0055,2026-05-16,14:45,13:15,30,Hearing loss,poor concentration|fatigue|chest pain|palpitations,Atrial fibrillation and flutter,low,106/70,74,37.1,100,48.2,151.3,,Resolved,
V-00282,P-0083,D-0331,H-0437,2025-12-10,18:00,18:05,10,Irregular periods,hearing loss|irritability|ear discharge|ear pain,Suppurative and unspecified otitis media,moderate,105/66,74,36.8,100,61.4,147.6,,Resolved,
V-00283,P-0083,D-0492,H-0054,2026-09-04,15:45,14:25,60,Burning urination,breathlessness|fatigue|wheezing|fever,Bronchiectasis,severe,105/68,74,38.6,92,61.4,147.6,,Resolved,
V-00284,P-0084,D-0483,H-0187,2025-02-05,19:15,19:25,15,Routine scan,dry skin|itching|rash,Other and unspecified dermatitis,moderate,111/74,85,36.7,99,83.5,180.2,,Active,
V-00285,P-0084,D-0299,H-0119,2025-06-10,11:45,10:05,60,Fracture follow-up,palpitations|dizziness|chest pain,Essential (primary) hypertension,moderate,106/66,77,37.8,98,83.5,180.2,30,Resolved,
V-00286,P-0084,D-0142,H-0015,2026-03-11,13:30,12:15,25,Poor feeding,breathlessness|fever|dry cough,Cough,moderate,117/75,95,36.7,95,83.5,180.2,90,Active,
V-00287,P-0084,D-0443,H-0225,2026-02-23,12:30,12:20,25,Headache,excessive thirst|vomiting|abdominal pain,Type 1 diabetes mellitus,low,116/79,92,36.5,99,83.5,180.2,7,Active,
V-00288,P-0084,D-0260,H-0217,2025-04-23,12:30,12:05,10,Weight change,nosebleed|high fever|bruising|bleeding gums|weakness,Dengue hemorrhagic fever,high,115/75,91,38.4,92,83.5,180.2,90,Active,
V-00289,P-0086,D-0313,H-0504,2026-08-11,14:45,14:30,20,Weight change,fatigue|fever|vomiting|breathlessness,Whooping cough,moderate,115/69,64,37.2,94,69.3,163.2,30,Active,
V-00290,P-0086,D-0165,H-0138,2026-01-21,12:45,12:30,60,General weakness,excessive thirst|weight loss,Type 1 diabetes mellitus,low,115/71,63,37.1,98,69.3,163.2,30,Active,
V-00291,P-0086,D-0395,H-0064,2026-01-06,18:45,18:20,30,Pre-operative assessment,fever|chest pain|fatigue|breathlessness,Acute bronchitis,low,121/77,71,36.4,95,69.3,163.2,14,Resolved,
V-00292,P-0086,D-0005,H-0008,2026-06-20,11:45,11:25,60,Routine scan,body ache|headache|runny nose,Viral infection of unspecified site,high,121/81,70,38.3,97,69.3,163.2,7,Active,
V-00293,P-0087,D-0033,H-0009,2025-02-15,16:15,15:00,60,Heavy periods,upper abdominal pain|difficulty swallowing|cough,Gastro-esophageal reflux disease,high,124/83,75,39.0,90,61.8,160.7,30,Active,
V-00294,P-0087,D-0230,H-0421,2026-07-08,19:00,18:30,25,Growth review,dry eyes|headache|fatigue|eye pain,Disorders of refraction and accommodation,moderate,116/77,65,36.6,96,61.8,160.7,30,Resolved,
V-00295,P-0087,D-0033,H-0009,2026-10-07,15:00,15:05,45,Antenatal check-up,chest pain|fatigue|joint pain|upper abdominal pain,Disorders of lipoprotein metabolism and other lipidemias,low,120/80,70,37.1,98,61.8,160.7,30,Resolved,
V-00296,P-0087,D-0440,H-0143,2026-02-12,18:45,17:12,10,Poor feeding,skin scaling|itching|rash,Other erythematous conditions,low,126/76,77,37.1,97,61.8,160.7,,Active,
V-00297,P-0088,D-0055,H-0147,2026-06-13,18:15,17:20,60,Follow-up for medication,joint pain|fatigue|headache|tenderness,"Other and unspecified soft tissue disorders, not elsewhere classified",low,131/84,84,37.3,99,55.9,160.7,,Active,
V-00298,P-0088,D-0045,H-0362,2026-07-24,09:45,08:05,60,Sugar review,hair loss|skin scaling|itching|redness,Other nonscarring hair loss,moderate,124/82,75,36.6,99,55.9,160.7,,Resolved,
V-00299,P-0088,D-0454,H-0341,2025-07-07,10:15,09:30,45,Sleep disturbance,eye pain|itching|blurred vision,Conjunctivitis,moderate,133/80,87,37.2,95,55.9,160.7,,Active,
V-00300,P-0088,D-0112,H-0302,2025-11-14,13:00,12:25,15,Chronic cough,stiffness|tingling|morning stiffness|body ache,Dorsalgia,moderate,123/74,74,37.2,96,55.9,160.7,7,Active,
V-00301,P-0088,D-0325,H-0368,2026-05-08,10:45,09:00,,Abdominal pain,itching|pimples,Acne,high,126/77,78,37.7,94,55.9,160.7,,Pending,
V-00302,P-0088,D-0521,H-0136,2026-11-03,10:45,09:30,60,Post-operative review,dizziness on standing|blood in stool|fatigue,"Gastrointestinal hemorrhage, unspecified",high,130/83,82,38.2,97,55.9,160.7,90,Active,
V-00303,P-0089,D-0215,H-0394,2025-03-19,09:45,08:15,10,Cough,sore throat|headache,Acute tonsillitis,low,102/64,64,35.9,96,73.9,164.4,90,Active,
V-00304,P-0089,D-0368,H-0407,2025-06-24,17:15,16:10,15,Cough,runny nose|cough|fever,Acute upper respiratory infections of multiple and unspecified sites,severe,110/73,74,37.1,90,73.9,164.4,,Resolved,
V-00305,P-0089,D-0232,H-0323,2025-05-04,17:15,17:10,45,Fracture follow-up,blurred vision|headache|eye pain,Age-related cataract,moderate,111/69,76,35.9,99,73.9,164.4,14,Resolved,
V-00306,P-0089,D-0310,H-0178,2025-02-23,12:00,11:30,15,BP review,pale skin|fatigue|vomiting,"Gastrointestinal hemorrhage, unspecified",high,111/69,75,37.9,91,73.9,164.4,7,Active,
V-00307,P-0089,D-0351,H-0519,2026-10-17,15:15,15:25,15,Hearing loss,cough|sleep disturbance|chest tightness|breathlessness on exertion|wheezing,Asthma,high,107/71,70,38.8,93,73.9,164.4,90,Resolved,
V-00308,P-0089,D-0401,H-0076,2026-12-16,15:45,14:05,15,Low mood,difficulty swallowing|fever|headache|sore throat,Acute pharyngitis,moderate,103/64,65,37.5,95,73.9,164.4,90,Active,
V-00309,P-0090,D-0102,H-0502,2026-11-08,13:30,13:00,20,Swelling of feet,rash|itching|redness,Psoriasis,high,113/77,85,38.1,88,51.6,158.7,14,Active,
V-00310,P-0090,D-0085,H-0008,2025-08-16,19:45,19:15,,Hearing loss,vomiting|nausea|ear pain,Disorders of vestibular function,low,111/72,81,37.2,97,51.6,158.7,,Pending,
V-00311,P-0090,D-0433,H-0192,2025-03-26,18:45,18:10,60,Back pain,breathlessness|vomiting|fatigue|feeding difficulty|cough,Whooping cough,severe,116/77,89,38.0,95,51.6,158.7,30,Resolved,
V-00312,P-0090,D-0026,H-0251,2025-12-15,18:15,17:05,45,Back pain,rigors|body ache|nausea|headache|vomiting,Unspecified malaria,moderate,112/70,84,37.3,97,51.6,158.7,,Active,
V-00313,P-0090,D-0159,H-0490,2025-04-26,11:15,11:12,20,Pre-operative assessment,depression|tremor,Parkinson's disease,moderate,115/74,88,37.0,97,51.6,158.7,14,Active,
V-00314,P-0092,D-0194,H-0034,2025-03-07,18:30,17:00,,Chronic cough,nausea|constipation|abdominal pain,Other functional intestinal disorders,low,115/75,88,37.0,97,82.3,163.3,14,Pending,
V-00315,P-0092,D-0338,H-0038,2025-07-04,15:00,15:12,25,Anxiety,cough|wheezing|breathlessness on exertion|sleep disturbance|breathlessness,Asthma,low,104/64,71,37.4,100,82.3,163.3,,Active,
V-00316,P-0092,D-0207,H-0359,2025-03-21,09:00,09:00,,Shoulder stiffness,fever|difficulty swallowing|swollen glands|headache|sore throat,Acute tonsillitis,low,112/67,83,36.9,97,82.3,163.3,,Pending,
V-00317,P-0092,D-0429,H-0395,2026-07-06,16:30,16:10,15,General weakness,lower abdominal pain|bloating|pelvic pain|painful urination,Endometriosis,high,114/72,87,37.5,95,82.3,163.3,,Resolved,
V-00318,P-0093,D-0494,H-0290,2025-11-21,12:45,11:05,30,Post-operative review,fever|joint pain|fatigue,Other rheumatoid arthritis,moderate,114/76,77,36.5,98,64.5,169.9,,Active,
V-00319,P-0093,D-0144,H-0450,2026-08-18,19:30,18:10,15,Chest tightness on exertion,abdominal pain|weakness,"Infectious gastroenteritis and colitis, unspecified",moderate,121/75,87,36.7,98,64.5,169.9,30,Active,
V-00320,P-0093,D-0480,H-0387,2026-06-18,18:45,17:12,60,Blurred vision,fatigue|cough,Acute bronchitis,moderate,117/75,82,36.7,98,64.5,169.9,30,Resolved,
V-00321,P-0094,D-0201,H-0354,2025-03-12,13:30,13:12,25,Shoulder stiffness,constipation|abdominal pain|bloating,Other functional intestinal disorders,moderate,138/89,72,36.7,96,48.3,153.9,,Resolved,
V-00322,P-0094,D-0446,H-0062,2025-06-10,09:15,08:15,60,Fever and body ache,fever|hearing loss|sleep disturbance|ear pain|ear discharge,Suppurative and unspecified otitis media,low,141/86,75,36.6,98,48.3,153.9,,Resolved,
V-00323,P-0094,D-0011,H-0008,2025-03-16,09:15,09:20,60,Sleep disturbance,fever|facial pain|difficulty swallowing|ear pain,Diseases of pulp and periapical tissues,severe,134/81,67,38.1,96,48.3,153.9,,Resolved,
V-00324,P-0094,D-0032,H-0388,2025-10-04,12:15,11:25,45,Sore throat,weakness|diarrhoea|fainting|vomiting,Volume depletion,low,139/93,73,36.6,100,48.3,153.9,,Active,
V-00325,P-0095,D-0488,H-0094,2026-10-04,12:30,11:15,60,Foamy urine,productive cough|breathlessness|cough|fatigue|weight loss,Respiratory tuberculosis,moderate,124/75,71,37.0,98,79.5,167.6,14,Resolved,
V-00326,P-0095,D-0462,H-0403,2025-12-09,12:45,11:12,20,Hair fall,headache|pain|blisters|fever|body ache,Varicella [chickenpox],low,113/73,59,37.1,96,79.5,167.6,90,Active,
V-00327,P-0095,D-0374,H-0186,2026-05-28,13:45,12:15,30,Acne,fatigue|poor concentration|weight loss|excessive thirst,Elevated blood glucose level,moderate,119/72,66,36.6,96,79.5,167.6,,Resolved,
V-00328,P-0096,D-0001,H-0002,2025-04-03,12:00,11:30,20,Cough and cold,fatigue|cough|vomiting|fever|breathlessness,Whooping cough,high,111/68,68,38.3,92,16.9,99.5,,Resolved,
V-00329,P-0096,D-0071,H-0229,2025-06-25,15:45,15:00,60,Acne,fever|productive cough|cough,"Pneumonia, unspecified organism",low,118/79,76,37.0,99,16.9,99.5,30,Active,
V-00330,P-0096,D-0359,H-0030,2025-03-04,09:00,09:25,60,Cough and cold,chest pain|palpitations|dizziness|fainting|fatigue,Dizziness and giddiness,moderate,115/76,73,37.0,96,16.9,99.5,90,Active,
V-00331,P-0096,D-0399,H-0300,2025-06-05,19:00,18:00,15,Hair fall,itching|rash,Rash and other nonspecific skin eruption,low,112/72,69,36.6,95,16.9,99.5,,Active,
V-00332,P-0096,D-0374,H-0186,2026-01-18,18:15,17:10,25,Skin rash,weakness|vomiting|rash|bruising|nosebleed,Dengue hemorrhagic fever,low,111/68,68,37.6,100,16.9,99.5,,Active,
V-00333,P-0096,D-0519,H-0268,2025-11-11,10:15,09:05,20,Knee pain,rash|dry skin|skin scaling|itching,Other and unspecified dermatitis,moderate,122/77,81,36.8,100,16.9,99.5,30,Resolved,
V-00334,P-0097,D-0257,H-0130,2025-08-15,16:30,15:10,10,Ankle swelling,vomiting|frequent urination|nausea|abdominal pain,Type 1 diabetes mellitus,severe,124/79,83,37.7,95,42.7,157.4,30,Active,
V-00335,P-0097,D-0491,H-0338,2025-01-01,09:00,09:15,15,Breathlessness,skin scaling|redness|itching|rash,Psoriasis,low,120/76,78,36.7,94,42.7,157.4,7,Staged,
V-00336,P-0097,D-0111,H-0477,2026-06-20,10:00,09:10,60,Breathlessness,cough|breathlessness,Respiratory tuberculosis,moderate,126/84,86,36.9,95,42.7,157.4,7,Resolved,
V-00337,P-0097,D-0178,H-0289,2026-01-15,15:15,15:10,15,Loose motions,joint pain|sleep disturbance|weight gain|breathlessness on exertion|poor concentration,Overweight and obesity,moderate,118/78,74,37.3,100,42.7,157.4,,Resolved,
V-00338,P-0097,D-0353,H-0213,2026-06-26,10:00,10:12,,Anxiety,constipation|bloating,Irritable bowel syndrome,low,116/71,72,37.2,94,42.7,157.4,,Pending,
V-00339,P-0097,D-0489,H-0240,2026-10-25,14:45,13:12,,Hypertension review,weakness|dizziness on standing|fainting,Syncope and collapse,moderate,123/77,81,36.6,100,42.7,157.4,14,Pending,
V-00340,P-0097,D-0389,H-0054,2025-01-01,14:15,13:05,10,Poor feeding,morning stiffness|lower back pain,Dorsalgia,moderate,119/75,77,37.2,94,42.7,157.4,14,Active,
V-00341,P-0097,D-0185,H-0376,2025-09-21,14:45,14:15,25,Sleep disturbance,redness|rash|fever|itching,Rash and other nonspecific skin eruption,low,120/78,77,37.3,99,42.7,157.4,,Resolved,
V-00342,P-0098,D-0294,H-0395,2025-08-20,15:45,15:10,,Pre-operative assessment,blurred vision|poor concentration|excessive thirst|weight loss,Type 2 diabetes mellitus,low,110/67,76,37.3,99,57.4,146.0,14,Pending,
V-00343,P-0099,D-0288,H-0192,2026-09-19,11:30,11:20,25,Antenatal check-up,rash|redness|skin scaling,Other erythematous conditions,low,122/76,68,36.7,98,36.5,131.8,7,Active,
V-00344,P-0099,D-0305,H-0463,2025-08-01,16:30,16:12,,Wheezing,fainting|confusion|headache|seizure,Epilepsy and recurrent seizures,moderate,120/79,65,36.6,99,36.5,131.8,7,Pending,
V-00345,P-0099,D-0254,H-0505,2025-07-17,17:45,17:15,20,Blurred vision,blurred vision|itching,Conjunctivitis,low,126/79,72,36.8,95,36.5,131.8,,Active,
V-00346,P-0099,D-0152,H-0111,2025-02-12,14:15,14:15,60,Heavy periods,frequent urination|fatigue,Hematuria,moderate,126/85,72,36.8,97,36.5,131.8,7,Resolved,
V-00347,P-0100,D-0199,H-0063,2025-02-22,10:15,10:30,25,Fever,dizziness on standing|blood in stool|vomiting|pale skin|fatigue,"Gastrointestinal hemorrhage, unspecified",high,121/77,68,38.3,95,55.3,148.0,14,Active,
V-00348,P-0100,D-0138,H-0289,2025-02-15,11:30,11:30,30,Itching,cough|runny nose|fever|body ache|headache,Viral infection of unspecified site,moderate,121/77,68,36.6,97,55.3,148.0,90,Resolved,
V-00349,P-0100,D-0536,H-0193,2025-08-13,13:00,13:15,60,Loose motions,poor concentration|dizziness|fatigue|chest pain|breathlessness,Atrial fibrillation and flutter,moderate,119/80,66,36.8,94,55.3,148.0,30,Resolved,
V-00350,P-0100,D-0005,H-0008,2025-04-04,19:45,18:15,,Antenatal check-up,anxiety|palpitations|restlessness|dizziness|muscle ache,Other anxiety disorders,moderate,119/73,67,36.9,97,55.3,148.0,90,Pending,
V-00351,P-0101,D-0411,H-0093,2026-05-28,17:30,17:10,,Routine scan,breathlessness on exertion|poor concentration,Overweight and obesity,moderate,126/85,91,36.6,100,51.8,154.7,90,Pending,
V-00352,P-0101,D-0285,H-0513,2026-03-03,11:15,11:20,45,Sleep disturbance,poor concentration|fatigue,Elevated blood glucose level,moderate,114/74,74,37.1,94,51.8,154.7,14,Resolved,
V-00353,P-0101,D-0446,H-0062,2026-12-06,13:00,13:05,15,General weakness,chest pain|fainting|dizziness|palpitations,Dizziness and giddiness,moderate,118/71,80,36.8,94,51.8,154.7,30,Active,
V-00354,P-0103,D-0271,H-0510,2026-08-12,14:15,13:30,25,Itching,headache|body ache|pain,Varicella [chickenpox],severe,136/92,80,39.1,97,60.1,153.4,,Active,
V-00355,P-0103,D-0341,H-0467,2026-01-07,16:30,16:10,45,Headache,bloating|constipation,Other functional intestinal disorders,moderate,132/86,75,36.7,95,60.1,153.4,,Active,
V-00356,P-0104,D-0397,H-0323,2026-01-24,16:45,16:25,25,Burning urination,palpitations|weakness,"Other disorders of fluid, electrolyte and acid-base balance",moderate,118/79,82,37.4,96,25.1,110.9,7,Active,
V-00357,P-0104,D-0392,H-0081,2025-05-15,09:00,09:00,30,Eye check-up,weakness in one limb|headache,Epilepsy and recurrent seizures,moderate,116/78,80,36.5,100,25.1,110.9,30,Active,
V-00358,P-0105,D-0176,H-0059,2026-09-19,13:45,13:25,,Irregular periods,dry skin|redness|itching|rash|skin scaling,Other and unspecified dermatitis,low,106/64,58,37.0,97,48.1,154.5,,Pending,
V-00359,P-0105,D-0388,H-0108,2026-02-09,13:45,13:25,45,Loose motions,dizziness on standing|excessive periods|fatigue|pale skin,"Excessive, frequent and irregular menstruation",moderate,114/69,68,38.0,98,48.1,154.5,7,Active,
V-00360,P-0105,D-0213,H-0287,2026-03-13,14:00,13:20,10,Burning urination,headache|cough|body ache|fever|runny nose,Viral infection of unspecified site,high,106/64,58,38.3,90,48.1,154.5,90,Resolved,
V-00361,P-0105,D-0114,H-0011,2026-09-16,14:00,13:30,20,Routine scan,frequent urination|poor concentration|excessive thirst|weight loss|fatigue,Elevated blood glucose level,low,107/65,59,36.9,95,48.1,154.5,30,Active,
V-00362,P-0107,D-0157,H-0514,2025-04-06,17:30,16:12,15,Anxiety,fever|difficulty swallowing|headache|swollen glands,Acute pharyngitis,moderate,102/65,68,37.1,99,26.8,114.5,,Resolved,
V-00363,P-0107,D-0281,H-0276,2025-02-21,16:30,16:05,20,Fit review,high fever|weight loss,Miliary tuberculosis,low,105/70,73,37.1,96,26.8,114.5,30,Resolved,
V-00364,P-0107,D-0195,H-0196,2026-04-25,15:30,15:05,45,Tingling in hand,body ache|cough,Viral infection of unspecified site,high,102/65,69,38.0,91,26.8,114.5,30,Resolved,
V-00365,P-0110,D-0249,H-0373,2025-12-28,14:45,13:10,25,Follow-up for medication,joint pain|fatigue|stiffness,Other rheumatoid arthritis,moderate,124/84,64,36.6,95,71.5,175.0,14,Active,
V-00366,P-0110,D-0534,H-0478,2025-01-06,09:45,08:15,30,Burning urination,stiffness|fatigue|morning stiffness,Other rheumatoid arthritis,high,119/77,58,37.8,90,71.5,175.0,,Active,
V-00367,P-0110,D-0205,H-0268,2026-06-18,15:30,15:10,30,Fever,fatigue|blood in stool,"Gastrointestinal hemorrhage, unspecified",low,122/76,61,37.1,94,71.5,175.0,30,Active,
V-00368,P-0111,D-0500,H-0456,2025-02-02,12:45,12:15,,Shoulder stiffness,low-grade fever|nasal congestion|runny nose|sneezing,Acute nasopharyngitis [common cold],high,123/83,77,38.8,93,75.2,167.3,,Pending,
V-00369,P-0111,D-0007,H-0003,2026-11-01,19:15,18:10,20,Acne,chest pain|poor concentration|headache,"Reaction to severe stress, and adjustment disorders",moderate,112/73,63,36.9,96,75.2,167.3,90,Active,
V-00370,P-0111,D-0411,H-0093,2026-12-05,14:00,13:12,25,Routine scan,painful chewing|toothache|bad breath|gum bleeding,Gingivitis and periodontal diseases,low,114/76,65,36.9,98,75.2,167.3,7,Resolved,
V-00371,P-0112,D-0502,H-0444,2025-01-10,13:30,12:12,25,Acidity,neck pain|blurred vision,Headache,low,134/91,75,37.2,97,28.8,118.2,7,Active,
V-00372,P-0112,D-0034,H-0008,2025-07-07,19:15,18:00,30,Sleep disturbance,abdominal pain|muscle ache|palpitations|numbness,"Other disorders of fluid, electrolyte and acid-base balance",moderate,127/83,67,37.4,98,28.8,118.2,30,Active,
V-00373,P-0112,D-0084,H-0253,2025-10-27,19:30,19:05,15,Urinary urgency,redness|skin scaling|dry skin|rash|itching,Other and unspecified dermatitis,high,126/82,66,38.2,93,28.8,118.2,90,Resolved,
V-00374,P-0112,D-0031,H-0383,2026-07-06,11:00,11:00,15,Fever and body ache,fatigue|cough|headache|runny nose,Viral infection of unspecified site,high,127/84,68,38.7,88,28.8,118.2,7,Resolved,
V-00375,P-0112,D-0065,H-0175,2025-09-21,14:45,13:05,,Urinary urgency,sore throat|ear pain|hoarseness|fever,"Diseases of vocal cords and larynx, not elsewhere classified",moderate,139/83,80,36.9,95,28.8,118.2,,Pending,
V-00376,P-0112,D-0513,H-0302,2026-09-13,15:30,15:25,,Hearing loss,palpitations|poor concentration|pale skin|weakness,Malaise and fatigue,moderate,126/82,66,36.8,97,28.8,118.2,14,Pending,
V-00377,P-0113,D-0297,H-0442,2026-10-20,11:00,11:10,25,Burning urination,fatigue|chills,Fever of other and unknown origin,low,125/85,66,36.5,95,53.1,161.3,90,Active,
V-00378,P-0113,D-0221,H-0025,2026-06-22,11:30,10:30,,Poor feeding,nausea|diarrhoea|weakness|abdominal pain|vomiting,"Infectious gastroenteritis and colitis, unspecified",moderate,130/78,72,37.5,99,53.1,161.3,,Pending,
V-00379,P-0113,D-0031,H-0383,2025-06-15,10:00,09:00,25,Fever and body ache,sleep disturbance|wheezing,Asthma,moderate,135/85,78,37.1,99,53.1,161.3,,Resolved,
V-00380,P-0113,D-0117,H-0349,2025-03-07,18:00,18:25,20,Acidity,productive cough|fatigue|chest pain|fever|cough,Acute bronchitis,moderate,127/77,69,36.8,98,53.1,161.3,14,Active,
V-00381,P-0113,D-0029,H-0506,2025-03-21,10:30,09:25,30,Blurred vision,high fever|weakness|rash|nosebleed|vomiting,Dengue hemorrhagic fever,low,124/79,66,36.4,99,53.1,161.3,,Resolved,
V-00382,P-0114,D-0320,H-0258,2025-05-27,17:00,16:25,10,Fracture follow-up,memory loss|confusion|weakness in one limb|fainting,Epilepsy and recurrent seizures,low,128/78,80,36.5,96,32.8,126.8,30,Resolved,
V-00383,P-0114,D-0164,H-0505,2026-09-28,15:45,14:12,30,Red eye,vomiting|lower abdominal pain|fever,Abdominal and pelvic pain,moderate,127/82,79,36.8,99,32.8,126.8,14,Active,
V-00384,P-0114,D-0462,H-0403,2025-10-17,11:15,10:05,10,Itching,eye pain|light sensitivity,Conjunctivitis,moderate,131/85,84,36.8,96,32.8,126.8,,Active,
V-00385,P-0115,D-0389,H-0054,2025-10-20,10:45,10:15,30,Fever,redness|pimples,Acne,high,105/64,82,37.5,94,55.3,160.0,,Resolved,
V-00386,P-0115,D-0213,H-0287,2025-12-27,15:15,15:10,30,Urinary urgency,dizziness|blurred vision|nausea|fatigue|neck pain,Headache,moderate,105/67,82,36.8,96,55.3,160.0,,Active,
V-00387,P-0115,D-0134,H-0233,2025-03-15,15:30,15:25,,Growth review,neck pain|headache|dizziness|nausea,Headache,high,109/71,89,39.0,91,55.3,160.0,30,Pending,
V-00388,P-0115,D-0354,H-0154,2026-06-20,16:30,16:10,45,Fit review,nausea|chills,Unspecified malaria,low,107/67,86,37.4,96,55.3,160.0,,Active,
V-00389,P-0115,D-0040,H-0273,2025-08-25,10:15,09:12,30,Breathlessness,dizziness on standing|diarrhoea,Volume depletion,low,107/70,86,36.5,99,55.3,160.0,,Resolved,
V-00390,P-0116,D-0364,H-0292,2026-04-04,14:45,13:15,20,Low mood,back pain|lower back pain|stiffness|morning stiffness|tingling,Dorsalgia,moderate,111/73,83,37.2,99,71.3,170.5,,Resolved,
V-00391,P-0116,D-0367,H-0301,2025-05-17,13:15,13:20,20,Irregular periods,headache|fatigue|dry eyes|blurred vision,Disorders of refraction and accommodation,moderate,113/70,86,37.4,97,71.3,170.5,30,Active,
V-00392,P-0116,D-0168,H-0474,2025-04-27,17:30,17:12,20,Acidity,fatigue|poor concentration|frequent urination,Type 2 diabetes mellitus,moderate,111/68,83,37.4,98,71.3,170.5,,Resolved,
V-00393,P-0116,D-0456,H-0264,2025-05-02,11:00,10:00,20,Blurred vision,fever|sore throat|difficulty swallowing,"Diseases of vocal cords and larynx, not elsewhere classified",moderate,116/78,91,37.0,99,71.3,170.5,,Resolved,
V-00394,P-0116,D-0432,H-0108,2025-04-05,14:00,13:00,10,Tingling in hand,productive cough|cough|wheezing|fatigue,Other chronic obstructive pulmonary disease,low,117/76,93,36.6,100,71.3,170.5,90,Active,
V-00395,P-0117,D-0299,H-0119,2026-11-02,10:30,10:10,20,Back pain,muscle ache|weakness,Other disorders of muscle,moderate,133/80,81,37.2,98,58.0,160.5,90,Active,
V-00396,P-0117,D-0033,H-0009,2025-07-09,11:15,10:00,10,Irregular periods,redness|discharge|swelling of feet|itching,Other local infections of skin and subcutaneous tissue,low,135/88,83,36.5,95,58.0,160.5,,Active,
V-00397,P-0118,D-0052,H-0037,2026-08-07,18:00,17:12,30,Chronic cough,dizziness|chest pain|palpitations|fatigue|fainting,Dizziness and giddiness,high,133/90,63,37.5,97,21.6,111.0,90,Resolved,
V-00398,P-0118,D-0495,H-0510,2026-11-25,16:00,16:00,20,Cough,fever|hearing loss|irritability|ear discharge,Suppurative and unspecified otitis media,moderate,131/80,61,36.7,95,21.6,111.0,30,Active,
V-00399,P-0118,D-0391,H-0200,2025-05-11,10:45,10:15,60,Headache,nausea|vomiting|fever|lower abdominal pain|diarrhoea,Abdominal and pelvic pain,low,129/85,58,37.6,98,21.6,111.0,,Active,
V-00400,P-0118,D-0426,H-0034,2025-06-11,18:00,18:15,10,Fever,weakness|nausea|abdominal pain|vomiting|diarrhoea,"Infectious gastroenteritis and colitis, unspecified",moderate,136/85,66,36.9,95,21.6,111.0,30,Resolved,
V-00401,P-0118,D-0487,H-0431,2025-04-05,13:30,13:30,20,Irregular periods,sleep disturbance|breathlessness|breathlessness on exertion,Asthma,low,143/87,72,36.3,98,21.6,111.0,,Active,
V-00402,P-0118,D-0352,H-0509,2026-08-22,14:00,13:20,20,Pre-operative assessment,fainting|headache|weakness in one limb,Epilepsy and recurrent seizures,severe,140/88,69,37.7,91,21.6,111.0,14,Resolved,
V-00403,P-0118,D-0494,H-0290,2026-07-22,16:30,16:25,30,Pre-operative assessment,sleep disturbance|rash,Atopic dermatitis,moderate,130/81,59,36.8,98,21.6,111.0,90,Active,
V-00404,P-0119,D-0456,H-0264,2026-04-27,17:15,16:00,10,Eye check-up,breathlessness on exertion|shortness of breath on lying flat,Heart failure,moderate,135/86,75,36.6,98,64.2,154.0,,Active,
V-00405,P-0119,D-0269,H-0467,2026-02-12,18:45,18:20,20,Hearing loss,watering eyes|red eye|eye pain|itching|light sensitivity,Conjunctivitis,moderate,131/87,70,37.2,95,64.2,154.0,14,Staged,
V-00406,P-0119,D-0447,H-0198,2025-06-13,18:15,17:20,,Sleep disturbance,chest pain|breathlessness|palpitations|dizziness|poor concentration,Atrial fibrillation and flutter,low,130/85,69,36.3,100,64.2,154.0,90,Pending,
V-00407,P-0119,D-0109,H-0239,2025-10-21,15:15,14:12,10,Wheezing,headache|confusion|seizure,Epilepsy and recurrent seizures,low,135/84,74,37.0,98,64.2,154.0,30,Active,
V-00408,P-0120,D-0363,H-0473,2025-08-21,13:00,13:10,25,Swelling of feet,fatigue|weakness|body ache|muscle ache|tenderness,Other disorders of muscle,moderate,133/88,82,37.0,97,51.3,166.8,,Staged,
V-00409,P-0120,D-0369,H-0157,2025-11-05,17:00,17:15,30,Sore throat,upper abdominal pain|fatigue|poor concentration|chest pain,Disorders of lipoprotein metabolism and other lipidemias,moderate,140/88,90,36.8,99,51.3,166.8,,Active,
V-00410,P-0120,D-0201,H-0354,2026-11-11,11:15,10:05,30,Knee pain,weakness|numbness|abdominal pain,"Other disorders of fluid, electrolyte and acid-base balance",moderate,135/86,84,37.5,98,51.3,166.8,,Resolved,
V-00411,P-0120,D-0294,H-0395,2025-11-11,18:00,18:30,20,Pre-operative assessment,frequent urination|vomiting|excessive thirst,Type 1 diabetes mellitus,moderate,133/82,82,36.8,98,51.3,166.8,,Active,
V-00412,P-0121,D-0054,H-0295,2026-02-01,18:00,18:15,60,Follow-up for medication,pelvic pain|fatigue,Unspecified lump in breast,high,131/83,79,38.9,92,63.5,155.1,,Active,
V-00413,P-0121,D-0408,H-0113,2026-06-13,13:15,13:10,60,Follow-up for medication,tremor|sweating|sleep disturbance|weight loss|anxiety,Thyrotoxicosis [hyperthyroidism],moderate,134/86,83,37.1,96,63.5,155.1,,Resolved,
V-00414,P-0121,D-0239,H-0217,2026-12-27,13:15,13:30,,Heavy periods,fatigue|missed period|bleeding gums|irregular periods,"Absent, scanty and rare menstruation",moderate,131/88,79,36.8,100,63.5,155.1,14,Pending,
V-00415,P-0121,D-0244,H-0127,2025-04-22,10:00,10:10,25,Back pain,anxiety|palpitations|tremor|sleep disturbance,Thyrotoxicosis [hyperthyroidism],high,138/94,88,37.5,89,63.5,155.1,90,Active,
V-00416,P-0122,D-0165,H-0138,2026-09-24,18:15,18:00,15,Fever and body ache,stiffness|lower back pain|tingling,Dorsalgia,low,113/69,71,36.5,98,59.2,157.8,90,Active,
V-00417,P-0122,D-0435,H-0024,2025-02-05,12:45,11:30,15,Pre-operative assessment,painful periods|excessive periods|pelvic pain,Leiomyoma of uterus,high,104/66,60,38.5,91,59.2,157.8,14,Resolved,
V-00418,P-0123,D-0133,H-0439,2026-05-02,12:00,12:00,45,Post-operative review,joint pain|breathlessness on exertion|weight gain|sleep disturbance,Overweight and obesity,high,127/81,91,38.1,97,52.1,153.7,90,Active,
V-00419,P-0123,D-0540,H-0369,2026-01-16,10:15,10:20,,Acne,rash|redness,Other erythematous conditions,moderate,118/77,77,37.1,99,52.1,153.7,14,Pending,
V-00420,P-0123,D-0026,H-0251,2025-12-08,19:15,19:20,30,Shoulder stiffness,weakness in one limb|numbness|night pain,Mononeuropathies of upper limb,severe,128/86,92,38.6,92,52.1,153.7,30,Resolved,
V-00421,P-0124,D-0426,H-0034,2025-10-04,19:30,19:12,20,Fever,sleep disturbance|ear discharge,Suppurative and unspecified otitis media,low,122/80,64,36.4,98,47.3,139.3,30,Active,
V-00422,P-0126,D-0322,H-0146,2026-11-24,13:15,13:15,45,Hearing loss,bruising|fatigue|dizziness on standing|excessive periods,"Excessive, frequent and irregular menstruation",low,135/86,74,36.9,98,47.7,159.2,30,Resolved,
V-00423,P-0126,D-0189,H-0492,2025-06-20,19:15,18:20,10,Headache,excessive thirst|poor concentration,Elevated blood glucose level,high,129/82,68,37.7,96,47.7,159.2,30,Resolved,
V-00424,P-0127,D-0115,H-0284,2025-01-20,09:15,09:00,,Blurred vision,dry skin|fatigue|hair loss,Other hypothyroidism,moderate,124/84,72,36.9,98,66.2,158.3,90,Pending,
V-00425,P-0127,D-0250,H-0093,2025-11-27,17:30,16:30,60,Fracture follow-up,fatigue|weakness|blood in stool,"Gastrointestinal hemorrhage, unspecified",moderate,118/79,66,36.7,100,66.2,158.3,7,Resolved,
V-00426,P-0127,D-0482,H-0068,2026-04-02,17:15,16:10,30,Weight change,fatigue|frequent urination|blurred vision|weight loss|poor concentration,Type 2 diabetes mellitus,high,119/77,67,39.0,91,66.2,158.3,,Active,
V-00427,P-0127,D-0113,H-0247,2026-03-10,09:15,09:20,30,Itching,restlessness|nausea|upper abdominal pain,Calculus of kidney and ureter,high,114/74,61,37.8,90,66.2,158.3,14,Staged,
V-00428,P-0128,D-0380,H-0007,2025-02-03,15:30,14:30,30,Chronic cough,vomiting|abdominal pain|nausea|weakness,"Infectious gastroenteritis and colitis, unspecified",low,128/83,72,36.9,98,55.9,151.3,90,Resolved,
V-00429,P-0128,D-0217,H-0110,2026-11-18,17:00,17:20,60,Chest tightness on exertion,fatigue|breathlessness|productive cough,"Pneumonia, unspecified organism",moderate,128/86,73,36.9,96,55.9,151.3,90,Active,
V-00430,P-0129,D-0404,H-0107,2025-09-03,14:00,14:12,30,Swelling of feet,diarrhoea|vomiting|dizziness on standing,Volume depletion,severe,126/81,69,37.7,96,58.6,170.0,7,Active,
V-00431,P-0129,D-0466,H-0457,2026-01-22,16:00,16:05,30,Acne,light sensitivity|halos around lights|headache|eye pain|blurred vision,Age-related cataract,high,134/82,78,37.3,89,58.6,170.0,,Active,
V-00432,P-0129,D-0106,H-0317,2025-11-19,17:15,16:00,45,BP review,fatigue|breathlessness on exertion|cough|wheezing,Other chronic obstructive pulmonary disease,moderate,132/82,76,37.0,96,58.6,170.0,,Staged,
V-00433,P-0129,D-0242,H-0187,2025-07-25,17:30,17:20,,Headache,fainting|seizure|weakness in one limb|memory loss|headache,Epilepsy and recurrent seizures,low,130/81,73,37.3,99,58.6,170.0,,Pending,
V-00434,P-0130,D-0520,H-0352,2025-08-28,09:00,08:10,30,Sugar review,vomiting|dizziness on standing|diarrhoea,Volume depletion,high,108/67,88,38.7,92,57.6,169.6,,Active,
V-00435,P-0130,D-0082,H-0148,2026-12-02,09:30,08:00,,Stone review,joint swelling|joint pain|tenderness|morning stiffness,"Other joint disorder, not elsewhere classified",low,109/74,89,36.6,98,57.6,169.6,30,Pending,
V-00436,P-0130,D-0069,H-0383,2026-09-10,10:15,10:00,25,Ear pain,dizziness on standing|weakness|blood in stool,"Gastrointestinal hemorrhage, unspecified",moderate,110/69,90,37.7,95,57.6,169.6,,Active,
V-00437,P-0130,D-0291,H-0379,2025-04-21,16:30,15:12,10,General weakness,chest pain|breathlessness|confusion|productive cough|fever,"Pneumonia, unspecified organism",low,105/65,83,36.7,100,57.6,169.6,90,Active,
V-00438,P-0130,D-0265,H-0154,2025-02-05,16:30,16:10,25,Acne,redness|itching,Other and unspecified dermatitis,low,107/70,86,36.1,94,57.6,169.6,,Active,
V-00439,P-0130,D-0293,H-0203,2026-01-19,13:30,13:15,25,Fit review,sleep disturbance|anxiety|irritability|poor concentration|fatigue,Sleep disorders,high,111/74,92,37.9,92,57.6,169.6,,Resolved,
V-00440,P-0130,D-0210,H-0219,2025-10-09,09:45,09:12,,Palpitations,ear pain|hoarseness|sore throat|difficulty swallowing|fever,"Diseases of vocal cords and larynx, not elsewhere classified",moderate,108/71,87,36.7,95,57.6,169.6,,Pending,
V-00441,P-0131,D-0295,H-0354,2026-03-07,10:30,10:15,25,Heavy periods,restlessness|poor concentration|anxiety|sleep disturbance|headache,"Reaction to severe stress, and adjustment disorders",high,120/76,65,39.0,92,63.4,167.3,30,Active,
V-00442,P-0131,D-0076,H-0488,2026-09-27,14:30,13:25,20,Breathlessness,frequent urination|painful urination|passing blood in urine|fatigue,Hematuria,severe,117/77,63,38.1,95,63.4,167.3,,Active,
V-00443,P-0131,D-0096,H-0239,2026-09-18,13:30,13:12,25,Sleep disturbance,breathlessness|productive cough|fatigue,Acute bronchitis,moderate,122/81,68,36.6,96,63.4,167.3,30,Resolved,
V-00444,P-0132,D-0239,H-0217,2025-03-16,13:45,13:00,15,Irregular periods,fatigue|high fever|rash|headache|joint pain,Other mosquito-borne viral fevers,moderate,128/87,78,37.0,96,70.9,171.1,,Active,
V-00445,P-0132,D-0168,H-0474,2025-06-25,15:00,15:15,30,Abdominal pain,fatigue|nausea|blurred vision,Headache,low,126/79,75,36.9,94,70.9,171.1,90,Active,
V-00446,P-0134,D-0091,H-0218,2026-05-23,09:15,09:20,45,Shoulder stiffness,blurred vision|itching,Conjunctivitis,moderate,116/73,82,37.4,100,23.3,105.9,,Resolved,
V-00447,P-0134,D-0086,H-0447,2026-10-25,11:30,11:10,,Fever and body ache,cough|confusion,"Pneumonia, unspecified organism",moderate,124/83,94,37.0,96,23.3,105.9,,Pending,
V-00448,P-0134,D-0047,H-0190,2025-04-21,18:45,18:05,30,Red eye,sore throat|fever,Acute tonsillitis,low,114/69,79,36.8,95,23.3,105.9,90,Resolved,
V-00449,P-0134,D-0358,H-0397,2025-12-14,11:30,11:25,10,Tingling in hand,headache|fatigue|sneezing|sore throat,Acute nasopharyngitis [common cold],low,126/78,96,36.6,100,23.3,105.9,30,Resolved,
V-00450,P-0134,D-0189,H-0492,2026-02-19,15:00,14:30,60,Headache,pale skin|sleep disturbance|poor concentration,Malaise and fatigue,moderate,122/77,90,36.5,95,23.3,105.9,7,Staged,
V-00451,P-0135,D-0266,H-0416,2026-01-12,15:00,15:05,20,Red eye,upper abdominal pain|indigestion,Gastro-esophageal reflux disease,moderate,136/89,85,36.5,96,60.0,162.7,30,Active,
V-00452,P-0135,D-0516,H-0426,2026-02-01,16:00,15:30,60,Hearing loss,fever|diarrhoea|abdominal pain,Abdominal and pelvic pain,low,126/81,73,36.6,95,60.0,162.7,,Active,
V-00453,P-0135,D-0231,H-0284,2025-07-21,13:30,12:15,60,Chest tightness on exertion,itching|skin scaling|redness|rash,Psoriasis,high,132/83,80,37.8,93,60.0,162.7,,Active,
V-00454,P-0136,D-0187,H-0029,2026-08-10,11:15,11:05,,Acidity,sneezing|fatigue|headache|runny nose|low-grade fever,Acute nasopharyngitis [common cold],low,114/71,76,37.1,97,8.6,72.2,,Pending,
V-00455,P-0136,D-0485,H-0123,2025-02-19,17:00,16:00,10,Skin rash,headache|chills,Unspecified malaria,moderate,112/74,73,36.8,94,8.6,72.2,14,Active,
V-00456,P-0136,D-0222,H-0277,2025-03-09,15:15,15:10,25,Antenatal check-up,high fever|nausea|chills|rigors|vomiting,Unspecified malaria,moderate,107/69,68,36.8,94,8.6,72.2,,Active,
V-00457,P-0136,D-0141,H-0054,2026-02-23,16:30,15:25,10,Headache,body ache|headache,Unspecified malaria,moderate,110/72,71,37.0,98,8.6,72.2,,Resolved,
V-00458,P-0136,D-0168,H-0474,2025-02-28,17:00,16:15,,Acidity,fever|cough|headache|runny nose|body ache,Viral infection of unspecified site,low,107/67,67,36.9,98,8.6,72.2,14,Pending,
V-00459,P-0136,D-0288,H-0192,2025-08-17,17:30,17:20,60,Irregular periods,body ache|fever|blisters,Varicella [chickenpox],moderate,114/75,77,36.2,95,8.6,72.2,7,Resolved,
V-00460,P-0136,D-0212,H-0218,2025-07-26,10:00,10:20,25,Cough and cold,excessive thirst|abdominal pain,Type 1 diabetes mellitus,severe,108/72,68,38.0,91,8.6,72.2,7,Active,
V-00461,P-0137,D-0277,H-0230,2025-10-08,13:45,13:30,45,General weakness,numbness|fatigue,"Other disorders of fluid, electrolyte and acid-base balance",moderate,109/72,74,36.4,98,59.8,159.1,7,Resolved,
V-00462,P-0137,D-0533,H-0449,2026-09-03,19:30,18:10,45,Tingling in hand,passing blood in urine|vomiting|fever|nausea|restlessness,Calculus of kidney and ureter,low,103/69,66,36.0,95,59.8,159.1,7,Resolved,
V-00463,P-0138,D-0215,H-0394,2026-11-08,12:30,11:20,10,Fever,itching|skin scaling|dry skin|rash,Other and unspecified dermatitis,high,112/70,68,38.1,91,22.4,107.5,90,Active,
V-00464,P-0138,D-0408,H-0113,2025-06-02,12:45,11:12,30,Cough and cold,vomiting|nausea,"Infectious gastroenteritis and colitis, unspecified",moderate,123/81,82,36.5,94,22.4,107.5,7,Resolved,
V-00465,P-0138,D-0037,H-0388,2025-11-26,09:15,08:00,15,Irregular periods,vomiting|fainting|passing blood in urine|weakness|diarrhoea,Volume depletion,moderate,114/77,70,37.2,96,22.4,107.5,,Active,
V-00466,P-0138,D-0436,H-0232,2026-04-07,15:45,14:00,10,Routine scan,fatigue|headache,Headache,low,122/78,80,36.8,96,22.4,107.5,30,Resolved,
V-00467,P-0138,D-0200,H-0465,2025-10-17,17:00,16:25,10,Fit review,bleeding gums|bruising|weakness|vomiting,Dengue hemorrhagic fever,low,125/79,83,36.2,95,22.4,107.5,14,Resolved,
V-00468,P-0138,D-0252,H-0233,2025-04-09,19:45,19:10,45,Weight change,sore throat|difficulty swallowing,Acute tonsillitis,severe,111/67,67,37.9,91,22.4,107.5,,Active,
V-00469,P-0138,D-0318,H-0239,2026-12-10,19:45,19:25,30,Knee pain,headache|dizziness|blurred vision,Headache,high,114/76,70,38.1,89,22.4,107.5,14,Resolved,
V-00470,P-0139,D-0453,H-0258,2026-01-20,16:45,16:25,30,Tingling in hand,headache|nausea|chills|body ache|fever,Fever of other and unknown origin,high,119/77,80,38.4,92,32.0,129.8,30,Resolved,
V-00471,P-0139,D-0102,H-0502,2026-02-05,11:30,11:30,15,Swelling of feet,frequent urination|passing blood in urine,Hematuria,high,115/78,75,38.3,93,32.0,129.8,7,Active,
V-00472,P-0139,D-0510,H-0192,2025-12-22,17:00,16:30,10,Blurred vision,frequent urination|passing blood in urine|fatigue|painful urination,Hematuria,severe,117/73,78,38.8,93,32.0,129.8,14,Active,
V-00473,P-0140,D-0335,H-0150,2025-09-03,19:45,18:15,15,Knee pain,runny nose|fatigue|rash|red eye,Measles,moderate,105/65,86,37.1,99,8.5,71.1,90,Active,
V-00474,P-0140,D-0254,H-0505,2025-05-05,09:15,08:10,25,Red eye,rash|high fever|bleeding gums|weakness|vomiting,Dengue hemorrhagic fever,high,109/67,92,38.3,88,8.5,71.1,90,Active,
V-00475,P-0140,D-0488,H-0094,2025-01-21,11:30,11:15,45,BP review,itching|fever|rash,Rash and other nonspecific skin eruption,high,109/67,92,37.7,94,8.5,71.1,,Active,
V-00476,P-0140,D-0489,H-0240,2025-08-07,13:15,13:20,20,Hypertension review,cough|productive cough|fatigue|night sweats,Respiratory tuberculosis,high,109/73,92,37.5,94,8.5,71.1,30,Active,
V-00477,P-0140,D-0373,H-0512,2025-02-22,18:00,17:05,25,Post-operative review,muscle ache|weakness|abdominal pain|palpitations,"Other disorders of fluid, electrolyte and acid-base balance",high,111/70,96,37.3,95,8.5,71.1,7,Active,
V-00478,P-0140,D-0389,H-0054,2026-11-19,11:30,10:10,30,Cough,pain|body ache|fever,Varicella [chickenpox],low,99/64,76,36.7,100,8.5,71.1,14,Resolved,
V-00479,P-0141,D-0122,H-0298,2026-11-10,12:00,12:25,20,Fit review,pale skin|poor concentration|weakness|palpitations,Malaise and fatigue,high,141/87,77,37.0,93,59.4,163.2,,Resolved,
V-00480,P-0141,D-0491,H-0338,2025-04-14,14:15,14:00,10,Breathlessness,weakness|fatigue|muscle ache,"Other disorders of fluid, electrolyte and acid-base balance",low,139/84,75,37.0,98,59.4,163.2,30,Active,
V-00481,P-0141,D-0363,H-0473,2026-02-23,10:45,10:10,20,Swelling of feet,dizziness|dizziness on standing,Hypotension,moderate,140/87,76,36.0,94,59.4,163.2,90,Active,
V-00482,P-0141,D-0350,H-0454,2026-07-10,10:15,09:10,10,Post-operative review,itching|skin scaling|rash|redness,Psoriasis,moderate,141/85,77,36.6,97,59.4,163.2,,Active,
V-00483,P-0141,D-0289,H-0383,2025-07-12,14:15,13:15,30,Follow-up for medication,rash|itching|redness,Psoriasis,moderate,143/95,80,36.7,99,59.4,163.2,14,Active,
V-00484,P-0141,D-0257,H-0130,2026-11-03,16:00,16:10,45,Ankle swelling,poor concentration|sleep disturbance|headache,"Reaction to severe stress, and adjustment disorders",high,134/88,70,37.9,92,59.4,163.2,7,Active,
V-00485,P-0141,D-0214,H-0192,2026-01-08,10:00,09:25,30,Heavy periods,weight loss|poor concentration|excessive thirst|blurred vision,Type 2 diabetes mellitus,high,137/91,73,38.4,90,59.4,163.2,,Staged,
V-00486,P-0142,D-0031,H-0383,2025-07-05,13:30,12:20,25,Cough and cold,itching|headache|body ache|fever|pain,Varicella [chickenpox],high,134/90,75,38.4,94,26.6,114.3,30,Resolved,
V-00487,P-0142,D-0234,H-0315,2025-02-28,16:45,15:15,10,Routine scan,excessive thirst|weight loss|frequent urination|vomiting,Type 1 diabetes mellitus,moderate,136/92,77,37.1,99,26.6,114.3,90,Active,
V-00488,P-0142,D-0230,H-0421,2026-06-08,12:15,11:10,10,Poor feeding,ear pain|irritability|fever|sleep disturbance|hearing loss,Suppurative and unspecified otitis media,moderate,124/79,63,36.3,98,26.6,114.3,,Resolved,
V-00489,P-0142,D-0149,H-0024,2025-10-17,19:00,19:25,45,Red eye,blurred vision|red eye|eye pain|light sensitivity|itching,Conjunctivitis,severe,136/87,77,37.9,94,26.6,114.3,7,Active,
V-00490,P-0142,D-0277,H-0230,2026-06-17,14:15,13:25,45,Follow-up for medication,swollen glands|headache|difficulty swallowing|sore throat|fever,Acute tonsillitis,low,137/91,79,37.0,95,26.6,114.3,14,Resolved,
V-00491,P-0143,D-0478,H-0378,2025-12-23,19:00,19:30,45,Stone review,fatigue|pale skin|palpitations,Malaise and fatigue,moderate,127/82,69,36.4,99,45.2,151.5,,Resolved,
V-00492,P-0143,D-0419,H-0366,2026-02-14,16:45,16:05,10,Post-operative review,poor concentration|chest pain|upper abdominal pain|joint pain|fatigue,Disorders of lipoprotein metabolism and other lipidemias,severe,126/77,68,38.5,89,45.2,151.5,14,Resolved,
V-00493,P-0143,D-0258,H-0090,2025-10-18,15:00,15:10,60,Tingling in hand,blurred vision|red eye|eye pain,Conjunctivitis,moderate,137/86,80,36.7,97,45.2,151.5,7,Resolved,
V-00494,P-0143,D-0084,H-0253,2025-04-16,12:45,11:15,10,Burning urination,tenderness|stiffness|joint pain|joint swelling|morning stiffness,"Other joint disorder, not elsewhere classified",moderate,138/84,82,36.9,99,45.2,151.5,30,Staged,
V-00495,P-0144,D-0170,H-0054,2025-08-27,14:45,13:15,15,Thyroid review,sleep disturbance|restlessness|anxiety|chest pain|headache,"Reaction to severe stress, and adjustment disorders",moderate,122/79,64,36.5,100,66.2,165.1,,Resolved,
V-00496,P-0144,D-0205,H-0268,2025-04-22,10:45,10:20,,Cough,fatigue|feeding difficulty|cough|vomiting,Whooping cough,moderate,131/86,74,37.1,94,66.2,165.1,,Pending,
V-00497,P-0144,D-0335,H-0150,2025-07-28,14:30,13:00,25,Knee pain,numbness|tingling|hand pain|weakness in one limb,Mononeuropathies of upper limb,high,121/74,64,37.6,89,66.2,165.1,,Resolved,
V-00498,P-0145,D-0373,H-0512,2026-11-11,17:00,17:20,15,Post-operative review,bleeding gums|rash|high fever|nosebleed|weakness,Dengue hemorrhagic fever,moderate,127/82,89,37.0,97,60.6,151.6,7,Active,
V-00499,P-0145,D-0211,H-0136,2025-02-07,18:45,18:25,30,Burning urination,headache|fatigue|blurred vision,Disorders of refraction and accommodation,severe,123/81,85,37.5,91,60.6,151.6,,Resolved,
V-00500,P-0145,D-0375,H-0171,2025-03-23,13:15,13:12,60,Foamy urine,irritability|sleep disturbance|poor concentration|headache|anxiety,Sleep disorders,low,122/75,83,36.5,99,60.6,151.6,,Active,
V-00501,P-0145,D-0219,H-0327,2026-12-06,09:30,08:25,10,General weakness,fatigue|frequent urination|painful urination|lower abdominal pain|pelvic pain,Unspecified lump in breast,severe,127/84,89,37.6,93,60.6,151.6,,Resolved,
V-00502,P-0145,D-0228,H-0031,2025-12-01,19:00,19:12,15,Acidity,fatigue|dizziness on standing|vomiting,"Gastrointestinal hemorrhage, unspecified",low,116/75,75,37.1,98,60.6,151.6,14,Resolved,
V-00503,P-0146,D-0373,H-0512,2026-03-04,09:15,09:30,60,Pre-operative assessment,redness|sleep disturbance|dry skin|rash,Atopic dermatitis,high,116/73,76,38.0,93,45.9,152.8,,Active,
V-00504,P-0146,D-0515,H-0098,2026-06-16,14:15,14:25,25,Hearing loss,joint pain|tenderness|fatigue|muscle ache|headache,"Other and unspecified soft tissue disorders, not elsewhere classified",high,106/67,64,37.1,92,45.9,152.8,7,Resolved,
V-00505,P-0147,D-0525,H-0444,2025-06-15,11:00,10:15,60,Foamy urine,painful periods|fatigue,Leiomyoma of uterus,moderate,138/88,81,36.9,98,42.1,159.7,90,Active,
V-00506,P-0147,D-0488,H-0094,2025-12-22,17:45,17:25,30,BP review,nausea|weight loss|vomiting,Alcoholic liver disease,low,136/87,79,36.8,98,42.1,159.7,,Active,
V-00507,P-0147,D-0521,H-0136,2025-10-16,16:15,15:25,45,Pre-operative assessment,tenderness|joint pain|stiffness|joint swelling,"Other joint disorder, not elsewhere classified",moderate,143/87,86,36.5,97,42.1,159.7,30,Active,
V-00508,P-0147,D-0530,H-0051,2026-01-02,12:30,12:30,45,Breathlessness,palpitations|fatigue|abdominal pain|weakness,"Other disorders of fluid, electrolyte and acid-base balance",low,130/80,71,36.8,95,42.1,159.7,14,Active,
V-00509,P-0148,D-0097,H-0101,2025-12-19,09:00,09:00,15,Tingling in hand,cough|feeding difficulty|breathlessness|fatigue|vomiting,Whooping cough,moderate,143/95,93,36.6,95,49.8,162.3,,Resolved,
V-00510,P-0148,D-0014,H-0150,2025-03-07,15:45,14:05,,Blocked nose,bad breath|toothache|gum bleeding|painful chewing,Gingivitis and periodontal diseases,low,138/83,87,37.2,99,49.8,162.3,,Pending,
V-00511,P-0149,D-0429,H-0395,2025-06-19,14:15,14:30,20,General weakness,breathlessness|breathlessness on exertion|cough|wheezing,Asthma,low,114/69,94,36.9,98,51.2,152.6,,Active,
V-00512,P-0149,D-0405,H-0019,2026-10-18,14:00,14:00,,Acne,weakness|dizziness on standing,Syncope and collapse,moderate,103/68,77,36.7,98,51.2,152.6,,Pending,
V-00513,P-0149,D-0430,H-0277,2026-03-22,10:45,10:00,15,Post-operative review,rash|redness,Other erythematous conditions,high,106/66,82,37.9,89,51.2,152.6,,Active,
V-00514,P-0150,D-0041,H-0457,2026-01-26,17:15,16:20,,Shoulder stiffness,high fever|rash|headache,Dengue fever [classical dengue],moderate,136/83,79,37.4,94,64.6,169.9,90,Pending,
V-00515,P-0150,D-0222,H-0277,2026-10-25,10:30,10:30,20,Routine scan,fatigue|chest pain|palpitations|breathlessness on exertion|cold sweat,Angina pectoris,high,133/86,76,37.9,90,64.6,169.9,14,Active,
V-00516,P-0150,D-0275,H-0439,2026-12-07,17:00,16:00,25,Low mood,palpitations|muscle ache|abdominal pain,"Other disorders of fluid, electrolyte and acid-base balance",moderate,135/89,78,37.3,97,64.6,169.9,14,Active,
V-00517,P-0150,D-0121,H-0211,2025-03-25,10:15,09:20,20,Chronic cough,nausea|poor concentration|swollen ankles|swelling of feet|fatigue,Nephrotic syndrome,low,124/84,65,37.0,95,64.6,169.9,,Resolved,
V-00518,P-0150,D-0373,H-0512,2026-09-02,16:30,15:20,,Post-operative review,sore throat|cough|fever|runny nose,Acute upper respiratory infections of multiple and unspecified sites,moderate,131/89,74,36.9,98,64.6,169.9,,Pending,
V-00519,P-0150,D-0012,H-0003,2026-02-06,13:30,13:00,15,Routine scan,weakness in one limb|memory loss|seizure,Epilepsy and recurrent seizures,moderate,133/90,76,36.8,96,64.6,169.9,7,Resolved,
V-00520,P-0150,D-0170,H-0054,2026-02-09,15:00,14:00,30,Thyroid review,nausea|vomiting,Dengue fever [classical dengue],high,127/80,69,38.1,92,64.6,169.9,,Active,
V-00521,P-0150,D-0445,H-0381,2025-08-19,11:00,11:15,10,Ankle swelling,painful chewing|toothache|bad breath|gum bleeding,Gingivitis and periodontal diseases,high,127/82,69,37.7,94,64.6,169.9,14,Resolved,
V-00522,P-0150,D-0243,H-0169,2025-04-07,13:00,13:15,30,Eye check-up,sleep disturbance|cough,Asthma,high,129/81,71,37.6,91,64.6,169.9,7,Active,
V-00523,P-0151,D-0104,H-0327,2026-11-27,10:30,10:12,60,Blurred vision,rash|red eye|runny nose,Measles,severe,102/65,75,37.7,94,27.2,121.7,,Active,
V-00524,P-0151,D-0070,H-0040,2025-10-25,18:45,17:12,30,Thyroid review,fatigue|fever|chest pain|productive cough,Acute bronchitis,moderate,101/68,74,36.7,96,27.2,121.7,,Active,
V-00525,P-0152,D-0085,H-0008,2026-03-26,10:00,09:05,,Blocked nose,tingling|weakness in one limb|hand pain|night pain|numbness,Mononeuropathies of upper limb,moderate,113/68,78,37.1,95,44.4,152.3,,Pending,
V-00526,P-0152,D-0100,H-0129,2025-12-07,15:30,15:12,15,Blocked nose,memory loss|seizure|headache,Epilepsy and recurrent seizures,moderate,104/65,67,36.8,98,44.4,152.3,,Staged,
V-00527,P-0153,D-0167,H-0351,2025-12-02,10:15,10:15,60,Fever,rash|joint pain|headache|high fever|body ache,Dengue fever [classical dengue],low,129/81,84,36.6,94,15.3,98.7,7,Resolved,
V-00528,P-0153,D-0229,H-0513,2025-09-23,16:45,15:30,15,Shoulder stiffness,weakness in one limb|fainting|seizure|confusion|memory loss,Epilepsy and recurrent seizures,low,131/85,86,36.6,97,15.3,98.7,,Staged,
V-00529,P-0153,D-0414,H-0200,2025-09-24,10:30,10:30,60,Blocked nose,diarrhoea|passing blood in urine,Volume depletion,severe,123/79,76,38.8,94,15.3,98.7,30,Resolved,
V-00530,P-0153,D-0439,H-0088,2025-05-22,13:45,12:05,,General weakness,memory loss|seizure|confusion|headache,Epilepsy and recurrent seizures,low,134/84,90,37.1,97,15.3,98.7,7,Pending,
V-00531,P-0153,D-0503,H-0483,2026-01-20,14:45,14:00,30,Post-operative review,redness|dry skin|skin scaling,Other and unspecified dermatitis,moderate,127/78,81,36.4,94,15.3,98.7,14,Resolved,
V-00532,P-0153,D-0056,H-0128,2025-01-01,13:15,12:10,,Anxiety,numbness|weakness|muscle ache|abdominal pain,"Other disorders of fluid, electrolyte and acid-base balance",low,124/83,78,37.2,99,15.3,98.7,90,Pending,
V-00533,P-0153,D-0447,H-0198,2026-07-08,16:15,15:00,45,Anxiety,weakness|fever|nausea,"Infectious gastroenteritis and colitis, unspecified",moderate,128/85,83,36.8,96,15.3,98.7,7,Active,
V-00534,P-0154,D-0468,H-0341,2025-11-04,18:00,17:00,30,Chest tightness on exertion,facial pain|difficulty swallowing|ear pain|toothache|fever,Diseases of pulp and periapical tissues,severe,123/82,68,38.6,92,47.8,144.1,,Active,
V-00535,P-0154,D-0115,H-0284,2025-11-19,09:30,09:20,20,Red eye,redness|skin scaling|hair loss|itching,Other nonscarring hair loss,moderate,124/75,69,36.3,100,47.8,144.1,,Active,
V-00536,P-0154,D-0039,H-0419,2026-09-01,10:00,09:10,30,Growth review,swollen glands|sore throat|headache|difficulty swallowing|fever,Acute tonsillitis,moderate,118/72,62,37.2,98,47.8,144.1,14,Resolved,
V-00537,P-0156,D-0132,H-0015,2026-07-13,10:45,09:25,10,Ankle swelling,cough|rash|red eye|runny nose,Measles,moderate,123/76,74,36.7,97,49.7,145.0,7,Resolved,
V-00538,P-0156,D-0296,H-0292,2026-02-02,16:30,15:30,10,Burning urination,dizziness|fainting|poor concentration|fatigue,Hypotension,moderate,118/71,68,36.9,98,49.7,145.0,,Resolved,
V-00539,P-0156,D-0206,H-0125,2025-07-02,15:45,15:12,,Poor feeding,wheezing|breathlessness on exertion|cough|productive cough,Other chronic obstructive pulmonary disease,high,124/79,74,38.1,90,49.7,145.0,,Pending,
V-00540,P-0157,D-0468,H-0341,2025-04-24,15:15,15:10,15,Hypertension review,redness|skin scaling|itching,Other nonscarring hair loss,moderate,117/72,60,36.9,97,59.5,157.5,14,Active,
V-00541,P-0158,D-0228,H-0031,2026-11-24,17:30,17:20,,Abdominal pain,fatigue|irritability|sleep disturbance,Sleep disorders,high,115/74,69,38.4,91,60.9,156.8,,Pending,
V-00542,P-0158,D-0294,H-0395,2026-05-10,19:15,18:30,20,Pre-operative assessment,headache|confusion|seizure|memory loss|weakness in one limb,Epilepsy and recurrent seizures,moderate,112/76,65,36.7,96,60.9,156.8,,Active,
V-00543,P-0158,D-0430,H-0277,2026-11-05,14:15,13:10,60,Pre-operative assessment,fatigue|productive cough|chest pain,"Pneumonia, unspecified organism",high,114/77,68,36.5,97,60.9,156.8,,Resolved,
V-00544,P-0158,D-0202,H-0314,2025-04-15,12:15,11:12,20,Sugar review,slowness of movement|poor concentration|stiffness|slurred speech,Parkinson's disease,moderate,112/75,65,37.0,98,60.9,156.8,7,Active,
V-00545,P-0158,D-0265,H-0154,2025-03-11,14:45,13:15,45,Itching,confusion|productive cough|fatigue,"Pneumonia, unspecified organism",low,120/76,75,37.6,99,60.9,156.8,7,Resolved,
V-00546,P-0159,D-0293,H-0203,2025-06-19,14:15,14:10,45,Headache,sleep disturbance|poor concentration|joint pain|weight gain,Overweight and obesity,moderate,125/83,79,36.6,99,66.8,180.2,14,Active,
V-00547,P-0159,D-0437,H-0331,2025-10-10,10:45,10:15,10,BP review,lower abdominal pain|vomiting|nausea|abdominal pain|fever,Abdominal and pelvic pain,moderate,120/79,73,36.1,97,66.8,180.2,90,Active,
V-00548,P-0159,D-0515,H-0098,2026-09-02,15:30,14:25,60,Ear pain,fatigue|cough,Acute upper respiratory infections of multiple and unspecified sites,moderate,127/81,81,36.5,99,66.8,180.2,7,Active,
V-00549,P-0159,D-0425,H-0383,2026-11-26,10:15,10:05,,Acidity,nasal congestion|sneezing|runny nose|sore throat|low-grade fever,Acute nasopharyngitis [common cold],moderate,119/77,72,37.0,100,66.8,180.2,30,Pending,
V-00550,P-0160,D-0263,H-0306,2026-08-08,14:15,14:30,60,Sleep disturbance,rash|dry skin|skin scaling|redness|itching,Other and unspecified dermatitis,low,123/83,72,37.1,96,54.4,160.7,,Resolved,
V-00551,P-0160,D-0431,H-0178,2025-05-28,12:30,11:00,,Foamy urine,frequent urination|lower abdominal pain|painful urination|urinary urgency|fever,Other disorders of urinary system,low,128/77,78,37.1,97,54.4,160.7,90,Pending,
V-00552,P-0160,D-0526,H-0341,2025-12-22,18:30,18:00,45,Foamy urine,irregular periods|fatigue|missed period|bleeding gums|bruising,"Absent, scanty and rare menstruation",moderate,125/78,75,36.9,99,54.4,160.7,90,Active,
V-00553,P-0160,D-0149,H-0024,2026-01-07,13:15,13:12,15,Eye check-up,headache|blurred vision,Headache,moderate,130/84,80,36.6,96,54.4,160.7,,Resolved,
V-00554,P-0162,D-0115,H-0284,2025-03-19,15:15,14:05,60,Blurred vision,itching|eye pain|watering eyes,Conjunctivitis,low,127/79,79,37.0,95,70.0,158.6,7,Resolved,
V-00555,P-0163,D-0460,H-0361,2025-05-26,12:00,12:05,25,Blocked nose,itching|sleep disturbance|skin scaling|rash,Atopic dermatitis,high,130/87,73,38.7,92,77.2,168.3,,Active,
V-00556,P-0163,D-0040,H-0273,2026-06-25,18:30,18:12,,Breathlessness,fatigue|swollen ankles|breathlessness on exertion,Heart failure,high,128/83,71,37.9,91,77.2,168.3,14,Pending,
V-00557,P-0163,D-0157,H-0514,2025-11-01,12:45,11:15,45,Anxiety,abdominal pain|fatigue,Typhoid and paratyphoid fevers,moderate,132/83,76,36.3,94,77.2,168.3,,Resolved,
V-00558,P-0163,D-0329,H-0487,2025-03-04,09:45,09:30,10,Pre-operative assessment,fever|productive cough,Bronchiectasis,moderate,130/87,73,36.4,96,77.2,168.3,,Resolved,
V-00559,P-0163,D-0043,H-0150,2025-04-02,16:45,15:10,,Skin rash,nausea|cough|upper abdominal pain|indigestion,Gastro-esophageal reflux disease,low,140/91,85,37.3,99,77.2,168.3,14,Pending,
V-00560,P-0164,D-0479,H-0072,2026-09-27,13:30,12:05,,Growth review,weight loss|sweating,Thyrotoxicosis [hyperthyroidism],low,121/76,67,36.2,99,56.0,147.5,14,Pending,
V-00561,P-0164,D-0345,H-0421,2026-08-28,10:00,10:15,,Fever and body ache,vomiting|blurred vision|neck pain|nausea,Migraine,moderate,130/79,78,36.6,100,56.0,147.5,7,Pending,
V-00562,P-0164,D-0206,H-0125,2026-06-25,15:45,15:20,15,Cough,fever|difficulty swallowing|hoarseness,"Diseases of vocal cords and larynx, not elsewhere classified",moderate,122/82,68,37.1,96,56.0,147.5,,Active,
V-00563,P-0164,D-0021,H-0213,2026-05-21,15:15,14:25,60,Fever,poor concentration|fatigue|upper abdominal pain|joint pain,Disorders of lipoprotein metabolism and other lipidemias,moderate,118/80,64,36.6,95,56.0,147.5,,Active,
V-00564,P-0165,D-0006,H-0010,2026-03-25,16:45,16:12,30,Shoulder stiffness,joint swelling|fatigue|joint pain|fever|morning stiffness,Other rheumatoid arthritis,moderate,120/79,59,36.8,98,44.4,154.8,,Active,
V-00565,P-0165,D-0256,H-0436,2025-02-24,17:30,16:10,,Post-operative review,confusion|weakness in one limb|memory loss|fainting|headache,Epilepsy and recurrent seizures,moderate,131/85,70,37.3,96,44.4,154.8,,Pending,
V-00566,P-0166,D-0513,H-0302,2026-09-11,13:00,12:25,25,Sore throat,dry skin|itching|skin scaling,Other and unspecified dermatitis,high,117/77,62,37.6,98,35.2,134.4,90,Resolved,
V-00567,P-0166,D-0283,H-0172,2026-09-28,15:45,14:25,60,Pre-operative assessment,hearing loss|ear discharge|fever|irritability,Suppurative and unspecified otitis media,severe,121/74,67,38.7,92,35.2,134.4,90,Resolved,
V-00568,P-0166,D-0199,H-0063,2025-03-05,17:30,17:05,60,Growth review,high fever|fatigue|runny nose,Measles,moderate,127/79,74,36.5,99,35.2,134.4,,Active,
V-00569,P-0167,D-0539,H-0384,2026-01-17,19:30,19:00,60,Stone review,runny nose|red eye|fatigue|rash|high fever,Measles,moderate,113/71,96,36.8,96,68.3,170.2,90,Active,
V-00570,P-0167,D-0134,H-0233,2026-03-23,19:45,19:10,60,Cough,frequent urination|painful urination,Hematuria,low,103/69,80,36.5,97,68.3,170.2,90,Active,
V-00571,P-0167,D-0209,H-0161,2025-03-08,17:15,17:12,60,Blurred vision,wheezing|chest tightness,Asthma,moderate,105/64,83,36.9,97,68.3,170.2,30,Active,
V-00572,P-0167,D-0414,H-0200,2026-06-28,14:30,13:25,20,Blocked nose,fever|urinary urgency|lower abdominal pain|frequent urination|painful urination,Other disorders of urinary system,low,102/67,79,36.5,97,68.3,170.2,,Resolved,
V-00573,P-0167,D-0528,H-0332,2025-08-06,17:45,17:20,10,Sugar review,toothache|bad breath|painful chewing,Gingivitis and periodontal diseases,high,108/71,88,37.6,91,68.3,170.2,,Resolved,
V-00574,P-0168,D-0459,H-0072,2026-06-14,10:45,09:20,20,Hair fall,fever|fatigue|chest pain|productive cough|breathlessness,Acute bronchitis,moderate,116/78,76,36.5,100,52.4,154.8,,Resolved,
V-00575,P-0168,D-0391,H-0200,2026-05-06,12:45,12:30,20,Tingling in hand,frequent urination|lower abdominal pain|fatigue|pelvic pain,Unspecified lump in breast,high,111/69,69,38.6,88,52.4,154.8,30,Active,
V-00576,P-0168,D-0422,H-0471,2025-09-08,18:45,17:00,25,Tingling in hand,confusion|productive cough|chest pain|fever|breathlessness,"Pneumonia, unspecified organism",low,119/74,80,36.9,95,52.4,154.8,7,Resolved,
V-00577,P-0168,D-0270,H-0112,2025-10-04,17:00,17:30,,Fit review,sore throat|headache|sneezing|low-grade fever|nasal congestion,Acute nasopharyngitis [common cold],high,111/72,69,38.1,96,52.4,154.8,7,Pending,
V-00578,P-0168,D-0035,H-0450,2025-12-09,12:15,11:12,60,Chest tightness on exertion,redness|fever|joint swelling,Gout,high,111/69,69,38.7,95,52.4,154.8,7,Staged,
V-00579,P-0168,D-0173,H-0217,2025-12-27,09:45,09:12,20,Pre-operative assessment,dry skin|rash,Other and unspecified dermatitis,low,110/69,67,36.5,99,52.4,154.8,,Active,
V-00580,P-0168,D-0431,H-0178,2025-09-14,14:45,14:12,,Swelling of feet,diarrhoea|nausea,Abdominal and pelvic pain,moderate,111/75,69,36.2,97,52.4,154.8,,Pending,
V-00581,P-0168,D-0299,H-0119,2025-06-14,17:45,17:30,15,Back pain,chest pain|productive cough|breathlessness,Acute bronchitis,low,121/74,82,37.2,94,52.4,154.8,,Active,
V-00582,P-0170,D-0182,H-0321,2026-05-10,14:15,14:00,60,Low mood,headache|fever|sore throat|swollen glands,Acute pharyngitis,moderate,120/80,71,36.7,99,56.5,163.6,,Active,
V-00583,P-0170,D-0266,H-0416,2026-03-15,19:15,18:12,45,Eye check-up,joint pain|headache|body ache|high fever|rash,Other mosquito-borne viral fevers,low,125/81,78,36.8,98,56.5,163.6,14,Active,
V-00584,P-0171,D-0144,H-0450,2026-06-23,16:45,15:00,20,Palpitations,fever|breast pain|redness,Inflammatory disorders of breast,moderate,109/68,79,36.9,97,62.1,154.6,90,Resolved,
V-00585,P-0171,D-0060,H-0377,2026-04-16,09:30,08:00,25,Burning urination,upper abdominal pain|indigestion,Cholelithiasis,high,112/68,84,38.4,93,62.1,154.6,14,Active,
V-00586,P-0171,D-0014,H-0150,2025-01-11,15:00,15:20,45,Blocked nose,headache|chills|fatigue|fever,Fever of other and unknown origin,low,107/66,76,36.1,97,62.1,154.6,14,Active,
V-00587,P-0172,D-0398,H-0432,2025-09-12,15:30,15:05,10,Shoulder stiffness,nausea|bloating|abdominal pain|constipation,Other functional intestinal disorders,low,102/69,70,36.0,97,51.9,171.2,90,Resolved,
V-00588,P-0172,D-0157,H-0514,2026-11-18,12:15,12:00,45,Sleep disturbance,rash|joint pain,Other mosquito-borne viral fevers,low,110/71,81,36.3,97,51.9,171.2,,Active,
V-00589,P-0172,D-0170,H-0054,2026-05-04,10:15,10:20,30,Thyroid review,fatigue|irritability|headache|sleep disturbance,Sleep disorders,low,111/67,83,36.8,99,51.9,171.2,7,Active,
V-00590,P-0172,D-0243,H-0169,2025-02-27,18:00,18:10,45,Red eye,discharge|redness|itching,Other local infections of skin and subcutaneous tissue,moderate,108/69,79,36.8,95,51.9,171.2,90,Active,
V-00591,P-0172,D-0471,H-0482,2025-07-19,11:00,10:15,60,Foamy urine,light sensitivity|nausea,Migraine,moderate,109/67,80,36.5,96,51.9,171.2,,Active,
V-00592,P-0173,D-0203,H-0022,2026-06-07,12:15,11:10,15,Back pain,sleep disturbance|poor concentration,Depressive episode,low,107/71,74,36.6,95,49.5,152.4,30,Resolved,
V-00593,P-0173,D-0345,H-0421,2026-03-14,19:30,19:00,20,Fever and body ache,rash|itching,Psoriasis,low,109/70,77,36.8,94,49.5,152.4,,Active,
V-00594,P-0173,D-0540,H-0369,2026-01-20,17:15,16:05,20,Hair fall,headache|eye pain|fatigue|blurred vision|dry eyes,Disorders of refraction and accommodation,low,114/75,84,36.7,98,49.5,152.4,,Active,
V-00595,P-0175,D-0122,H-0298,2026-08-13,12:15,11:12,30,Tingling in hand,pale skin|bruising|fatigue,"Excessive, frequent and irregular menstruation",moderate,125/85,67,36.9,100,47.4,159.0,,Resolved,
V-00596,P-0175,D-0436,H-0232,2025-01-15,15:15,15:05,,Heavy periods,nausea|indigestion|fatigue,Cholelithiasis,low,125/78,67,36.5,98,47.4,159.0,,Pending,
V-00597,P-0175,D-0076,H-0488,2026-05-14,11:30,11:00,20,Breathlessness,painful urination|pelvic pain|bloating|painful periods|lower abdominal pain,Endometriosis,low,122/74,64,36.7,99,47.4,159.0,7,Active,
V-00598,P-0175,D-0209,H-0161,2026-06-27,15:00,14:20,30,Red eye,fainting|dizziness on standing|weakness|poor concentration,Syncope and collapse,moderate,130/80,72,37.3,96,47.4,159.0,90,Staged,
V-00599,P-0175,D-0339,H-0041,2025-02-03,17:15,17:10,15,Antenatal check-up,dry skin|skin scaling,Other and unspecified dermatitis,moderate,124/78,66,36.5,96,47.4,159.0,,Staged,
V-00600,P-0176,D-0232,H-0323,2025-01-22,19:00,19:15,60,Fracture follow-up,nosebleed|bleeding gums|high fever|rash,Dengue hemorrhagic fever,moderate,134/86,71,37.1,96,64.0,156.6,90,Active,
V-00601,P-0176,D-0254,H-0505,2026-08-17,16:00,15:10,20,Red eye,fatigue|poor concentration|headache|anxiety,Sleep disorders,low,127/79,64,36.5,99,64.0,156.6,90,Active,
V-00602,P-0177,D-0020,H-0440,2026-08-06,12:30,11:05,20,Stone review,vomiting|fatigue|upper abdominal pain|nausea|indigestion,Cholelithiasis,moderate,122/76,66,36.9,98,57.2,155.3,,Active,
V-00603,P-0177,D-0243,H-0169,2026-04-18,16:00,15:25,30,Blurred vision,redness|itching,Psoriasis,moderate,124/82,68,37.1,99,57.2,155.3,14,Active,
V-00604,P-0177,D-0251,H-0174,2026-04-21,09:00,09:30,25,Skin rash,headache|vomiting|light sensitivity|blurred vision|neck pain,Migraine,moderate,132/85,78,36.9,94,57.2,155.3,,Active,
V-00605,P-0177,D-0328,H-0371,2026-07-02,19:30,18:10,,Loose motions,abdominal pain|excessive thirst|frequent urination|nausea,Type 1 diabetes mellitus,moderate,122/76,66,36.4,94,57.2,155.3,14,Pending,
V-00606,P-0177,D-0168,H-0474,2026-06-26,18:00,18:30,45,Acidity,breathlessness|productive cough|dry cough|fever|chest pain,Cough,moderate,124/81,68,37.0,98,57.2,155.3,,Active,
V-00607,P-0177,D-0340,H-0081,2026-12-01,16:30,16:10,10,Breathlessness,chest pain|palpitations|cold sweat,Angina pectoris,moderate,126/81,71,37.0,100,57.2,155.3,7,Active,
V-00608,P-0178,D-0096,H-0239,2026-10-01,10:15,10:00,,Anxiety,weight gain|fatigue,Other hypothyroidism,low,136/89,88,36.8,99,67.4,150.8,30,Pending,
V-00609,P-0179,D-0014,H-0150,2026-12-28,17:45,17:15,20,Blocked nose,itching|fever|blisters|body ache,Varicella [chickenpox],low,105/64,59,36.2,98,3.4,50.3,14,Resolved,
V-00610,P-0179,D-0351,H-0519,2025-05-09,11:45,10:25,,Sore throat,dizziness|chest pain,Dizziness and giddiness,severe,114/77,69,38.4,93,3.4,50.3,,Pending,
V-00611,P-0179,D-0051,H-0267,2025-10-06,14:30,13:05,60,BP review,rash|fever,Rash and other nonspecific skin eruption,low,116/79,72,37.3,99,3.4,50.3,,Staged,
V-00612,P-0179,D-0384,H-0354,2026-05-11,14:15,14:25,,BP review,weakness in one limb|seizure|headache,Epilepsy and recurrent seizures,severe,115/71,71,37.6,91,3.4,50.3,,Pending,
V-00613,P-0179,D-0281,H-0276,2026-04-02,12:00,11:12,25,Tingling in hand,high fever|runny nose|cough|irritability|red eye,Measles,low,106/64,60,37.1,95,3.4,50.3,14,Resolved,
V-00614,P-0179,D-0235,H-0479,2025-05-19,18:00,17:12,20,Sleep disturbance,palpitations|chest pain,Dizziness and giddiness,moderate,117/77,73,36.7,98,3.4,50.3,90,Active,
V-00615,P-0180,D-0356,H-0139,2025-12-05,18:30,17:30,45,Stone review,rigors|chills|headache,Unspecified malaria,moderate,133/85,82,35.9,98,26.8,118.7,14,Active,
V-00616,P-0180,D-0177,H-0187,2026-05-21,12:30,12:15,30,Blurred vision,vomiting|nosebleed|weakness|rash|bruising,Dengue hemorrhagic fever,moderate,124/78,71,37.0,100,26.8,118.7,90,Active,
V-00617,P-0180,D-0347,H-0329,2026-01-24,11:15,10:15,25,Poor feeding,cough|fever|dry cough|breathlessness,Cough,moderate,122/78,69,36.7,99,26.8,118.7,7,Resolved,
V-00618,P-0180,D-0204,H-0259,2025-12-20,19:00,19:25,45,Red eye,fever|fatigue,Acute upper respiratory infections of multiple and unspecified sites,low,135/88,84,36.2,97,26.8,118.7,7,Active,
V-00619,P-0180,D-0138,H-0289,2025-04-24,11:45,10:00,15,Skin rash,blisters|headache|fever,Varicella [chickenpox],low,129/83,77,36.7,97,26.8,118.7,,Resolved,
V-00620,P-0180,D-0360,H-0504,2025-12-23,19:00,19:05,15,Anxiety,cough|red eye|runny nose|irritability|rash,Measles,moderate,133/86,82,37.8,99,26.8,118.7,,Resolved,
V-00621,P-0181,D-0061,H-0313,2026-10-25,12:15,11:20,30,Abdominal pain,slowness of movement|depression,Parkinson's disease,moderate,125/84,79,37.3,96,53.2,153.0,,Resolved,
V-00622,P-0181,D-0348,H-0178,2026-12-07,19:30,19:30,45,Acne,fatigue|chest pain|upper abdominal pain|joint pain,Disorders of lipoprotein metabolism and other lipidemias,low,116/78,68,36.3,98,53.2,153.0,,Resolved,
V-00623,P-0181,D-0436,H-0232,2026-06-07,12:30,12:30,30,Irregular periods,upper abdominal pain|poor concentration|joint pain|chest pain|fatigue,Disorders of lipoprotein metabolism and other lipidemias,severe,124/77,78,38.0,93,53.2,153.0,,Staged,
V-00624,P-0182,D-0270,H-0112,2026-05-14,17:00,17:00,20,Tingling in hand,vomiting|nausea|hearing loss,Disorders of vestibular function,moderate,107/70,90,36.7,100,59.3,160.7,14,Active,
V-00625,P-0184,D-0448,H-0335,2025-03-24,19:15,19:30,30,Anxiety,fever|joint swelling,Other rheumatoid arthritis,moderate,122/78,83,36.1,99,67.0,156.6,,Active,
V-00626,P-0185,D-0505,H-0233,2025-11-24,14:45,14:15,15,Post-operative review,redness|rash|dry skin,Atopic dermatitis,moderate,129/81,91,36.8,97,56.4,152.6,,Resolved,
V-00627,P-0186,D-0249,H-0373,2025-10-13,13:30,12:10,20,Cough and cold,weakness|poor concentration|fainting,Syncope and collapse,moderate,122/83,73,36.8,99,43.6,153.5,90,Active,
V-00628,P-0186,D-0302,H-0013,2026-05-12,10:30,09:10,15,Swelling of feet,redness|blisters,Anogenital herpesviral [herpes simplex] infections,high,120/78,70,37.8,90,43.6,153.5,,Resolved,
V-00629,P-0186,D-0515,H-0098,2025-04-15,16:00,15:05,10,Ear pain,fatigue|weakness,"Gastrointestinal hemorrhage, unspecified",moderate,121/81,71,37.2,100,43.6,153.5,90,Active,
V-00630,P-0186,D-0223,H-0298,2025-12-04,16:45,16:15,10,Antenatal check-up,constipation|mucus in stool,Irritable bowel syndrome,moderate,121/78,71,37.2,96,43.6,153.5,,Active,
V-00631,P-0186,D-0448,H-0335,2025-09-19,16:45,15:30,,Sleep disturbance,headache|restlessness|sleep disturbance,"Reaction to severe stress, and adjustment disorders",low,112/76,61,37.1,100,43.6,153.5,,Pending,
V-00632,P-0188,D-0203,H-0022,2026-07-03,16:15,15:30,45,Shoulder stiffness,cough|breathlessness|fever|dry cough,Cough,low,121/77,85,37.1,99,76.5,160.6,30,Resolved,
V-00633,P-0188,D-0405,H-0019,2026-10-18,18:00,17:20,20,Acne,pimples|redness,Acne,low,128/83,94,36.6,98,76.5,160.6,30,Resolved,
V-00634,P-0188,D-0476,H-0279,2025-05-27,09:15,09:30,60,Ear pain,headache|itching|fever,Varicella [chickenpox],moderate,117/75,79,36.3,96,76.5,160.6,,Resolved,
V-00635,P-0188,D-0525,H-0444,2026-03-16,12:15,12:25,30,Foamy urine,numbness|fatigue|abdominal pain|weakness|palpitations,"Other disorders of fluid, electrolyte and acid-base balance",moderate,122/78,85,37.2,98,76.5,160.6,7,Active,
V-00636,P-0188,D-0212,H-0218,2026-11-15,19:00,19:00,,Follow-up for medication,pale skin|poor concentration|palpitations|fatigue|sleep disturbance,Malaise and fatigue,high,122/82,85,37.8,93,76.5,160.6,30,Pending,
V-00637,P-0188,D-0509,H-0362,2025-09-15,13:00,13:25,15,Poor feeding,painful urination|passing blood in urine|fatigue,Hematuria,moderate,115/76,76,37.6,98,76.5,160.6,,Resolved,
V-00638,P-0188,D-0154,H-0339,2026-10-20,13:30,12:12,45,Wheezing,high fever|vomiting,Dengue hemorrhagic fever,low,125/82,90,36.9,95,76.5,160.6,14,Resolved,
V-00639,P-0189,D-0151,H-0163,2025-05-07,16:00,15:12,20,Breathlessness,vomiting|upper abdominal pain,Functional dyspepsia,moderate,114/70,80,37.0,95,49.9,149.1,,Active,
V-00640,P-0189,D-0284,H-0095,2025-03-25,14:15,14:20,30,Sleep disturbance,body ache|blisters|pain|fever|headache,Varicella [chickenpox],high,118/73,86,38.7,89,49.9,149.1,,Active,
V-00641,P-0189,D-0355,H-0494,2026-06-18,12:00,11:10,25,Fever,itching|skin scaling|rash|redness,Psoriasis,severe,115/72,82,38.0,90,49.9,149.1,7,Resolved,
V-00642,P-0189,D-0391,H-0200,2025-02-12,14:45,14:25,20,Fit review,fever|itching|rash,Rash and other nonspecific skin eruption,moderate,116/70,83,37.4,94,49.9,149.1,,Resolved,
V-00643,P-0189,D-0264,H-0057,2026-10-11,15:00,14:20,30,Sore throat,skin scaling|hair loss,Other nonscarring hair loss,moderate,111/72,76,37.0,94,49.9,149.1,30,Active,
V-00644,P-0190,D-0343,H-0259,2026-10-19,09:15,08:05,30,Routine scan,redness|itching,Acne,low,132/88,81,36.4,97,68.9,168.4,90,Active,
V-00645,P-0190,D-0199,H-0063,2026-01-05,14:15,14:12,10,Cough,redness|sleep disturbance|itching|rash,Atopic dermatitis,moderate,136/83,85,36.8,96,68.9,168.4,,Resolved,
V-00646,P-0190,D-0063,H-0105,2025-02-16,13:15,13:05,25,General weakness,pimples|itching,Acne,severe,132/81,80,37.6,95,68.9,168.4,,Active,
V-00647,P-0190,D-0492,H-0054,2025-12-04,17:15,17:10,10,Urinary urgency,abdominal pain|nausea|weight loss|vomiting|excessive thirst,Type 1 diabetes mellitus,severe,143/91,94,38.3,93,68.9,168.4,14,Staged,
V-00648,P-0191,D-0122,H-0298,2026-05-25,18:30,17:12,15,Headache,high fever|joint pain|headache|body ache,Dengue fever [classical dengue],low,123/76,86,37.1,95,31.3,122.0,,Active,
V-00649,P-0191,D-0425,H-0383,2025-11-06,15:45,14:30,30,Acidity,headache|blisters|itching|fever|body ache,Varicella [chickenpox],low,119/80,80,36.6,96,31.3,122.0,14,Resolved,
V-00650,P-0191,D-0432,H-0108,2026-09-20,12:45,11:20,10,Headache,headache|fatigue|nausea|chills,Fever of other and unknown origin,moderate,116/70,77,37.0,97,31.3,122.0,,Active,
V-00651,P-0193,D-0188,H-0357,2026-02-10,18:45,17:10,25,Anxiety,dizziness|muscle ache|poor concentration|restlessness|anxiety,Other anxiety disorders,moderate,125/82,74,36.5,96,51.9,165.8,,Resolved,
V-00652,P-0193,D-0247,H-0019,2026-03-10,14:00,14:30,30,Antenatal check-up,discharge|fever|itching|blisters,Anogenital herpesviral [herpes simplex] infections,moderate,122/81,70,36.7,99,51.9,165.8,30,Resolved,
V-00653,P-0193,D-0199,H-0063,2026-10-08,14:15,13:12,25,Fever,fatigue|excessive thirst|nausea,Type 1 diabetes mellitus,low,124/84,73,37.5,100,51.9,165.8,14,Active,
V-00654,P-0193,D-0133,H-0439,2025-03-02,13:30,12:30,25,Pre-operative assessment,fatigue|palpitations|fainting|dizziness|chest pain,Dizziness and giddiness,moderate,126/80,76,37.0,97,51.9,165.8,,Active,
V-00655,P-0193,D-0071,H-0229,2026-09-27,19:00,18:00,15,Skin rash,fatigue|sore throat,Acute upper respiratory infections of multiple and unspecified sites,low,125/84,75,37.0,99,51.9,165.8,30,Resolved,
V-00656,P-0194,D-0130,H-0196,2026-11-25,17:00,16:15,45,Post-operative review,fatigue|cough|runny nose,Acute upper respiratory infections of multiple and unspecified sites,high,130/82,83,37.3,94,24.2,107.7,30,Active,
V-00657,P-0194,D-0100,H-0129,2025-01-08,13:45,13:00,60,Sore throat,runny nose|sore throat|cough,Acute upper respiratory infections of multiple and unspecified sites,high,125/75,76,38.2,95,24.2,107.7,14,Resolved,
V-00658,P-0194,D-0462,H-0403,2026-12-10,17:00,17:12,15,Itching,headache|body ache|chills|fatigue|rigors,Unspecified malaria,high,119/71,69,38.8,88,24.2,107.7,90,Resolved,
V-00659,P-0194,D-0162,H-0128,2025-08-23,09:00,08:12,60,Acne,itching|blurred vision,Conjunctivitis,moderate,130/78,83,36.7,98,24.2,107.7,14,Resolved,
V-00660,P-0195,D-0230,H-0421,2026-07-28,18:30,18:12,20,Poor feeding,fever|toothache|facial pain,Diseases of pulp and periapical tissues,high,109/70,77,38.5,92,27.7,115.6,,Staged,
V-00661,P-0195,D-0105,H-0156,2026-03-15,16:45,16:20,25,Pre-operative assessment,difficulty swallowing|fever|sore throat|swollen glands|headache,Acute tonsillitis,low,112/75,82,36.5,97,27.7,115.6,14,Resolved,
V-00662,P-0195,D-0370,H-0338,2025-07-17,13:15,13:25,25,Headache,body ache|abdominal pain|vomiting|headache|fatigue,Typhoid and paratyphoid fevers,moderate,118/77,91,36.4,99,27.7,115.6,,Active,
V-00663,P-0195,D-0391,H-0200,2025-02-14,14:15,13:05,10,Tingling in hand,rash|body ache,Other mosquito-borne viral fevers,moderate,110/71,79,36.6,99,27.7,115.6,7,Active,
V-00664,P-0195,D-0468,H-0341,2025-01-05,10:15,10:30,20,Breathlessness on walking,difficulty swallowing|fever,Diseases of pulp and periapical tissues,moderate,110/67,79,37.4,96,27.7,115.6,,Resolved,
V-00665,P-0195,D-0491,H-0338,2026-09-03,16:15,15:05,20,Wheezing,fever|productive cough|breathlessness,Acute bronchitis,moderate,111/73,81,37.9,96,27.7,115.6,90,Resolved,
V-00666,P-0196,D-0111,H-0477,2025-06-10,10:30,10:10,15,Chronic cough,neck pain|blurred vision|headache|nausea,Headache,moderate,111/75,79,36.6,96,72.6,162.9,90,Active,
V-00667,P-0196,D-0037,H-0388,2025-10-15,15:15,15:05,10,Irregular periods,fatigue|productive cough|cough,Other chronic obstructive pulmonary disease,moderate,117/72,87,36.7,95,72.6,162.9,,Resolved,
V-00668,P-0196,D-0443,H-0225,2025-06-16,18:45,18:30,10,Tingling in hand,abdominal pain|diarrhoea,"Infectious gastroenteritis and colitis, unspecified",moderate,107/72,72,36.6,95,72.6,162.9,,Active,
V-00669,P-0196,D-0233,H-0385,2025-05-11,16:45,15:25,25,Stone review,confusion|rigors|breathlessness|weight loss|high fever,Miliary tuberculosis,moderate,108/70,75,37.1,100,72.6,162.9,90,Resolved,
V-00670,P-0197,D-0222,H-0277,2026-06-09,15:30,15:00,,Antenatal check-up,frequent urination|blurred vision|night sweats|fatigue,Type 2 diabetes mellitus,low,127/78,79,37.1,98,69.0,160.6,7,Pending,
V-00671,P-0197,D-0423,H-0235,2026-10-05,14:30,14:10,,Fit review,morning stiffness|lower back pain|back pain,Dorsalgia,moderate,128/85,80,37.1,96,69.0,160.6,,Pending,
V-00672,P-0197,D-0230,H-0421,2025-08-15,10:45,09:10,30,Cough,night sweats|rigors|weight loss,Miliary tuberculosis,moderate,126/81,78,37.1,97,69.0,160.6,7,Resolved,
V-00673,P-0197,D-0147,H-0268,2025-03-18,16:30,16:10,30,Weight change,fatigue|fainting|dizziness on standing|poor concentration|weakness,Hypotension,moderate,122/80,72,37.0,99,69.0,160.6,,Active,
V-00674,P-0198,D-0143,H-0447,2026-01-03,09:15,09:10,30,Headache,chest pain|poor concentration,"Reaction to severe stress, and adjustment disorders",low,107/68,64,36.3,96,59.3,148.5,90,Resolved,
V-00675,P-0199,D-0385,H-0067,2026-09-18,14:30,13:20,25,Breathlessness on walking,pain|blisters|discharge,Anogenital herpesviral [herpes simplex] infections,low,116/74,71,37.1,98,41.2,141.4,,Active,
V-00676,P-0199,D-0224,H-0011,2026-12-26,13:15,13:25,45,General weakness,discharge|swelling of feet|itching,Other local infections of skin and subcutaneous tissue,moderate,118/75,73,36.5,95,41.2,141.4,30,Active,
V-00677,P-0199,D-0031,H-0383,2026-10-03,15:45,15:25,60,Fever and body ache,blood in stool|vomiting,"Gastrointestinal hemorrhage, unspecified",moderate,107/66,60,37.0,98,41.2,141.4,90,Active,
V-00678,P-0201,D-0220,H-0126,2025-12-25,14:00,14:10,20,Irregular periods,dry cough|chest pain|fever|cough,Cough,moderate,118/74,74,36.8,95,58.3,156.3,,Active,
V-00679,P-0202,D-0293,H-0203,2025-12-08,19:45,18:10,25,Tingling in hand,irritability|sleep disturbance,Suppurative and unspecified otitis media,moderate,125/80,59,36.2,95,47.1,147.7,90,Active,
V-00680,P-0202,D-0100,H-0129,2026-03-24,13:00,12:15,25,Blocked nose,chest pain|sleep disturbance|restlessness|anxiety,"Reaction to severe stress, and adjustment disorders",moderate,134/90,69,36.6,95,47.1,147.7,30,Resolved,
V-00681,P-0202,D-0308,H-0246,2026-04-05,18:00,17:12,25,Red eye,excessive periods|lower back pain|fatigue,Leiomyoma of uterus,severe,126/85,60,39.1,92,47.1,147.7,,Resolved,
V-00682,P-0202,D-0284,H-0095,2026-03-14,15:30,14:00,15,Anxiety,frequent urination|excessive thirst|vomiting|nausea,Type 1 diabetes mellitus,moderate,135/86,69,37.4,95,47.1,147.7,90,Resolved,
V-00683,P-0203,D-0418,H-0090,2025-08-27,11:00,11:10,20,Itching,fatigue|cold sweat,Angina pectoris,high,129/84,79,37.8,93,54.0,147.7,7,Resolved,
V-00684,P-0203,D-0191,H-0237,2025-08-10,17:30,16:20,60,Routine scan,passing blood in urine|frequent urination|painful urination|fatigue,Hematuria,moderate,132/84,83,36.7,95,54.0,147.7,,Resolved,
V-00685,P-0203,D-0032,H-0388,2026-06-05,15:45,14:30,60,Hearing loss,fever|swollen glands|headache|difficulty swallowing|sore throat,Acute pharyngitis,high,124/77,73,37.9,88,54.0,147.7,30,Active,
V-00686,P-0203,D-0047,H-0190,2025-06-20,10:30,09:15,60,Eye check-up,fatigue|headache|anxiety,Sleep disorders,low,136/88,87,36.4,95,54.0,147.7,14,Active,
V-00687,P-0203,D-0266,H-0416,2025-12-03,12:00,11:15,25,Blurred vision,blood in stool|weakness|vomiting,"Gastrointestinal hemorrhage, unspecified",low,134/90,85,36.8,97,54.0,147.7,14,Resolved,
V-00688,P-0205,D-0251,H-0174,2025-10-23,10:45,10:25,10,Itching,fever|difficulty swallowing|swollen glands,Acute tonsillitis,moderate,120/81,80,37.1,99,46.8,141.9,90,Active,
V-00689,P-0205,D-0429,H-0395,2025-10-05,17:00,17:30,20,Cough and cold,blurred vision|chest pain,Essential (primary) hypertension,moderate,117/71,75,37.0,98,46.8,141.9,,Active,
V-00690,P-0205,D-0363,H-0473,2026-04-02,15:00,15:00,45,Swelling of feet,vomiting|rigors|body ache|fatigue|chills,Unspecified malaria,moderate,113/70,71,36.5,96,46.8,141.9,,Active,
V-00691,P-0206,D-0461,H-0003,2026-11-02,17:30,16:25,30,Shoulder stiffness,gum bleeding|painful chewing,Gingivitis and periodontal diseases,high,113/71,90,39.1,89,66.2,169.1,,Resolved,
V-00692,P-0206,D-0495,H-0510,2025-07-02,19:30,19:10,15,Fever,muscle ache|headache|joint pain|tenderness|body ache,"Other and unspecified soft tissue disorders, not elsewhere classified",moderate,108/70,83,36.9,98,66.2,169.1,,Active,
V-00693,P-0206,D-0228,H-0031,2025-07-11,16:15,15:12,15,Loose motions,memory loss|fainting|seizure,Epilepsy and recurrent seizures,high,111/69,86,37.7,92,66.2,169.1,,Resolved,
V-00694,P-0207,D-0336,H-0230,2025-08-15,18:00,18:15,25,Blocked nose,fatigue|body ache,Other mosquito-borne viral fevers,low,140/87,78,37.1,95,65.9,163.6,90,Active,
V-00695,P-0207,D-0016,H-0228,2025-04-18,19:30,18:20,60,Weight change,body ache|headache|chills|high fever,Unspecified malaria,low,142/94,80,36.8,100,65.9,163.6,90,Resolved,
V-00696,P-0207,D-0480,H-0387,2025-01-20,11:30,10:10,,Eye check-up,redness|skin scaling|dry skin,Atopic dermatitis,low,135/84,73,36.7,97,65.9,163.6,90,Pending,
V-00697,P-0207,D-0172,H-0275,2025-05-06,19:00,19:05,,Pre-operative assessment,tingling|weakness in one limb|numbness|hand pain,Mononeuropathies of upper limb,low,134/89,71,36.8,95,65.9,163.6,90,Pending,
V-00698,P-0207,D-0151,H-0163,2025-11-02,12:00,12:12,30,Breathlessness,upper abdominal pain|indigestion|cough|nausea,Gastro-esophageal reflux disease,low,132/89,70,37.2,99,65.9,163.6,7,Active,
V-00699,P-0208,D-0472,H-0301,2025-02-07,17:45,17:12,10,Poor feeding,watering eyes|itching|light sensitivity|red eye,Conjunctivitis,low,137/82,78,36.9,98,37.4,139.7,90,Active,
V-00700,P-0208,D-0418,H-0090,2026-12-21,09:15,09:25,15,Hair fall,breathlessness|wheezing|breathlessness on exertion,Asthma,moderate,135/85,76,36.4,97,37.4,139.7,90,Active,
V-00701,P-0208,D-0294,H-0395,2025-10-20,19:45,19:20,10,Post-operative review,fatigue|sore throat|low-grade fever,Acute nasopharyngitis [common cold],low,137/87,78,36.7,97,37.4,139.7,,Resolved,
V-00702,P-0210,D-0401,H-0076,2025-12-05,11:30,10:25,60,Anxiety,feeding difficulty|fever|vomiting|breathlessness,Whooping cough,moderate,130/84,82,37.0,96,59.4,171.0,,Resolved,
V-00703,P-0211,D-0104,H-0327,2026-12-27,09:45,09:05,10,Eye check-up,halos around lights|light sensitivity|blurred vision|headache,Age-related cataract,moderate,119/72,72,37.1,94,71.0,162.6,14,Resolved,
V-00704,P-0211,D-0190,H-0455,2026-09-05,16:15,15:00,,Fracture follow-up,redness|rash,Other and unspecified dermatitis,severe,113/70,65,37.4,92,71.0,162.6,30,Pending,
V-00705,P-0211,D-0207,H-0359,2026-07-05,09:15,09:05,25,Back pain,bleeding gums|nosebleed|vomiting|rash|bruising,Dengue hemorrhagic fever,high,122/79,76,38.3,88,71.0,162.6,7,Staged,
V-00706,P-0211,D-0078,H-0233,2026-11-06,11:45,11:15,,Poor feeding,neck pain|dizziness|blurred vision|fatigue|headache,Headache,moderate,123/79,77,37.0,95,71.0,162.6,90,Pending,
V-00707,P-0211,D-0032,H-0388,2025-10-02,12:15,11:20,60,Hearing loss,vomiting|fever|diarrhoea|weakness|abdominal pain,"Infectious gastroenteritis and colitis, unspecified",moderate,114/69,66,37.0,99,71.0,162.6,90,Active,
V-00708,P-0211,D-0393,H-0484,2025-08-26,09:30,08:15,45,Weight change,irritability|fatigue|rash,Measles,low,125/82,80,36.8,97,71.0,162.6,7,Staged,
V-00709,P-0212,D-0221,H-0025,2026-11-13,16:00,16:30,45,Cough,difficulty swallowing|fever|swollen glands,Acute tonsillitis,moderate,114/75,67,36.4,96,28.3,126.2,,Active,
V-00710,P-0212,D-0214,H-0192,2025-08-24,19:00,19:30,20,Antenatal check-up,discharge|itching|redness|swelling of feet,Other local infections of skin and subcutaneous tissue,low,122/82,77,37.3,99,28.3,126.2,30,Resolved,
V-00711,P-0212,D-0292,H-0437,2025-01-14,15:30,14:12,60,Acidity,fatigue|frequent urination|passing blood in urine,Hematuria,moderate,116/76,70,36.9,96,28.3,126.2,7,Active,
V-00712,P-0213,D-0012,H-0003,2026-12-03,09:30,08:05,20,Irregular periods,fainting|vomiting|nausea|cold sweat,Acute myocardial infarction,moderate,128/78,62,36.7,95,68.0,167.0,14,Staged,
V-00713,P-0213,D-0124,H-0056,2026-05-22,16:45,16:05,10,Anxiety,chest pain|dry cough|productive cough|breathlessness|cough,Cough,high,127/83,61,38.0,94,68.0,167.0,90,Active,
V-00714,P-0214,D-0380,H-0007,2025-03-03,09:30,08:00,25,Chronic cough,abdominal pain|constipation|bloating,Other functional intestinal disorders,moderate,137/85,67,36.8,97,72.6,175.5,,Resolved,
V-00715,P-0214,D-0512,H-0410,2026-07-02,19:00,19:15,20,Chest tightness on exertion,mucus in stool|diarrhoea|bloating,Irritable bowel syndrome,low,130/82,60,36.8,95,72.6,175.5,,Resolved,
V-00716,P-0214,D-0072,H-0163,2025-02-25,10:30,09:05,25,Breathlessness,sore throat|fatigue|runny nose,Acute upper respiratory infections of multiple and unspecified sites,moderate,129/82,60,36.9,97,72.6,175.5,,Active,
V-00717,P-0214,D-0336,H-0230,2026-01-16,14:00,13:30,15,Hearing loss,joint pain|body ache|headache|muscle ache|tenderness,"Other and unspecified soft tissue disorders, not elsewhere classified",moderate,134/83,64,36.4,99,72.6,175.5,,Active,
V-00718,P-0215,D-0443,H-0225,2026-08-06,11:45,10:00,15,Fit review,nausea|indigestion|diarrhoea,Other and unspecified noninfective gastroenteritis and colitis,low,122/78,74,37.0,100,54.9,161.2,,Active,
V-00719,P-0216,D-0521,H-0136,2025-01-25,11:00,11:12,60,Post-operative review,body ache|nausea,Unspecified malaria,high,137/84,81,38.2,93,72.0,171.5,,Active,
V-00720,P-0217,D-0540,H-0369,2026-02-25,13:15,13:15,20,Hair fall,sleep disturbance|fever|irritability|ear discharge,Suppurative and unspecified otitis media,severe,130/88,66,38.6,92,12.3,86.0,,Active,
V-00721,P-0217,D-0074,H-0008,2025-05-24,11:15,10:25,10,Palpitations,discharge|redness|swelling of feet|itching,Other local infections of skin and subcutaneous tissue,moderate,134/88,70,36.4,95,12.3,86.0,30,Resolved,
V-00722,P-0217,D-0254,H-0505,2025-12-02,18:00,17:25,15,Blurred vision,productive cough|fatigue|breathlessness|night sweats|weight loss,Respiratory tuberculosis,moderate,125/84,60,37.0,99,12.3,86.0,90,Active,
V-00723,P-0217,D-0154,H-0339,2025-03-23,18:30,17:12,15,Wheezing,skin scaling|redness|itching,Other and unspecified dermatitis,moderate,125/80,61,35.9,100,12.3,86.0,,Active,
V-00724,P-0217,D-0155,H-0482,2025-12-12,10:30,09:12,15,Abdominal pain,redness|itching|fever|rash,Rash and other nonspecific skin eruption,moderate,125/83,60,36.7,98,12.3,86.0,90,Resolved,
V-00725,P-0218,D-0132,H-0015,2026-02-28,11:00,11:00,60,Hypertension review,gum bleeding|bad breath|toothache|painful chewing,Gingivitis and periodontal diseases,moderate,124/84,92,37.0,100,71.1,169.8,14,Resolved,
V-00726,P-0218,D-0023,H-0220,2025-06-11,10:15,09:15,25,Urinary urgency,body ache|headache,Other mosquito-borne viral fevers,moderate,123/82,90,37.0,94,71.1,169.8,14,Active,
V-00727,P-0218,D-0347,H-0329,2026-04-15,10:15,09:10,45,Cough,joint pain|rash|high fever,Other mosquito-borne viral fevers,moderate,112/76,75,36.9,97,71.1,169.8,,Active,
V-00728,P-0218,D-0092,H-0271,2025-07-21,17:30,17:05,20,Hearing loss,cough|chest pain|fever,Cough,moderate,115/69,79,36.9,95,71.1,169.8,30,Resolved,
V-00729,P-0219,D-0265,H-0154,2025-01-23,13:30,12:12,15,Skin rash,chest pain|fatigue|dizziness|palpitations|fainting,Dizziness and giddiness,low,115/77,83,36.6,96,49.3,151.4,7,Active,
V-00730,P-0219,D-0392,H-0081,2026-01-07,18:30,17:00,15,Red eye,rigors|high fever|vomiting,Unspecified malaria,low,113/76,80,36.6,99,49.3,151.4,,Active,
V-00731,P-0220,D-0400,H-0488,2025-07-16,18:15,17:30,60,Acne,fever|productive cough,Respiratory tuberculosis,low,138/90,77,36.4,96,18.3,105.4,7,Active,
V-00732,P-0220,D-0191,H-0237,2025-08-17,14:45,13:10,60,Antenatal check-up,chest pain|fatigue,Dizziness and giddiness,moderate,125/80,63,36.8,99,18.3,105.4,14,Active,
V-00733,P-0220,D-0198,H-0102,2025-07-15,13:30,13:10,,Skin rash,diarrhoea|nausea|abdominal pain|vomiting,"Infectious gastroenteritis and colitis, unspecified",moderate,137/91,76,36.7,98,18.3,105.4,90,Pending,
V-00734,P-0221,D-0088,H-0327,2025-09-18,16:00,16:20,15,BP review,rash|high fever|nausea|headache|body ache,Dengue fever [classical dengue],severe,131/86,85,37.5,94,33.4,128.7,,Resolved,
V-00735,P-0221,D-0514,H-0131,2026-08-16,17:15,17:20,30,Eye check-up,fatigue|body ache|rash|joint pain|high fever,Other mosquito-borne viral fevers,moderate,124/79,76,36.7,95,33.4,128.7,7,Resolved,
V-00736,P-0221,D-0498,H-0330,2025-03-07,10:30,09:10,,Wheezing,nasal congestion|fatigue|runny nose,Acute nasopharyngitis [common cold],high,120/80,72,38.6,92,33.4,128.7,,Pending,
V-00737,P-0221,D-0175,H-0115,2026-01-12,15:45,15:25,25,Knee pain,fever|sore throat|cough|headache,Acute upper respiratory infections of multiple and unspecified sites,high,127/80,80,38.6,91,33.4,128.7,,Resolved,
V-00738,P-0221,D-0271,H-0510,2026-11-28,13:30,13:12,30,Itching,rash|skin scaling|redness,Other erythematous conditions,moderate,122/74,74,37.1,100,33.4,128.7,,Resolved,
V-00739,P-0221,D-0124,H-0056,2026-12-27,11:15,10:30,60,Anxiety,numbness|weakness,"Other disorders of fluid, electrolyte and acid-base balance",low,124/83,77,36.8,97,33.4,128.7,90,Active,
V-00740,P-0221,D-0393,H-0484,2025-09-14,17:00,16:15,15,Sugar review,chills|headache|nausea|fatigue|fever,Fever of other and unknown origin,high,118/75,69,38.4,97,33.4,128.7,14,Resolved,
V-00741,P-0222,D-0414,H-0200,2026-05-11,15:15,15:05,45,Sore throat,dizziness on standing|weakness|fatigue,"Gastrointestinal hemorrhage, unspecified",high,137/86,67,38.4,92,57.8,167.8,,Active,
V-00742,P-0222,D-0029,H-0506,2025-06-04,18:30,17:10,20,Blurred vision,poor concentration|irritability,Sleep disorders,low,140/85,70,36.8,100,57.8,167.8,7,Resolved,
V-00743,P-0222,D-0007,H-0003,2025-03-26,16:00,16:30,15,Skin rash,diarrhoea|bloating|heartburn|upper abdominal pain|indigestion,Other and unspecified noninfective gastroenteritis and colitis,high,139/87,69,38.5,92,57.8,167.8,30,Resolved,
V-00744,P-0222,D-0044,H-0172,2025-10-25,10:00,10:30,60,Hair fall,skin scaling|redness|dry skin|itching|rash,Other and unspecified dermatitis,high,140/92,70,37.9,98,57.8,167.8,14,Active,
V-00745,P-0223,D-0263,H-0306,2026-01-11,09:00,09:15,15,Anxiety,itching|nausea,Nephrotic syndrome,severe,112/75,70,37.6,96,67.5,177.7,,Resolved,
V-00746,P-0223,D-0432,H-0108,2025-12-21,19:45,18:05,45,Tingling in hand,fatigue|poor concentration,Sleep disorders,severe,109/72,66,37.2,91,67.5,177.7,30,Resolved,
V-00747,P-0224,D-0098,H-0044,2025-12-05,09:45,09:25,25,Breathlessness,painful urination|urinary urgency|frequent urination,Other disorders of urinary system,low,131/79,87,37.4,94,74.0,170.1,90,Resolved,
V-00748,P-0224,D-0190,H-0455,2025-02-13,16:45,15:30,30,Shoulder stiffness,blisters|fever,Anogenital herpesviral [herpes simplex] infections,high,136/85,93,37.9,97,74.0,170.1,30,Active,
V-00749,P-0224,D-0343,H-0259,2026-06-03,12:45,11:20,20,Irregular periods,dizziness|muscle ache,Other anxiety disorders,moderate,132/84,88,36.9,100,74.0,170.1,,Active,
V-00750,P-0224,D-0382,H-0038,2026-05-05,12:15,12:12,15,Hearing loss,swollen glands|difficulty swallowing|sore throat|fever,Acute tonsillitis,low,127/79,82,36.5,96,74.0,170.1,,Active,
V-00751,P-0224,D-0231,H-0284,2025-09-20,18:15,17:05,,Ankle swelling,fatigue|abdominal pain|body ache|constipation,Typhoid and paratyphoid fevers,moderate,131/89,88,37.0,95,74.0,170.1,,Pending,
V-00752,P-0225,D-0003,H-0001,2026-05-07,13:45,13:12,25,Thyroid review,redness|discharge|itching,Anogenital herpesviral [herpes simplex] infections,moderate,106/67,70,36.4,100,69.5,164.1,90,Resolved,
V-00753,P-0225,D-0213,H-0287,2025-08-07,10:45,10:30,,Urinary urgency,productive cough|breathlessness|fever|fatigue|chest pain,"Pneumonia, unspecified organism",low,102/65,65,37.1,96,69.5,164.1,30,Pending,
V-00754,P-0225,D-0266,H-0416,2025-11-01,11:15,10:30,15,Red eye,itching|headache|pain|blisters|fever,Varicella [chickenpox],high,107/66,71,37.1,90,69.5,164.1,14,Resolved,
V-00755,P-0228,D-0190,H-0455,2025-04-24,16:00,16:30,20,Shoulder stiffness,palpitations|weakness|muscle ache|fatigue|abdominal pain,"Other disorders of fluid, electrolyte and acid-base balance",severe,109/69,85,38.9,92,15.5,95.1,7,Resolved,
V-00756,P-0228,D-0006,H-0010,2025-10-27,14:00,14:00,20,Shoulder stiffness,diarrhoea|abdominal pain|nausea,Abdominal and pelvic pain,high,113/72,91,38.0,91,15.5,95.1,,Active,
V-00757,P-0228,D-0230,H-0421,2025-07-02,12:45,12:25,,Growth review,redness|itching|skin scaling|sleep disturbance,Atopic dermatitis,moderate,104/65,77,37.0,96,15.5,95.1,30,Pending,
V-00758,P-0229,D-0186,H-0277,2025-05-16,17:30,16:10,15,Palpitations,fever|headache|swollen glands|difficulty swallowing,Acute pharyngitis,moderate,131/85,68,37.1,99,63.7,159.1,30,Staged,
V-00759,P-0229,D-0058,H-0488,2026-04-09,19:30,19:25,45,Ankle swelling,breathlessness on exertion|breathlessness|shortness of breath on lying flat,Heart failure,moderate,137/88,74,37.4,98,63.7,159.1,,Active,
V-00760,P-0229,D-0255,H-0228,2026-06-01,18:00,17:00,30,General weakness,headache|joint pain|fatigue,Other mosquito-borne viral fevers,low,133/86,70,36.3,95,63.7,159.1,7,Active,
V-00761,P-0229,D-0369,H-0157,2025-09-16,16:30,15:12,30,Ear pain,vomiting|dizziness on standing|pale skin|fatigue|weakness,"Gastrointestinal hemorrhage, unspecified",moderate,128/83,65,36.8,95,63.7,159.1,,Resolved,
V-00762,P-0229,D-0457,H-0272,2025-11-06,11:00,10:00,60,Heavy periods,chest pain|joint pain|fatigue|upper abdominal pain|poor concentration,Disorders of lipoprotein metabolism and other lipidemias,high,125/84,62,37.9,93,63.7,159.1,,Active,
V-00763,P-0229,D-0025,H-0048,2026-09-05,12:15,11:05,20,Thyroid review,body ache|muscle ache,"Other and unspecified soft tissue disorders, not elsewhere classified",low,140/92,78,36.7,97,63.7,159.1,30,Active,
V-00764,P-0230,D-0068,H-0326,2026-04-06,16:00,15:05,,Eye check-up,poor concentration|weakness|fainting|fatigue,Hypotension,severe,123/79,74,38.3,95,78.1,178.0,7,Pending,
V-00765,P-0230,D-0446,H-0062,2026-03-04,14:30,14:00,25,Fever and body ache,red eye|high fever|runny nose,Measles,high,125/76,76,38.0,90,78.1,178.0,,Resolved,
V-00766,P-0231,D-0469,H-0176,2026-03-14,12:45,12:00,15,Abdominal pain,poor concentration|fatigue|swollen ankles|itching|nausea,Nephrotic syndrome,moderate,130/88,74,36.6,95,67.1,162.6,90,Active,
V-00767,P-0231,D-0132,H-0015,2025-09-06,12:45,12:30,25,Hypertension review,nausea|fever|body ache|fatigue,Fever of other and unknown origin,moderate,137/92,82,36.4,97,67.1,162.6,,Active,
V-00768,P-0231,D-0024,H-0325,2026-09-04,18:45,17:20,10,Foamy urine,fatigue|cough,Other chronic obstructive pulmonary disease,low,135/83,80,36.9,98,67.1,162.6,30,Resolved,
V-00769,P-0231,D-0267,H-0197,2026-01-09,11:30,10:25,25,Hair fall,upper abdominal pain|nausea|bloating|vomiting,Functional dyspepsia,moderate,136/92,81,35.4,97,67.1,162.6,,Resolved,
V-00770,P-0231,D-0446,H-0062,2025-05-08,18:00,17:15,45,Cough and cold,fatigue|fainting|dizziness|palpitations|chest pain,Dizziness and giddiness,moderate,134/84,78,36.7,97,67.1,162.6,,Resolved,
V-00771,P-0232,D-0259,H-0478,2025-10-24,11:30,11:10,25,Wheezing,chills|body ache,Fever of other and unknown origin,low,100/68,58,37.1,98,65.5,170.7,,Active,
V-00772,P-0232,D-0220,H-0126,2025-05-01,18:15,18:25,10,Antenatal check-up,poor concentration|stiffness,Parkinson's disease,low,109/72,68,36.5,100,65.5,170.7,90,Active,
V-00773,P-0232,D-0098,H-0044,2026-07-12,10:00,10:05,10,Chronic cough,weakness|diarrhoea,Volume depletion,high,105/70,64,38.4,91,65.5,170.7,30,Active,
V-00774,P-0232,D-0073,H-0401,2026-06-04,12:00,12:05,45,Hearing loss,weight gain|constipation|hair loss|fatigue|poor concentration,Other hypothyroidism,low,110/69,71,36.6,98,65.5,170.7,30,Active,
V-00775,P-0232,D-0189,H-0492,2025-04-04,14:00,13:00,15,Headache,body ache|tenderness|joint pain|muscle ache|headache,"Other and unspecified soft tissue disorders, not elsewhere classified",high,102/69,60,37.7,96,65.5,170.7,,Resolved,
V-00776,P-0233,D-0425,H-0383,2025-03-19,19:15,18:15,60,Abdominal pain,night sweats|breathlessness|rigors|weight loss|high fever,Miliary tuberculosis,severe,128/87,63,37.5,95,53.1,166.8,,Active,
V-00777,P-0233,D-0224,H-0011,2026-05-07,11:30,11:12,45,General weakness,nausea|light sensitivity|neck pain,Migraine,moderate,137/92,73,36.5,99,53.1,166.8,,Active,
V-00778,P-0234,D-0001,H-0002,2025-10-21,16:30,15:25,,Cough and cold,blisters|headache|pain,Varicella [chickenpox],moderate,114/76,70,36.4,99,71.5,165.6,30,Pending,
V-00779,P-0234,D-0472,H-0301,2025-05-06,19:00,19:12,25,Poor feeding,fatigue|nausea,Nephrotic syndrome,high,119/71,75,38.2,90,71.5,165.6,90,Resolved,
V-00780,P-0235,D-0428,H-0388,2026-06-25,14:15,13:00,,Ankle swelling,rash|itching,Psoriasis,moderate,126/82,84,36.5,97,42.6,158.1,30,Pending,
V-00781,P-0236,D-0451,H-0176,2025-06-10,13:30,12:25,25,Back pain,hoarseness|difficulty swallowing|ear pain,"Diseases of vocal cords and larynx, not elsewhere classified",low,106/65,82,36.9,95,29.3,125.9,30,Active,
V-00782,P-0236,D-0180,H-0503,2026-02-20,11:30,10:20,15,Hair fall,hoarseness|sore throat|fever|ear pain|difficulty swallowing,"Diseases of vocal cords and larynx, not elsewhere classified",moderate,108/69,85,36.4,98,29.3,125.9,,Resolved,
V-00783,P-0236,D-0434,H-0004,2025-03-24,13:00,13:25,30,Red eye,cough|chest tightness|wheezing|breathlessness,Asthma,high,105/71,80,37.5,92,29.3,125.9,7,Active,
V-00784,P-0236,D-0321,H-0030,2026-06-18,16:00,15:10,25,Stone review,fever|chest pain,Cough,moderate,113/75,92,37.6,100,29.3,125.9,,Active,
V-00785,P-0236,D-0108,H-0419,2026-04-16,18:30,18:10,60,Fever,weakness|vomiting|nosebleed,Dengue hemorrhagic fever,low,113/69,93,36.4,99,29.3,125.9,,Staged,
V-00786,P-0236,D-0241,H-0514,2026-11-12,15:15,14:12,25,Skin rash,itching|discharge,Other local infections of skin and subcutaneous tissue,low,107/65,82,37.2,99,29.3,125.9,30,Resolved,
V-00787,P-0237,D-0102,H-0502,2025-02-15,14:30,14:12,45,Foamy urine,itching|skin scaling|sleep disturbance,Atopic dermatitis,moderate,109/73,71,37.3,97,74.6,156.5,90,Active,
V-00788,P-0237,D-0028,H-0381,2026-07-23,09:00,08:15,60,Knee pain,frequent urination|fatigue,Type 2 diabetes mellitus,moderate,100/63,59,35.8,99,74.6,156.5,,Active,
V-00789,P-0238,D-0439,H-0088,2025-06-12,18:45,17:15,30,Follow-up for medication,fatigue|poor concentration,Malaise and fatigue,low,114/77,74,36.5,96,66.5,155.9,90,Resolved,
V-00790,P-0238,D-0279,H-0238,2026-09-23,16:30,15:10,20,Knee pain,upper abdominal pain|cough|heartburn|difficulty swallowing,Gastro-esophageal reflux disease,moderate,120/74,83,36.5,96,66.5,155.9,,Staged,
V-00791,P-0238,D-0378,H-0213,2025-12-26,15:45,14:15,20,Itching,fatigue|weakness|palpitations|poor concentration,Malaise and fatigue,moderate,120/81,83,35.7,99,66.5,155.9,,Active,
V-00792,P-0240,D-0134,H-0233,2026-04-16,18:00,17:30,30,Cough,lower back pain|stiffness|tingling,Dorsalgia,moderate,100/64,58,37.2,95,58.9,153.4,,Active,
V-00793,P-0240,D-0308,H-0246,2026-12-19,19:30,19:00,,Red eye,pale skin|bruising|fatigue|dizziness on standing|excessive periods,"Excessive, frequent and irregular menstruation",low,102/68,60,37.0,95,58.9,153.4,,Pending,
V-00794,P-0240,D-0010,H-0001,2025-01-18,18:00,18:05,10,Foamy urine,vomiting|cold sweat,Acute myocardial infarction,moderate,101/64,59,37.0,95,58.9,153.4,,Active,
V-00795,P-0241,D-0134,H-0233,2025-12-28,16:00,16:30,15,Fever,rash|high fever|joint pain,Other mosquito-borne viral fevers,moderate,127/85,59,36.9,98,36.2,131.5,7,Active,
V-00796,P-0241,D-0164,H-0505,2025-04-06,19:45,18:00,45,Red eye,abdominal pain|diarrhoea|nausea|lower abdominal pain|vomiting,Abdominal and pelvic pain,moderate,128/80,60,36.9,96,36.2,131.5,30,Resolved,
V-00797,P-0241,D-0209,H-0161,2025-12-07,13:45,12:12,10,Eye check-up,weakness|abdominal pain,"Infectious gastroenteritis and colitis, unspecified",moderate,133/80,65,37.5,100,36.2,131.5,30,Resolved,
V-00798,P-0241,D-0479,H-0072,2026-03-07,16:00,16:00,15,Growth review,body ache|joint pain,Dengue fever [classical dengue],high,126/79,58,38.3,94,36.2,131.5,7,Active,
V-00799,P-0241,D-0117,H-0349,2025-03-28,18:30,18:12,,Loose motions,weakness|abdominal pain|palpitations,"Other disorders of fluid, electrolyte and acid-base balance",moderate,134/86,66,37.0,98,36.2,131.5,,Pending,
V-00800,P-0241,D-0537,H-0377,2026-10-26,10:45,10:10,60,Blocked nose,fever|toothache,Diseases of pulp and periapical tissues,low,137/84,69,36.7,100,36.2,131.5,,Active,
V-00801,P-0242,D-0490,H-0171,2025-09-11,19:45,19:05,45,Knee pain,palpitations|fainting|chest pain|dizziness|fatigue,Dizziness and giddiness,moderate,103/62,70,36.8,98,65.9,163.4,,Resolved,
V-00802,P-0242,D-0264,H-0057,2025-01-12,18:00,18:20,30,Sore throat,skin scaling|redness|itching|rash,Other erythematous conditions,low,107/65,76,36.6,94,65.9,163.4,,Active,
V-00803,P-0242,D-0312,H-0157,2026-01-05,14:30,13:10,,Fracture follow-up,vomiting|abdominal pain,"Infectious gastroenteritis and colitis, unspecified",moderate,106/71,74,37.5,100,65.9,163.4,30,Pending,
V-00804,P-0242,D-0027,H-0327,2025-05-01,09:15,09:10,60,Shoulder stiffness,itching|fever|pain|body ache,Varicella [chickenpox],high,106/69,74,38.1,92,65.9,163.4,14,Resolved,
V-00805,P-0242,D-0134,H-0233,2026-09-24,10:30,10:25,25,Growth review,rash|itching|redness|dry skin|skin scaling,Other and unspecified dermatitis,moderate,112/75,83,37.4,100,65.9,163.4,14,Resolved,
V-00806,P-0243,D-0503,H-0483,2026-10-13,09:45,09:10,20,Pre-operative assessment,fever|facial pain|difficulty swallowing,Diseases of pulp and periapical tissues,high,146/95,96,37.9,93,46.3,148.3,,Active,
V-00807,P-0243,D-0006,H-0010,2025-09-09,15:00,15:10,20,Shoulder stiffness,high fever|rigors|chills,Unspecified malaria,high,139/93,88,38.1,94,46.3,148.3,,Active,
V-00808,P-0244,D-0111,H-0477,2025-10-14,14:15,14:25,15,Wheezing,fever|hoarseness|ear pain|difficulty swallowing,"Diseases of vocal cords and larynx, not elsewhere classified",moderate,133/90,67,37.1,98,22.1,104.9,,Resolved,
V-00809,P-0244,D-0414,H-0200,2026-11-10,09:45,08:05,20,Sore throat,hoarseness|fever|difficulty swallowing,"Diseases of vocal cords and larynx, not elsewhere classified",high,136/89,69,38.2,95,22.1,104.9,90,Active,
V-00810,P-0244,D-0313,H-0504,2026-06-17,13:15,13:25,30,Thyroid review,fever|headache|runny nose,Viral infection of unspecified site,high,125/78,59,38.1,95,22.1,104.9,7,Active,
V-00811,P-0244,D-0433,H-0192,2025-01-12,14:30,13:12,10,Knee pain,night sweats|breathlessness|weight loss|confusion,Miliary tuberculosis,low,126/85,60,36.5,98,22.1,104.9,7,Resolved,
V-00812,P-0245,D-0415,H-0062,2026-12-03,13:00,12:05,20,Routine scan,fatigue|tenderness|body ache|muscle ache|weakness,Other disorders of muscle,moderate,115/76,84,36.4,96,67.0,162.2,,Active,
V-00813,P-0245,D-0229,H-0513,2026-10-05,17:30,16:30,45,Fracture follow-up,nausea|dizziness,Headache,high,110/68,78,37.4,92,67.0,162.2,,Resolved,
V-00814,P-0245,D-0376,H-0011,2026-01-01,14:00,14:30,15,Swelling of feet,fatigue|nausea|headache,Headache,severe,115/70,86,37.1,94,67.0,162.2,90,Active,
V-00815,P-0245,D-0395,H-0064,2025-07-26,17:30,16:20,25,Pre-operative assessment,fatigue|painful urination|lower abdominal pain|pelvic pain,Unspecified lump in breast,moderate,113/68,82,36.8,98,67.0,162.2,,Active,
V-00816,P-0245,D-0527,H-0149,2026-04-21,17:45,17:30,25,Burning urination,fatigue|weakness|upper abdominal pain,Hematemesis,moderate,111/73,79,36.5,99,67.0,162.2,,Resolved,
V-00817,P-0246,D-0123,H-0160,2026-04-03,10:30,10:25,20,Ankle swelling,passing blood in urine|painful urination,Hematuria,low,126/78,68,37.6,95,8.8,71.7,7,Resolved,
V-00818,P-0246,D-0033,H-0009,2025-07-06,12:45,11:05,25,Antenatal check-up,fatigue|chest pain|fainting|dizziness|palpitations,Dizziness and giddiness,high,125/76,67,37.6,95,8.8,71.7,,Active,
V-00819,P-0246,D-0084,H-0253,2026-07-18,19:30,18:30,15,Stone review,cough|fever|fatigue,Acute upper respiratory infections of multiple and unspecified sites,high,123/76,65,38.0,94,8.8,71.7,7,Active,
V-00820,P-0246,D-0355,H-0494,2026-04-12,12:15,12:15,45,Growth review,frequent urination|passing blood in urine|painful urination|fatigue,Hematuria,low,129/80,72,36.8,99,8.8,71.7,90,Resolved,
V-00821,P-0246,D-0315,H-0123,2025-08-03,10:00,10:25,15,Low mood,sleep disturbance|redness|itching|dry skin|rash,Atopic dermatitis,moderate,134/90,78,36.7,100,8.8,71.7,7,Staged,
V-00822,P-0246,D-0132,H-0015,2025-01-16,18:00,18:12,20,Ankle swelling,weakness|vomiting|bleeding gums,Dengue hemorrhagic fever,low,121/79,63,37.0,97,8.8,71.7,,Active,
V-00823,P-0247,D-0243,H-0169,2026-02-09,09:00,09:25,10,Eye check-up,fatigue|vomiting,Whooping cough,severe,124/75,80,38.5,97,3.5,49.3,,Active,
V-00824,P-0247,D-0498,H-0330,2026-03-17,12:45,12:00,20,Wheezing,sore throat|low-grade fever|sneezing,Acute nasopharyngitis [common cold],severe,127/78,84,38.2,93,3.5,49.3,14,Active,
V-00825,P-0248,D-0042,H-0407,2026-01-12,15:30,15:20,20,Low mood,weakness in one limb|seizure|fainting|memory loss|headache,Epilepsy and recurrent seizures,low,106/70,72,37.2,98,70.6,166.4,7,Active,
V-00826,P-0248,D-0439,H-0088,2025-09-26,16:00,16:00,,Cough and cold,redness|itching|fever,Rash and other nonspecific skin eruption,moderate,111/72,79,37.4,94,70.6,166.4,,Pending,
V-00827,P-0248,D-0120,H-0302,2026-10-17,11:15,10:15,10,Anxiety,palpitations|dizziness|fatigue|fainting,Dizziness and giddiness,moderate,111/69,79,36.1,96,70.6,166.4,7,Active,
V-00828,P-0248,D-0109,H-0239,2025-03-01,16:45,15:30,45,Chronic cough,nausea|swelling of feet,Nephrotic syndrome,moderate,105/64,70,37.0,94,70.6,166.4,7,Staged,
V-00829,P-0249,D-0411,H-0093,2026-06-15,11:00,10:25,45,Heavy periods,blurred vision|fatigue|nausea|headache,Headache,moderate,135/82,67,36.8,96,47.3,150.7,30,Active,
V-00830,P-0249,D-0252,H-0233,2026-03-28,16:00,15:20,15,Sugar review,eye pain|itching|light sensitivity|watering eyes|red eye,Conjunctivitis,low,128/82,60,36.5,100,47.3,150.7,14,Resolved,
V-00831,P-0249,D-0215,H-0394,2025-04-07,19:00,18:30,60,Growth review,ear pain|difficulty swallowing|sore throat,"Diseases of vocal cords and larynx, not elsewhere classified",moderate,138/87,69,37.0,100,47.3,150.7,14,Resolved,
V-00832,P-0249,D-0128,H-0100,2025-03-06,14:15,14:05,10,Antenatal check-up,fatigue|cough|breathlessness|productive cough|chest pain,Acute bronchitis,moderate,139/86,70,37.2,96,47.3,150.7,,Resolved,
V-00833,P-0249,D-0155,H-0482,2025-02-28,18:15,17:30,30,Acidity,diarrhoea|vomiting,"Infectious gastroenteritis and colitis, unspecified",high,142/88,74,38.6,96,47.3,150.7,,Resolved,
V-00834,P-0250,D-0420,H-0386,2025-08-12,13:30,12:20,45,Post-operative review,ear discharge|sleep disturbance|fever|ear pain|hearing loss,Suppurative and unspecified otitis media,low,107/70,83,36.9,95,67.1,153.4,7,Active,
V-00835,P-0250,D-0399,H-0300,2026-09-27,14:30,14:30,,Skin rash,anxiety|dizziness|palpitations|restlessness|poor concentration,Other anxiety disorders,high,108/67,84,37.4,94,67.1,153.4,14,Pending,
V-00836,P-0251,D-0143,H-0447,2026-03-08,10:45,09:05,60,Headache,headache|swollen glands,Acute tonsillitis,moderate,104/68,71,36.7,97,31.2,124.5,,Resolved,
V-00837,P-0251,D-0457,H-0272,2025-05-21,11:15,11:20,25,Heavy periods,confusion|breathlessness|cough|productive cough,"Pneumonia, unspecified organism",moderate,100/67,65,36.8,95,31.2,124.5,,Staged,
V-00838,P-0252,D-0435,H-0024,2025-06-05,11:00,11:10,45,Post-operative review,dizziness on standing|diarrhoea|vomiting|passing blood in urine,Volume depletion,low,100/61,62,36.9,95,23.7,112.7,,Active,
V-00839,P-0252,D-0488,H-0094,2025-03-24,13:30,13:05,30,Swelling of feet,itching|redness|rash|fever,Rash and other nonspecific skin eruption,severe,101/67,63,38.0,92,23.7,112.7,7,Resolved,
V-00840,P-0252,D-0046,H-0441,2025-11-21,16:30,15:20,10,Poor feeding,weakness in one limb|seizure|memory loss,Epilepsy and recurrent seizures,moderate,103/62,66,36.5,100,23.7,112.7,14,Active,
V-00841,P-0252,D-0522,H-0463,2025-01-13,16:45,15:15,,Swelling of feet,fever|facial pain|ear pain|toothache|difficulty swallowing,Diseases of pulp and periapical tissues,low,109/66,74,36.8,99,23.7,112.7,30,Pending,
V-00842,P-0253,D-0122,H-0298,2025-04-21,19:30,19:12,,Fit review,difficulty swallowing|fever|ear pain|toothache|facial pain,Diseases of pulp and periapical tissues,moderate,109/74,83,36.3,95,62.1,149.8,7,Pending,
V-00843,P-0253,D-0074,H-0008,2025-01-17,12:15,12:20,45,Hypertension review,nosebleed|weakness|vomiting,Dengue hemorrhagic fever,severe,107/69,79,38.1,90,62.1,149.8,14,Resolved,
V-00844,P-0253,D-0274,H-0518,2025-05-17,12:15,11:00,15,Pre-operative assessment,eye pain|dry eyes|blurred vision|fatigue,Disorders of refraction and accommodation,moderate,106/66,78,36.3,95,62.1,149.8,,Active,
V-00845,P-0253,D-0444,H-0194,2026-08-23,12:30,11:15,45,Weight change,bloating|upper abdominal pain|diarrhoea|heartburn|indigestion,Other and unspecified noninfective gastroenteritis and colitis,moderate,106/67,78,36.5,96,62.1,149.8,,Active,
V-00846,P-0253,D-0240,H-0503,2025-10-27,10:30,10:05,20,Palpitations,poor concentration|chest pain,"Reaction to severe stress, and adjustment disorders",high,110/72,84,38.1,95,62.1,149.8,,Active,
V-00847,P-0253,D-0438,H-0205,2026-04-22,15:30,15:20,45,Swelling of feet,morning stiffness|lower back pain|stiffness|tingling|body ache,Dorsalgia,moderate,103/68,72,36.7,95,62.1,149.8,,Resolved,
V-00848,P-0253,D-0472,H-0301,2026-08-08,10:45,09:00,,Poor feeding,itching|redness,Psoriasis,high,107/67,79,37.8,93,62.1,149.8,14,Pending,
V-00849,P-0253,D-0415,H-0062,2026-06-05,12:15,11:25,10,Irregular periods,sleep disturbance|fatigue,Malaise and fatigue,moderate,104/66,74,36.9,100,62.1,149.8,90,Active,
V-00850,P-0253,D-0195,H-0196,2026-05-07,13:45,12:12,45,Headache,blurred vision|neck pain|vomiting,Migraine,moderate,113/76,88,37.1,99,62.1,149.8,,Resolved,
V-00851,P-0254,D-0518,H-0424,2025-01-11,11:45,11:05,25,Palpitations,nausea|vomiting|jaundice,Alcoholic liver disease,moderate,132/83,69,37.5,99,51.4,152.0,,Resolved,
V-00852,P-0254,D-0496,H-0305,2026-01-12,09:45,08:30,60,Skin rash,dizziness|nausea,Disorders of vestibular function,high,133/86,71,37.9,93,51.4,152.0,,Resolved,
V-00853,P-0254,D-0075,H-0379,2026-01-15,16:30,16:25,45,Post-operative review,vomiting|nausea|fever,Abdominal and pelvic pain,low,140/86,78,36.9,95,51.4,152.0,,Resolved,
V-00854,P-0254,D-0200,H-0465,2026-09-17,19:45,18:15,,Headache,painful urination|fatigue,Hematuria,low,134/90,72,36.5,100,51.4,152.0,,Pending,
V-00855,P-0254,D-0484,H-0224,2026-04-23,18:15,18:20,30,Irregular periods,poor concentration|upper abdominal pain|chest pain|fatigue|joint pain,Disorders of lipoprotein metabolism and other lipidemias,moderate,133/82,70,36.4,96,51.4,152.0,30,Active,
V-00856,P-0255,D-0005,H-0008,2026-01-02,17:45,16:15,60,Heavy periods,fatigue|weakness|tenderness|muscle ache,Other disorders of muscle,moderate,116/76,76,37.1,96,66.4,173.7,14,Active,
V-00857,P-0255,D-0107,H-0451,2025-09-07,11:00,10:15,,Heavy periods,productive cough|breathlessness|fatigue|fever,Bronchiectasis,low,127/84,91,36.6,98,66.4,173.7,14,Pending,
V-00858,P-0255,D-0372,H-0520,2025-11-06,16:00,16:12,20,Knee pain,itching|blisters|fever|discharge|redness,Anogenital herpesviral [herpes simplex] infections,moderate,122/78,85,36.9,95,66.4,173.7,,Resolved,
V-00859,P-0255,D-0129,H-0235,2026-08-12,10:00,09:20,30,Poor feeding,body ache|fever,Viral infection of unspecified site,moderate,126/83,90,37.1,95,66.4,173.7,90,Active,
V-00860,P-0255,D-0211,H-0136,2026-05-24,17:45,17:05,,Stone review,lower abdominal pain|fatigue|painful urination|pelvic pain,Unspecified lump in breast,moderate,116/73,76,36.6,95,66.4,173.7,14,Pending,
V-00861,P-0255,D-0465,H-0477,2026-01-03,09:30,08:00,25,Fever and body ache,blurred vision|headache|halos around lights|light sensitivity,Age-related cataract,high,122/79,85,37.3,97,66.4,173.7,90,Resolved,
V-00862,P-0256,D-0513,H-0302,2025-03-04,12:30,12:00,,Blocked nose,fatigue|nasal congestion|headache|low-grade fever,Acute nasopharyngitis [common cold],moderate,123/74,86,36.8,100,3.6,47.8,,Pending,
V-00863,P-0256,D-0038,H-0255,2025-02-14,11:00,11:12,30,Thyroid review,itching|redness|rash,Rash and other nonspecific skin eruption,moderate,124/76,87,37.4,98,3.6,47.8,7,Resolved,
V-00864,P-0256,D-0244,H-0127,2026-05-26,14:15,14:12,30,Fracture follow-up,high fever|night sweats,Miliary tuberculosis,moderate,125/83,89,37.0,99,3.6,47.8,7,Active,
V-00865,P-0256,D-0510,H-0192,2025-02-18,17:00,16:12,30,Red eye,skin scaling|itching|rash|dry skin|redness,Other and unspecified dermatitis,high,123/75,86,38.2,93,3.6,47.8,90,Active,
V-00866,P-0256,D-0201,H-0354,2026-11-08,16:45,15:10,20,Shoulder stiffness,seizure|fainting|confusion,Epilepsy and recurrent seizures,moderate,121/78,83,36.3,99,3.6,47.8,7,Active,
V-00867,P-0257,D-0195,H-0196,2026-10-15,11:45,10:20,30,Fit review,fatigue|cough,"Pneumonia, unspecified organism",high,132/83,77,38.7,89,76.3,168.5,14,Resolved,
V-00868,P-0257,D-0055,H-0147,2026-12-21,18:15,17:15,20,Fever and body ache,redness|fever|itching|rash,Rash and other nonspecific skin eruption,high,138/90,84,38.7,89,76.3,168.5,90,Staged,
V-00869,P-0258,D-0467,H-0135,2026-01-03,18:30,18:10,15,Tingling in hand,itching|blisters|pain|redness|fever,Anogenital herpesviral [herpes simplex] infections,moderate,114/71,81,36.8,98,73.2,169.6,,Active,
V-00870,P-0258,D-0337,H-0492,2025-06-24,15:15,15:15,25,Weight change,constipation|vomiting|fatigue|high fever,Typhoid and paratyphoid fevers,moderate,109/72,74,37.1,100,73.2,169.6,,Active,
V-00871,P-0259,D-0188,H-0357,2026-08-24,12:00,11:12,25,Sleep disturbance,vomiting|restlessness|fever|nausea|passing blood in urine,Calculus of kidney and ureter,moderate,127/84,62,37.0,95,47.6,152.9,,Active,
V-00872,P-0259,D-0014,H-0150,2025-02-20,18:30,18:25,20,Hearing loss,numbness|muscle ache|weakness|abdominal pain|fatigue,"Other disorders of fluid, electrolyte and acid-base balance",moderate,132/81,67,37.3,99,47.6,152.9,7,Resolved,
V-00873,P-0259,D-0073,H-0401,2026-06-11,11:30,11:25,20,Hearing loss,poor concentration|cold intolerance,Other hypothyroidism,low,135/91,70,36.3,94,47.6,152.9,,Resolved,
V-00874,P-0259,D-0323,H-0356,2025-03-07,09:30,08:20,15,Urinary urgency,rash|fever,Rash and other nonspecific skin eruption,moderate,134/91,69,37.3,96,47.6,152.9,90,Active,
V-00875,P-0259,D-0133,H-0439,2025-08-01,13:00,13:25,45,Pre-operative assessment,nausea|restlessness|fever,Calculus of kidney and ureter,moderate,141/86,77,36.5,99,47.6,152.9,,Resolved,
V-00876,P-0259,D-0340,H-0081,2026-02-15,14:00,13:25,25,Wheezing,poor concentration|urinary urgency,Benign prostatic hyperplasia,moderate,132/82,67,37.0,95,47.6,152.9,30,Resolved,
V-00877,P-0259,D-0309,H-0273,2025-10-02,15:15,14:20,20,Red eye,breathlessness|headache|palpitations,Essential (primary) hypertension,moderate,129/84,63,36.8,94,47.6,152.9,,Active,
V-00878,P-0259,D-0205,H-0268,2025-11-01,19:45,19:10,60,Cough,high fever|red eye|runny nose|rash,Measles,low,136/90,71,37.1,100,47.6,152.9,14,Active,
V-00879,P-0259,D-0301,H-0029,2025-08-25,13:45,12:12,25,Foamy urine,redness|swelling of feet|fever|breast lump,Inflammatory disorders of breast,moderate,134/84,69,37.0,96,47.6,152.9,30,Active,
V-00880,P-0260,D-0032,H-0388,2026-11-17,10:15,09:30,,Sore throat,weakness|dizziness on standing|fatigue|upper abdominal pain,Hematemesis,low,106/72,83,36.7,98,73.6,169.4,,Pending,
V-00881,P-0260,D-0448,H-0335,2026-03-21,11:00,10:20,,Anxiety,anxiety|tremor|sweating|heat intolerance,Thyrotoxicosis [hyperthyroidism],low,103/64,77,37.3,99,73.6,169.4,30,Pending,
V-00882,P-0260,D-0167,H-0351,2025-12-24,13:30,12:20,30,Poor feeding,fatigue|vomiting,Cholelithiasis,low,111/73,90,36.5,97,73.6,169.4,,Active,
V-00883,P-0260,D-0176,H-0059,2025-06-13,17:00,17:25,60,Heavy periods,sleep disturbance|itching|skin scaling|rash,Atopic dermatitis,low,112/70,92,36.1,95,73.6,169.4,14,Active,
V-00884,P-0261,D-0504,H-0226,2025-10-24,12:00,12:15,10,Palpitations,vomiting|nausea,Migraine,moderate,125/79,78,37.4,96,74.0,165.1,30,Resolved,
V-00885,P-0261,D-0018,H-0142,2026-06-10,19:30,19:25,15,Hair fall,joint pain|chest pain|fatigue|upper abdominal pain|poor concentration,Disorders of lipoprotein metabolism and other lipidemias,high,122/74,75,37.2,92,74.0,165.1,7,Active,
V-00886,P-0261,D-0269,H-0467,2025-02-06,11:15,10:05,15,Hearing loss,poor concentration|frequent urination|weight loss,Elevated blood glucose level,moderate,120/72,72,36.8,98,74.0,165.1,90,Staged,
V-00887,P-0263,D-0188,H-0357,2026-05-14,18:30,17:25,25,Low mood,light sensitivity|blurred vision|eye pain,Conjunctivitis,moderate,102/67,65,36.6,96,9.4,74.7,,Active,
V-00888,P-0263,D-0508,H-0514,2026-06-04,09:30,08:05,20,Swelling of feet,wheezing|chest tightness|breathlessness on exertion|cough,Asthma,high,105/68,68,38.5,89,9.4,74.7,,Active,
V-00889,P-0263,D-0229,H-0513,2026-06-19,11:00,11:10,15,Fracture follow-up,weakness|dizziness on standing|passing blood in urine|vomiting,Volume depletion,high,106/69,70,38.5,96,9.4,74.7,7,Resolved,
V-00890,P-0263,D-0376,H-0011,2026-08-05,13:00,12:12,15,Foamy urine,itching|skin scaling|redness,Other erythematous conditions,high,106/69,71,37.4,93,9.4,74.7,,Resolved,
V-00891,P-0263,D-0020,H-0440,2025-01-18,12:45,11:05,,Urinary urgency,fatigue|palpitations,"Other disorders of fluid, electrolyte and acid-base balance",moderate,109/72,74,36.7,99,9.4,74.7,30,Pending,
V-00892,P-0263,D-0148,H-0060,2025-03-18,09:45,09:20,30,Fracture follow-up,swelling of feet|redness|discharge,Other local infections of skin and subcutaneous tissue,low,106/65,71,36.7,94,9.4,74.7,14,Resolved,
V-00893,P-0263,D-0438,H-0205,2025-11-04,14:45,14:15,45,BP review,abdominal pain|diarrhoea,"Infectious gastroenteritis and colitis, unspecified",moderate,103/69,66,36.9,96,9.4,74.7,90,Resolved,
V-00894,P-0264,D-0456,H-0264,2026-06-27,13:45,12:25,15,Red eye,sleep disturbance|skin scaling|redness|rash|dry skin,Atopic dermatitis,high,121/74,84,37.5,88,63.0,153.2,7,Active,
V-00895,P-0264,D-0531,H-0002,2025-09-04,14:15,13:10,60,Red eye,anxiety|heat intolerance|sweating|sleep disturbance|tremor,Thyrotoxicosis [hyperthyroidism],moderate,120/78,83,36.3,98,63.0,153.2,,Active,
V-00896,P-0265,D-0213,H-0287,2025-04-26,12:45,12:10,10,Stone review,fever|headache|chills,Fever of other and unknown origin,high,109/73,64,37.2,91,18.9,103.6,,Resolved,
V-00897,P-0265,D-0199,H-0063,2025-04-11,13:45,13:15,,Fever,lower abdominal pain|nausea|diarrhoea,Abdominal and pelvic pain,moderate,103/69,58,37.4,97,18.9,103.6,,Pending,
V-00898,P-0265,D-0355,H-0494,2026-03-06,12:15,11:20,15,Growth review,headache|vomiting,Typhoid and paratyphoid fevers,moderate,107/66,61,36.7,97,18.9,103.6,7,Active,
V-00899,P-0265,D-0038,H-0255,2025-03-18,13:45,13:10,60,Thyroid review,fever|swollen glands|sore throat,Acute tonsillitis,low,106/64,61,36.9,98,18.9,103.6,14,Active,
V-00900,P-0266,D-0427,H-0419,2026-02-24,14:15,13:15,15,Urinary urgency,sore throat|fatigue,Acute nasopharyngitis [common cold],high,120/75,61,37.5,92,64.6,149.1,,Resolved,
V-00901,P-0266,D-0129,H-0235,2026-11-08,19:00,19:10,20,Poor feeding,palpitations|fatigue,Malaise and fatigue,moderate,123/78,64,37.4,94,64.6,149.1,14,Resolved,
V-00902,P-0266,D-0385,H-0067,2025-06-20,13:00,13:10,,Palpitations,cough|chest pain|fatigue|breathlessness,Acute bronchitis,moderate,125/77,66,37.2,98,64.6,149.1,30,Pending,
V-00903,P-0266,D-0111,H-0477,2025-06-25,14:15,13:12,30,Chronic cough,vomiting|nausea|diarrhoea,Abdominal and pelvic pain,moderate,125/77,66,36.0,96,64.6,149.1,,Active,
V-00904,P-0266,D-0341,H-0467,2025-10-20,15:30,14:15,30,Headache,frequent urination|urinary urgency,Benign prostatic hyperplasia,severe,129/80,70,37.7,95,64.6,149.1,,Resolved,
V-00905,P-0267,D-0337,H-0492,2026-03-06,09:45,09:25,25,Thyroid review,dizziness on standing|fatigue|poor concentration|fainting,Hypotension,moderate,132/85,77,36.6,99,64.8,158.8,,Resolved,
V-00906,P-0267,D-0327,H-0078,2025-12-02,12:30,11:20,60,Back pain,cough|chest pain|fever|breathlessness|productive cough,"Pneumonia, unspecified organism",moderate,125/81,69,37.0,99,64.8,158.8,14,Resolved,
V-00907,P-0268,D-0169,H-0446,2025-04-15,11:30,11:12,20,Routine scan,weakness|abdominal pain|nausea,"Infectious gastroenteritis and colitis, unspecified",moderate,119/74,65,36.8,95,3.5,48.5,30,Resolved,
V-00908,P-0268,D-0105,H-0156,2026-07-05,12:30,12:15,20,Pre-operative assessment,fatigue|palpitations|numbness|weakness|abdominal pain,"Other disorders of fluid, electrolyte and acid-base balance",severe,125/76,72,38.7,96,3.5,48.5,,Resolved,
V-00909,P-0268,D-0428,H-0388,2026-06-07,09:15,09:05,45,Chest tightness on exertion,weakness in one limb|memory loss|fainting,Epilepsy and recurrent seizures,moderate,126/84,74,36.4,95,3.5,48.5,90,Active,
V-00910,P-0268,D-0451,H-0176,2026-05-16,13:45,12:25,10,Fracture follow-up,rash|itching|dry skin,Atopic dermatitis,low,120/79,67,37.5,100,3.5,48.5,,Resolved,
V-00911,P-0268,D-0234,H-0315,2026-10-14,11:30,11:30,,Routine scan,abdominal pain|nausea|vomiting|diarrhoea,Abdominal and pelvic pain,moderate,119/78,65,36.7,95,3.5,48.5,,Pending,
V-00912,P-0269,D-0276,H-0148,2025-03-03,16:15,15:12,30,Red eye,difficulty swallowing|swollen glands|sore throat|headache,Acute tonsillitis,low,113/70,69,37.1,95,64.8,156.1,14,Active,
V-00913,P-0269,D-0037,H-0388,2026-07-27,15:30,14:10,,Irregular periods,upper abdominal pain|heartburn,Gastro-esophageal reflux disease,severe,120/74,78,37.5,93,64.8,156.1,,Pending,
V-00914,P-0269,D-0437,H-0331,2025-08-19,16:00,16:10,10,BP review,weakness in one limb|hand pain|night pain|tingling,Mononeuropathies of upper limb,high,124/78,83,37.5,91,64.8,156.1,,Resolved,
V-00915,P-0269,D-0346,H-0060,2025-11-22,09:00,09:30,60,Abdominal pain,itching|redness|swelling of feet,Other local infections of skin and subcutaneous tissue,high,110/75,66,37.0,90,64.8,156.1,14,Resolved,
V-00916,P-0269,D-0401,H-0076,2025-10-28,16:30,15:10,45,Sleep disturbance,neck pain|nausea|vomiting,Migraine,low,115/78,72,36.6,98,64.8,156.1,90,Active,
V-00917,P-0269,D-0142,H-0015,2026-07-15,16:15,16:20,45,Fever,rash|redness,Other erythematous conditions,moderate,122/74,80,37.3,97,64.8,156.1,90,Active,
V-00918,P-0269,D-0140,H-0327,2025-11-24,10:00,10:20,25,Pre-operative assessment,dizziness on standing|poor concentration|fainting|weakness,Syncope and collapse,low,117/73,73,36.5,96,64.8,156.1,7,Resolved,
V-00919,P-0269,D-0165,H-0138,2025-04-03,17:15,16:12,15,General weakness,breast lump|breast pain,Inflammatory disorders of breast,low,118/71,75,35.9,97,64.8,156.1,,Resolved,
V-00920,P-0269,D-0226,H-0227,2026-11-14,18:45,17:05,45,Blocked nose,redness|joint pain,Gout,high,115/70,72,38.2,96,64.8,156.1,90,Active,
V-00921,P-0270,D-0199,H-0063,2025-09-14,17:45,16:20,60,Poor feeding,neck pain|light sensitivity|blurred vision,Migraine,low,122/80,86,36.6,99,48.7,154.6,30,Active,
V-00922,P-0270,D-0041,H-0457,2025-05-14,11:45,11:12,10,Knee pain,neck pain|fatigue|headache|nausea,Headache,moderate,115/71,76,36.8,99,48.7,154.6,30,Resolved,
V-00923,P-0270,D-0495,H-0510,2026-09-27,11:00,10:15,30,Growth review,fever|productive cough|confusion|fatigue,"Pneumonia, unspecified organism",severe,120/77,83,38.6,93,48.7,154.6,7,Resolved,
V-00924,P-0270,D-0418,H-0090,2026-01-15,10:30,10:10,45,Acne,confusion|rigors|weight loss|night sweats|high fever,Miliary tuberculosis,low,120/74,83,36.5,94,48.7,154.6,30,Active,
V-00925,P-0270,D-0422,H-0471,2025-10-01,16:15,15:25,45,Headache,abdominal pain|constipation|diarrhoea,Irritable bowel syndrome,severe,118/74,80,38.5,89,48.7,154.6,90,Resolved,
V-00926,P-0270,D-0178,H-0289,2026-09-16,13:45,13:30,10,Acidity,nocturia|weak stream|poor concentration,Benign prostatic hyperplasia,moderate,127/84,93,37.2,98,48.7,154.6,7,Resolved,
V-00927,P-0270,D-0333,H-0509,2026-08-27,17:45,17:12,45,Loose motions,morning stiffness|joint swelling,"Other joint disorder, not elsewhere classified",low,127/79,92,36.4,98,48.7,154.6,30,Resolved,
V-00928,P-0271,D-0293,H-0203,2025-02-19,16:45,15:30,60,Fit review,body ache|joint pain|fatigue,Other mosquito-borne viral fevers,high,109/73,58,39.0,89,58.7,157.7,7,Resolved,
V-00929,P-0271,D-0144,H-0450,2026-06-12,17:30,16:10,45,Ankle swelling,rash|redness|itching|dry skin,Other and unspecified dermatitis,moderate,121/81,72,36.8,100,58.7,157.7,30,Resolved,
V-00930,P-0271,D-0345,H-0421,2026-06-24,16:30,15:30,30,Follow-up for medication,itching|pimples,Acne,severe,115/77,65,38.7,89,58.7,157.7,30,Resolved,
V-00931,P-0271,D-0084,H-0253,2026-05-10,10:45,10:00,,Stone review,swollen glands|headache|fever|sore throat,Acute tonsillitis,moderate,113/69,63,37.8,97,58.7,157.7,14,Pending,
V-00932,P-0272,D-0151,H-0163,2025-04-05,15:30,14:20,,Chronic cough,dizziness|fatigue|headache|neck pain|blurred vision,Headache,low,124/78,68,36.3,97,45.1,140.4,90,Pending,
V-00933,P-0272,D-0251,H-0174,2025-08-06,12:15,11:00,45,Acne,joint pain|tenderness|body ache|muscle ache|headache,"Other and unspecified soft tissue disorders, not elsewhere classified",moderate,126/82,70,36.9,100,45.1,140.4,,Resolved,
V-00934,P-0272,D-0335,H-0150,2025-12-08,11:45,10:00,20,Knee pain,joint pain|joint swelling|tenderness|redness|fever,Gout,low,136/90,82,36.5,96,45.1,140.4,30,Resolved,
V-00935,P-0272,D-0201,H-0354,2025-12-04,10:15,10:12,30,Fracture follow-up,fatigue|frequent urination|painful urination|passing blood in urine,Hematuria,moderate,136/89,81,36.7,94,45.1,140.4,30,Active,
V-00936,P-0272,D-0226,H-0227,2026-05-24,19:00,19:05,15,Sore throat,breathlessness|cough|weight loss|night sweats|fatigue,Respiratory tuberculosis,severe,131/83,75,38.0,93,45.1,140.4,7,Resolved,
V-00937,P-0272,D-0191,H-0237,2025-02-04,18:15,17:12,60,Routine scan,excessive thirst|weight loss|frequent urination|poor concentration,Elevated blood glucose level,moderate,132/85,77,37.1,99,45.1,140.4,30,Staged,
V-00938,P-0273,D-0290,H-0025,2025-01-25,14:15,13:20,30,Thyroid review,slurred speech|fatigue,Other hypothyroidism,low,113/70,71,36.5,96,53.3,167.9,30,Resolved,
V-00939,P-0273,D-0369,H-0157,2025-10-06,16:45,15:05,60,Hearing loss,itching|rash,Other erythematous conditions,low,107/65,64,36.7,94,53.3,167.9,90,Resolved,
V-00940,P-0273,D-0276,H-0148,2026-02-11,14:00,14:15,60,Eye check-up,breathlessness|cough|vomiting,Whooping cough,moderate,106/71,62,37.4,99,53.3,167.9,30,Active,
V-00941,P-0274,D-0199,H-0063,2025-09-24,17:45,16:15,15,Fever,upper abdominal pain|bloating,Functional dyspepsia,moderate,116/73,90,36.5,97,86.3,176.8,90,Active,
V-00942,P-0275,D-0093,H-0185,2026-11-14,12:00,11:05,30,Chest tightness on exertion,painful urination|pelvic pain|frequent urination|lower abdominal pain,Unspecified lump in breast,moderate,122/82,62,37.1,100,55.7,155.6,7,Resolved,
V-00943,P-0275,D-0039,H-0419,2026-05-11,09:30,09:05,30,Fever,frequent urination|weak stream,Benign prostatic hyperplasia,moderate,135/89,77,37.0,97,55.7,155.6,14,Active,
V-00944,P-0275,D-0202,H-0314,2025-10-12,12:45,11:25,60,Thyroid review,stiffness|joint pain|joint swelling,Other rheumatoid arthritis,moderate,135/84,77,37.1,100,55.7,155.6,14,Active,
V-00945,P-0275,D-0463,H-0299,2026-08-01,15:15,14:12,30,Burning urination,joint pain|high fever|rash,Dengue fever [classical dengue],moderate,128/87,69,36.5,94,55.7,155.6,90,Resolved,
V-00946,P-0275,D-0101,H-0214,2025-05-08,17:15,17:05,25,BP review,discharge|itching,Anogenital herpesviral [herpes simplex] infections,moderate,121/81,61,37.0,96,55.7,155.6,,Active,
V-00947,P-0275,D-0519,H-0268,2026-04-10,14:30,14:15,15,Fracture follow-up,body ache|high fever|vomiting,Dengue fever [classical dengue],high,135/81,77,37.1,93,55.7,155.6,30,Active,
V-00948,P-0275,D-0381,H-0081,2025-11-14,17:45,17:15,30,Knee pain,painful urination|pelvic pain|frequent urination|fatigue|lower abdominal pain,Unspecified lump in breast,high,129/84,70,37.6,90,55.7,155.6,,Resolved,
V-00949,P-0275,D-0005,H-0008,2025-10-01,16:45,16:05,10,Irregular periods,itching|blisters,Anogenital herpesviral [herpes simplex] infections,high,123/75,64,37.6,95,55.7,155.6,7,Resolved,
V-00950,P-0276,D-0467,H-0135,2026-05-22,17:45,17:12,15,Headache,tenderness|fatigue|body ache|muscle ache,Other disorders of muscle,moderate,116/70,70,36.4,99,54.8,160.0,,Active,
V-00951,P-0276,D-0264,H-0057,2026-09-14,15:45,14:00,45,Sore throat,night sweats|breathlessness|high fever,Miliary tuberculosis,moderate,108/66,60,36.7,98,54.8,160.0,,Resolved,
V-00952,P-0277,D-0497,H-0417,2025-02-19,10:45,09:15,20,Ankle swelling,rash|red eye,Measles,moderate,104/63,60,37.0,97,58.6,155.6,90,Active,
V-00953,P-0277,D-0211,H-0136,2025-08-14,12:15,12:12,10,Burning urination,nausea|ringing in ears,Disorders of vestibular function,severe,105/65,61,38.3,92,58.6,155.6,14,Active,
V-00954,P-0277,D-0089,H-0450,2026-10-11,16:00,16:20,30,Weight change,fever|urinary urgency|frequent urination|painful urination|lower abdominal pain,Other disorders of urinary system,high,104/70,60,37.4,96,58.6,155.6,,Active,
V-00955,P-0277,D-0315,H-0123,2026-11-26,12:30,11:25,,Sleep disturbance,dizziness|weakness|fainting|poor concentration|fatigue,Hypotension,low,115/75,73,36.5,97,58.6,155.6,,Pending,
V-00956,P-0277,D-0320,H-0258,2026-05-06,09:30,09:25,10,Fracture follow-up,pimples|redness|itching,Acne,high,111/70,69,38.2,90,58.6,155.6,90,Resolved,
V-00957,P-0278,D-0327,H-0078,2025-03-26,14:45,14:00,25,Shoulder stiffness,dizziness on standing|diarrhoea|passing blood in urine|weakness|vomiting,Volume depletion,low,120/79,93,36.7,99,63.4,158.3,,Resolved,
V-00958,P-0279,D-0098,H-0044,2026-06-02,11:45,10:20,25,Wheezing,fatigue|frequent urination|passing blood in urine,Hematuria,moderate,129/85,81,36.5,100,38.8,143.4,14,Resolved,
V-00959,P-0279,D-0276,H-0148,2026-09-18,14:15,13:12,,Eye check-up,redness|itching,Other local infections of skin and subcutaneous tissue,moderate,122/74,73,36.5,95,38.8,143.4,,Pending,
V-00960,P-0279,D-0217,H-0110,2025-08-19,09:30,08:25,10,Chest tightness on exertion,ear pain|fever,Diseases of pulp and periapical tissues,low,118/79,68,36.6,96,38.8,143.4,,Resolved,
V-00961,P-0279,D-0090,H-0447,2025-01-09,19:30,19:10,15,Stone review,dry skin|sleep disturbance|itching|rash|skin scaling,Atopic dermatitis,low,120/82,71,36.4,100,38.8,143.4,,Resolved,
V-00962,P-0279,D-0482,H-0068,2026-11-28,11:00,10:00,,Thyroid review,nausea|headache|neck pain|blurred vision,Headache,high,117/73,66,37.6,95,38.8,143.4,90,Pending,
V-00963,P-0279,D-0014,H-0150,2025-03-04,11:15,11:20,60,Sore throat,abdominal pain|palpitations|numbness|muscle ache,"Other disorders of fluid, electrolyte and acid-base balance",moderate,128/77,80,36.7,98,38.8,143.4,,Active,
V-00964,P-0279,D-0310,H-0178,2025-09-22,09:30,09:20,10,Foamy urine,nausea|rash|joint pain|vomiting,Dengue fever [classical dengue],low,129/81,81,37.0,95,38.8,143.4,14,Active,
V-00965,P-0281,D-0245,H-0475,2025-11-14,10:30,09:05,,Post-operative review,painful urination|frequent urination|passing blood in urine,Hematuria,high,135/82,78,37.8,89,57.1,163.7,,Pending,
V-00966,P-0281,D-0453,H-0258,2026-09-27,09:45,08:05,15,Tingling in hand,irritability|fatigue|anxiety|headache|poor concentration,Sleep disorders,high,127/78,70,37.8,94,57.1,163.7,7,Active,
V-00967,P-0281,D-0473,H-0245,2026-04-17,09:45,08:30,20,Itching,slurred speech|fatigue|hair loss|poor concentration,Other hypothyroidism,moderate,134/90,78,36.8,97,57.1,163.7,,Resolved,
V-00968,P-0281,D-0492,H-0054,2025-03-24,09:45,08:10,20,Stone review,hoarseness|fever,"Diseases of vocal cords and larynx, not elsewhere classified",low,128/80,70,36.5,100,57.1,163.7,,Resolved,
V-00969,P-0281,D-0524,H-0256,2025-11-16,10:30,10:25,10,Tingling in hand,fatigue|weight loss,Respiratory tuberculosis,low,130/81,73,36.1,95,57.1,163.7,,Active,
V-00970,P-0282,D-0422,H-0471,2025-04-08,09:00,09:20,25,Tingling in hand,fatigue|dizziness on standing|excessive periods,"Excessive, frequent and irregular menstruation",moderate,119/80,71,36.9,96,58.3,153.0,14,Resolved,
V-00971,P-0283,D-0228,H-0031,2026-02-02,17:00,17:10,25,Abdominal pain,diarrhoea|vomiting,Volume depletion,moderate,109/74,73,36.8,99,17.5,105.0,7,Active,
V-00972,P-0283,D-0414,H-0200,2026-06-15,19:30,18:12,,Sore throat,vomiting|diarrhoea|fainting|passing blood in urine,Volume depletion,low,103/68,65,37.2,95,17.5,105.0,30,Pending,
V-00973,P-0283,D-0049,H-0063,2025-09-11,18:30,18:05,10,Stone review,chest pain|palpitations,Dizziness and giddiness,moderate,99/64,59,37.2,94,17.5,105.0,30,Resolved,
V-00974,P-0285,D-0316,H-0086,2025-09-10,10:45,10:12,10,Tingling in hand,restlessness|fever|vomiting,Calculus of kidney and ureter,severe,119/77,69,38.1,92,48.2,171.0,,Resolved,
V-00975,P-0286,D-0314,H-0136,2025-07-13,18:15,18:20,,Chest tightness on exertion,fatigue|stiffness|joint pain|morning stiffness,Other rheumatoid arthritis,low,123/80,92,37.8,95,55.0,152.5,30,Pending,
V-00976,P-0286,D-0464,H-0214,2026-01-23,16:45,15:15,15,Fit review,nausea|excessive thirst|frequent urination|abdominal pain,Type 1 diabetes mellitus,high,124/82,94,38.4,95,55.0,152.5,90,Active,
V-00977,P-0287,D-0514,H-0131,2025-04-17,12:00,12:20,,Red eye,sleep disturbance|hearing loss|ear pain|ear discharge,Suppurative and unspecified otitis media,moderate,110/71,78,36.5,99,50.0,148.5,7,Pending,
V-00978,P-0287,D-0108,H-0419,2026-11-05,17:45,16:20,45,Fever,fever|itching|body ache|pain|blisters,Varicella [chickenpox],low,105/64,72,37.7,96,50.0,148.5,,Active,
V-00979,P-0287,D-0252,H-0233,2026-03-03,12:30,12:00,30,Thyroid review,fatigue|weakness,Other disorders of muscle,moderate,115/78,86,37.3,95,50.0,148.5,,Active,
V-00980,P-0287,D-0445,H-0381,2026-11-23,10:45,10:25,10,Breathlessness on walking,red eye|itching|blurred vision,Conjunctivitis,moderate,106/65,72,36.7,96,50.0,148.5,,Active,
V-00981,P-0288,D-0169,H-0446,2025-04-06,12:30,11:00,20,Routine scan,sore throat|swollen glands|headache,Acute pharyngitis,high,105/67,68,37.2,91,25.5,115.0,30,Resolved,
V-00982,P-0288,D-0208,H-0403,2026-02-06,17:15,17:25,60,Anxiety,passing blood in urine|frequent urination,Hematuria,moderate,114/76,80,36.7,100,25.5,115.0,14,Active,
V-00983,P-0288,D-0504,H-0226,2026-02-18,12:15,11:10,45,Hypertension review,watering eyes|red eye,Conjunctivitis,low,115/74,82,36.9,99,25.5,115.0,7,Active,
V-00984,P-0288,D-0211,H-0136,2026-01-28,13:30,13:10,10,Stone review,body ache|fatigue|joint pain|high fever,Other mosquito-borne viral fevers,high,108/72,73,38.0,94,25.5,115.0,30,Active,
V-00985,P-0288,D-0017,H-0307,2025-08-16,13:30,13:00,25,Low mood,diarrhoea|vomiting|passing blood in urine|fainting|dizziness on standing,Volume depletion,high,112/70,77,38.3,96,25.5,115.0,,Resolved,
V-00986,P-0288,D-0247,H-0019,2026-09-21,15:45,15:25,10,Heavy periods,vomiting|nausea,Abdominal and pelvic pain,low,111/70,76,36.5,96,25.5,115.0,14,Active,
V-00987,P-0289,D-0278,H-0055,2025-03-03,16:30,15:10,45,Blocked nose,high fever|joint pain|body ache|headache|rash,Dengue fever [classical dengue],low,108/68,78,36.8,96,50.0,158.4,,Resolved,
V-00988,P-0289,D-0330,H-0102,2025-08-23,15:45,14:10,,Shoulder stiffness,headache|high fever|joint pain|body ache,Dengue fever [classical dengue],high,113/74,85,38.0,92,50.0,158.4,90,Pending,
V-00989,P-0289,D-0229,H-0513,2025-06-06,16:45,15:10,15,Shoulder stiffness,fatigue|poor concentration|night sweats|blurred vision,Type 2 diabetes mellitus,low,108/67,78,37.0,98,50.0,158.4,30,Resolved,
V-00990,P-0289,D-0313,H-0504,2025-04-25,13:00,12:25,20,Sugar review,confusion|productive cough,"Pneumonia, unspecified organism",low,114/77,86,37.1,96,50.0,158.4,7,Resolved,
V-00991,P-0290,D-0016,H-0228,2025-03-10,11:15,11:15,30,Sugar review,joint pain|vomiting,Dengue fever [classical dengue],low,123/82,94,36.9,97,22.7,111.5,14,Active,
V-00992,P-0290,D-0068,H-0326,2026-01-25,19:00,19:05,,Red eye,irritability|ear pain|fever,Suppurative and unspecified otitis media,low,115/72,83,36.7,94,22.7,111.5,,Pending,
V-00993,P-0290,D-0399,H-0300,2026-05-01,11:30,10:30,20,Hair fall,fatigue|high fever|body ache|headache|joint pain,Other mosquito-borne viral fevers,low,116/78,84,37.3,98,22.7,111.5,30,Resolved,
V-00994,P-0290,D-0537,H-0377,2025-11-08,12:15,11:12,20,Sore throat,numbness|palpitations|muscle ache|abdominal pain,"Other disorders of fluid, electrolyte and acid-base balance",moderate,124/80,96,36.9,97,22.7,111.5,90,Resolved,
V-00995,P-0291,D-0332,H-0335,2026-09-28,10:15,10:05,10,Pre-operative assessment,palpitations|anxiety|restlessness|sleep disturbance|poor concentration,Other anxiety disorders,high,118/75,64,36.9,91,76.9,171.4,,Active,
V-00996,P-0291,D-0202,H-0314,2025-04-07,19:30,18:30,60,Weight change,dizziness|blurred vision,Headache,moderate,116/79,63,36.6,94,76.9,171.4,,Resolved,
V-00997,P-0291,D-0259,H-0478,2026-10-19,17:30,17:30,30,Chronic cough,swelling of feet|discharge|itching,Other local infections of skin and subcutaneous tissue,high,125/83,72,37.9,88,76.9,171.4,90,Resolved,
V-00998,P-0291,D-0486,H-0362,2025-09-03,12:45,12:25,45,Abdominal pain,difficulty swallowing|fever|sore throat|headache,Acute pharyngitis,moderate,125/78,73,37.3,98,76.9,171.4,90,Active,
V-00999,P-0291,D-0143,H-0447,2026-07-10,18:15,17:25,15,Headache,passing blood in urine|frequent urination|painful urination,Hematuria,moderate,130/87,78,37.3,98,76.9,171.4,,Staged,
V-01000,P-0292,D-0259,H-0478,2025-07-15,17:15,17:10,10,Wheezing,heartburn|bloating|upper abdominal pain|indigestion,Other and unspecified noninfective gastroenteritis and colitis,high,138/92,75,38.6,91,50.4,147.9,7,Resolved,
V-01001,P-0292,D-0014,H-0150,2026-01-14,19:30,19:25,45,Ear pain,vomiting|nausea|dizziness|hearing loss,Disorders of vestibular function,high,128/82,64,37.4,97,50.4,147.9,14,Active,
V-01002,P-0292,D-0446,H-0062,2025-07-17,18:00,18:25,15,General weakness,night sweats|excessive thirst|poor concentration,Type 2 diabetes mellitus,moderate,136/90,72,36.9,95,50.4,147.9,14,Active,
V-01003,P-0292,D-0288,H-0192,2026-06-22,18:15,17:00,60,Routine scan,dizziness on standing|vomiting,Volume depletion,high,133/81,70,38.2,93,50.4,147.9,,Active,
V-01004,P-0292,D-0509,H-0362,2026-07-11,11:45,11:15,10,Poor feeding,pain|fever|blisters|discharge,Anogenital herpesviral [herpes simplex] infections,moderate,139/83,76,36.7,96,50.4,147.9,90,Staged,
V-01005,P-0292,D-0051,H-0267,2025-01-09,15:45,15:20,45,Foamy urine,headache|weakness in one limb,Epilepsy and recurrent seizures,low,138/84,75,35.9,100,50.4,147.9,90,Resolved,
V-01006,P-0292,D-0094,H-0399,2026-10-22,09:30,08:12,30,Thyroid review,dry skin|redness|skin scaling|rash|itching,Other and unspecified dermatitis,low,130/84,67,36.2,100,50.4,147.9,14,Active,
V-01007,P-0293,D-0033,H-0009,2026-07-17,11:15,10:00,20,Antenatal check-up,chest pain|fatigue|fainting|palpitations|dizziness,Dizziness and giddiness,low,132/82,82,37.0,95,36.9,149.1,7,Active,
V-01008,P-0293,D-0111,H-0477,2025-02-01,19:30,19:30,30,Chronic cough,slurred speech|cold intolerance|poor concentration|constipation|fatigue,Other hypothyroidism,low,129/79,78,36.9,96,36.9,149.1,,Resolved,
V-01009,P-0293,D-0054,H-0295,2025-12-08,12:30,11:05,60,Cough and cold,diarrhoea|vomiting|fever,Abdominal and pelvic pain,low,142/95,95,36.6,99,36.9,149.1,,Active,
V-01010,P-0293,D-0277,H-0230,2026-07-13,13:45,12:00,15,Cough and cold,excessive thirst|weight loss|poor concentration|fatigue,Elevated blood glucose level,low,126/80,75,36.7,99,36.9,149.1,,Active,
V-01011,P-0293,D-0110,H-0418,2026-04-23,10:30,10:15,10,Chest tightness on exertion,itching|rash,Rash and other nonspecific skin eruption,moderate,141/90,93,36.6,97,36.9,149.1,14,Active,
V-01012,P-0295,D-0527,H-0149,2026-12-27,12:00,12:12,25,Stone review,morning stiffness|stiffness,Other rheumatoid arthritis,low,106/72,79,36.8,98,53.6,168.0,,Resolved,
V-01013,P-0295,D-0009,H-0009,2025-09-07,13:15,12:15,,Red eye,diarrhoea|heartburn,Other and unspecified noninfective gastroenteritis and colitis,moderate,112/75,89,37.1,100,53.6,168.0,,Pending,
V-01014,P-0296,D-0056,H-0128,2026-02-20,10:45,09:10,,Low mood,vomiting|ear pain|dizziness|ringing in ears,Disorders of vestibular function,moderate,131/79,75,37.2,96,71.6,165.8,,Pending,
V-01015,P-0296,D-0115,H-0284,2026-05-17,15:00,14:30,30,Red eye,sleep disturbance|dry skin,Atopic dermatitis,high,122/75,64,37.9,96,71.6,165.8,,Resolved,
V-01016,P-0296,D-0062,H-0309,2026-01-16,18:15,17:25,20,Fever,weakness|vomiting,"Gastrointestinal hemorrhage, unspecified",severe,122/76,65,37.8,91,71.6,165.8,30,Active,
V-01017,P-0296,D-0127,H-0182,2025-05-22,12:45,11:05,,Ear pain,blurred vision|headache|nausea,Headache,low,136/91,80,36.3,99,71.6,165.8,,Pending,
V-01018,P-0296,D-0060,H-0377,2026-01-25,18:45,17:25,,Burning urination,swollen glands|headache|difficulty swallowing,Acute pharyngitis,severe,131/85,75,38.2,92,71.6,165.8,,Pending,
V-01019,P-0296,D-0275,H-0439,2026-07-22,14:15,14:05,20,Low mood,body ache|joint pain|fatigue|rash|high fever,Other mosquito-borne viral fevers,low,127/82,70,36.8,100,71.6,165.8,,Active,
V-01020,P-0297,D-0155,H-0482,2025-07-14,18:45,17:30,30,Abdominal pain,neck pain|light sensitivity,Migraine,low,115/69,75,37.0,95,65.9,167.4,,Active,
V-01021,P-0297,D-0102,H-0502,2026-07-07,09:00,08:00,,Foamy urine,nausea|weight loss|fatigue|vomiting,Type 1 diabetes mellitus,moderate,113/69,72,36.4,98,65.9,167.4,30,Pending,
V-01022,P-0298,D-0157,H-0514,2025-02-14,10:15,10:00,25,Low mood,diarrhoea|abdominal pain|vomiting|lower abdominal pain,Abdominal and pelvic pain,low,124/78,69,36.7,99,27.2,117.8,30,Active,
V-01023,P-0298,D-0373,H-0512,2026-06-16,12:15,12:05,45,Post-operative review,nausea|rash|headache,Dengue fever [classical dengue],low,123/80,68,37.2,98,27.2,117.8,90,Resolved,
V-01024,P-0298,D-0535,H-0086,2026-01-09,14:45,13:20,,Growth review,sore throat|fever|runny nose|cough|fatigue,Acute upper respiratory infections of multiple and unspecified sites,moderate,124/76,69,36.9,96,27.2,117.8,,Pending,
V-01025,P-0298,D-0455,H-0256,2026-10-17,15:15,14:25,,Post-operative review,palpitations|fatigue|muscle ache|weakness,"Other disorders of fluid, electrolyte and acid-base balance",high,127/79,72,37.8,93,27.2,117.8,14,Pending,
V-01026,P-0298,D-0538,H-0165,2025-07-16,19:30,19:05,30,Loose motions,fever|cough|breathlessness|vomiting|fatigue,Whooping cough,low,120/79,65,36.9,98,27.2,117.8,30,Active,
V-01027,P-0298,D-0473,H-0245,2025-07-04,16:45,15:10,45,Hair fall,chills|fatigue,Fever of other and unknown origin,severe,133/90,79,38.5,95,27.2,117.8,90,Active,
V-01028,P-0298,D-0236,H-0165,2026-04-28,16:00,15:05,,Ear pain,breathlessness on exertion|chest tightness|wheezing|sleep disturbance|cough,Asthma,low,125/79,70,36.5,98,27.2,117.8,14,Pending,
V-01029,P-0300,D-0019,H-0161,2025-11-14,11:00,10:05,10,Low mood,ear pain|dizziness|vomiting|hearing loss,Disorders of vestibular function,high,109/74,88,38.4,95,48.5,158.6,,Active,
V-01030,P-0300,D-0032,H-0388,2026-08-20,15:15,14:30,45,Blocked nose,dizziness|hearing loss|ringing in ears,Disorders of vestibular function,moderate,104/63,80,37.0,99,48.5,158.6,,Resolved,
V-01031,P-0300,D-0539,H-0384,2025-10-04,11:00,11:00,15,Burning urination,frequent urination|painful urination|passing blood in urine|fatigue,Hematuria,moderate,111/71,90,36.8,95,48.5,158.6,7,Active,
V-01032,P-0300,D-0414,H-0200,2025-04-06,13:45,13:12,30,Hearing loss,headache|eye pain,Age-related cataract,moderate,110/69,90,36.5,94,48.5,158.6,30,Active,
V-01033,P-0302,D-0149,H-0024,2025-07-16,16:15,16:25,,Blurred vision,nausea|hearing loss|ear pain|vomiting,Disorders of vestibular function,moderate,136/86,74,37.1,97,68.9,171.3,,Pending,
V-01034,P-0302,D-0061,H-0313,2026-07-04,10:00,10:05,30,Abdominal pain,redness|itching|fever|rash,Rash and other nonspecific skin eruption,moderate,136/92,74,36.8,99,68.9,171.3,,Resolved,
V-01035,P-0302,D-0449,H-0249,2026-04-22,18:30,18:12,30,Weight change,crepitus|morning stiffness|joint pain|knee pain,Osteoarthritis of knee,moderate,135/87,73,36.6,98,68.9,171.3,90,Active,
V-01036,P-0302,D-0467,H-0135,2026-11-11,09:45,09:05,,Headache,poor concentration|weight loss|fatigue,Elevated blood glucose level,moderate,125/78,63,37.4,99,68.9,171.3,,Pending,
V-01037,P-0302,D-0043,H-0150,2026-04-09,11:00,10:05,25,Itching,wheezing|cough|fatigue,Other chronic obstructive pulmonary disease,severe,135/86,73,37.9,91,68.9,171.3,90,Active,
V-01038,P-0303,D-0435,H-0024,2026-11-03,09:45,09:10,10,Post-operative review,sleep disturbance|fatigue,Depressive episode,moderate,108/65,76,37.3,99,58.8,167.4,90,Resolved,
V-01039,P-0303,D-0531,H-0002,2026-11-27,12:30,12:25,45,Eye check-up,weakness|abdominal pain|fatigue|palpitations,"Other disorders of fluid, electrolyte and acid-base balance",moderate,115/76,87,36.2,95,58.8,167.4,7,Resolved,
V-01040,P-0303,D-0098,H-0044,2026-04-19,16:15,15:00,20,Wheezing,headache|fatigue|blurred vision,Disorders of refraction and accommodation,moderate,113/71,84,37.4,97,58.8,167.4,30,Resolved,
V-01041,P-0303,D-0275,H-0439,2025-08-12,12:00,11:12,15,Sleep disturbance,joint pain|rash|body ache|high fever,Other mosquito-borne viral fevers,moderate,116/70,88,37.5,98,58.8,167.4,,Resolved,
V-01042,P-0303,D-0255,H-0228,2025-05-01,10:45,10:00,45,Cough and cold,weight loss|nausea,Alcoholic liver disease,low,115/76,87,37.0,96,58.8,167.4,14,Resolved,
V-01043,P-0305,D-0119,H-0333,2025-05-16,11:15,11:00,30,Weight change,breathlessness|chest pain,Atrial fibrillation and flutter,moderate,104/69,69,36.9,99,52.0,151.3,30,Resolved,
V-01044,P-0305,D-0488,H-0094,2025-11-13,11:15,11:30,60,Swelling of feet,high fever|headache|body ache,Unspecified malaria,high,115/70,84,38.7,88,52.0,151.3,7,Staged,
V-01045,P-0305,D-0494,H-0290,2026-02-09,15:15,15:20,20,Post-operative review,productive cough|fever|confusion|breathlessness|chest pain,"Pneumonia, unspecified organism",moderate,114/72,83,36.3,97,52.0,151.3,,Resolved,
V-01046,P-0305,D-0382,H-0038,2025-07-25,10:15,10:20,20,Hearing loss,weakness in one limb|seizure|memory loss,Epilepsy and recurrent seizures,moderate,115/74,84,36.6,98,52.0,151.3,,Resolved,
V-01047,P-0305,D-0166,H-0236,2026-01-08,11:30,11:15,20,Growth review,frequent urination|urinary urgency|painful urination,Other disorders of urinary system,moderate,110/72,77,36.1,97,52.0,151.3,,Active,
V-01048,P-0305,D-0487,H-0431,2026-11-03,16:30,15:10,10,Irregular periods,breathlessness|blurred vision|chest pain|headache,Essential (primary) hypertension,moderate,111/74,78,36.9,97,52.0,151.3,,Active,
V-01049,P-0305,D-0311,H-0389,2026-11-26,19:15,18:20,25,Knee pain,restlessness|chest pain|poor concentration|headache,"Reaction to severe stress, and adjustment disorders",high,108/67,75,38.8,94,52.0,151.3,7,Resolved,
V-01050,P-0306,D-0465,H-0477,2026-05-08,13:45,13:20,30,Follow-up for medication,swollen glands|fever,Acute tonsillitis,moderate,118/75,88,36.8,96,64.4,147.2,14,Active,
V-01051,P-0306,D-0138,H-0289,2025-03-27,16:15,16:05,30,Acne,vomiting|fever|nausea,Abdominal and pelvic pain,moderate,114/68,82,36.8,99,64.4,147.2,,Resolved,
V-01052,P-0306,D-0136,H-0480,2026-12-23,10:30,10:12,25,Anxiety,cough|breathlessness|sleep disturbance|wheezing,Asthma,low,111/69,77,36.8,95,64.4,147.2,,Resolved,
V-01053,P-0306,D-0080,H-0452,2026-06-28,13:00,13:12,10,Back pain,weakness|sleep disturbance,Malaise and fatigue,moderate,116/72,84,37.1,99,64.4,147.2,30,Resolved,
V-01054,P-0306,D-0500,H-0456,2025-05-03,09:30,09:05,45,Fracture follow-up,nausea|headache|vomiting|neck pain,Migraine,moderate,117/79,86,36.5,97,64.4,147.2,,Resolved,
V-01055,P-0306,D-0312,H-0157,2025-12-12,15:45,14:20,20,Shoulder stiffness,fatigue|anxiety|poor concentration,Depressive episode,moderate,111/69,78,36.7,97,64.4,147.2,,Resolved,
V-01056,P-0306,D-0258,H-0090,2025-05-13,16:30,16:00,45,Fit review,weakness in one limb|headache|fainting|memory loss,Epilepsy and recurrent seizures,low,121/74,93,36.4,95,64.4,147.2,14,Active,
V-01057,P-0306,D-0525,H-0444,2026-09-27,14:30,14:10,45,BP review,nausea|neck pain|light sensitivity,Migraine,severe,117/75,86,38.3,91,64.4,147.2,90,Active,
V-01058,P-0306,D-0466,H-0457,2026-11-02,13:45,13:15,30,Skin rash,hearing loss|ear discharge|irritability|ear pain|sleep disturbance,Suppurative and unspecified otitis media,moderate,111/69,77,36.8,99,64.4,147.2,,Resolved,
V-01059,P-0308,D-0406,H-0423,2026-09-03,13:15,13:05,10,Fever and body ache,night pain|tingling|weakness in one limb|hand pain|numbness,Mononeuropathies of upper limb,high,117/75,83,38.7,92,49.1,149.7,30,Active,
V-01060,P-0308,D-0095,H-0396,2025-03-27,16:00,15:30,15,Eye check-up,high fever|weight loss,Miliary tuberculosis,moderate,106/67,69,36.0,95,49.1,149.7,,Active,
V-01061,P-0308,D-0039,H-0419,2026-11-19,17:00,17:25,60,Poor feeding,blurred vision|headache,Headache,moderate,111/68,75,36.8,96,49.1,149.7,30,Active,
V-01062,P-0308,D-0383,H-0439,2025-10-26,11:15,10:10,10,Heavy periods,skin scaling|redness,Atopic dermatitis,moderate,105/71,67,36.9,95,49.1,149.7,7,Active,
V-01063,P-0309,D-0449,H-0249,2026-12-17,10:15,09:25,15,Sugar review,weakness|palpitations|poor concentration|pale skin,Malaise and fatigue,low,120/73,70,36.3,100,51.6,149.6,7,Active,
V-01064,P-0310,D-0214,H-0192,2025-08-11,19:30,18:00,60,Irregular periods,fever|body ache|fatigue,Fever of other and unknown origin,moderate,128/81,79,36.7,98,49.0,154.6,,Resolved,
V-01065,P-0310,D-0413,H-0124,2026-07-06,12:00,12:05,15,Urinary urgency,headache|body ache,Unspecified malaria,severe,131/79,82,38.8,90,49.0,154.6,,Resolved,
V-01066,P-0310,D-0274,H-0518,2026-03-18,18:15,17:20,60,Post-operative review,fever|weight loss|breathlessness|night sweats,Respiratory tuberculosis,moderate,127/82,78,36.8,94,49.0,154.6,90,Active,
V-01067,P-0310,D-0126,H-0203,2025-03-20,16:45,15:30,15,Heavy periods,night pain|hand pain|numbness,Mononeuropathies of upper limb,moderate,125/80,75,36.8,95,49.0,154.6,14,Active,
V-01068,P-0311,D-0265,H-0154,2025-11-10,14:45,14:05,30,Skin rash,fatigue|chest pain|fever|cough,"Pneumonia, unspecified organism",moderate,120/73,79,36.9,95,65.6,160.5,,Active,
V-01069,P-0311,D-0312,H-0157,2026-02-14,11:00,11:30,15,Knee pain,abdominal pain|constipation|nausea,Other functional intestinal disorders,high,114/72,72,38.0,93,65.6,160.5,,Active,
V-01070,P-0311,D-0392,H-0081,2025-09-18,10:45,09:10,15,Red eye,fatigue|nausea|frequent urination|vomiting|excessive thirst,Type 1 diabetes mellitus,high,119/76,79,37.6,95,65.6,160.5,90,Resolved,
V-01071,P-0312,D-0409,H-0433,2025-12-21,12:30,11:25,20,Poor feeding,poor concentration|weight loss|excessive thirst,Type 2 diabetes mellitus,low,128/83,71,36.3,96,77.1,170.0,14,Resolved,
V-01072,P-0312,D-0485,H-0123,2025-01-24,10:15,09:00,,Itching,fainting|dizziness|poor concentration,Hypotension,high,119/75,61,38.3,95,77.1,170.0,30,Pending,
V-01073,P-0312,D-0112,H-0302,2025-11-14,14:30,13:05,20,Chronic cough,breast pain|swelling of feet,Inflammatory disorders of breast,low,128/79,70,35.9,100,77.1,170.0,90,Resolved,
V-01074,P-0312,D-0055,H-0147,2026-07-11,14:30,13:00,60,General weakness,chest pain|joint pain|upper abdominal pain|fatigue,Disorders of lipoprotein metabolism and other lipidemias,moderate,122/79,64,37.1,94,77.1,170.0,,Active,
V-01075,P-0313,D-0133,H-0439,2025-08-04,12:00,11:25,60,Pre-operative assessment,night sweats|fatigue|poor concentration|blurred vision|frequent urination,Type 2 diabetes mellitus,low,124/83,79,36.6,99,49.6,148.4,90,Active,
V-01076,P-0313,D-0376,H-0011,2025-10-02,09:15,09:00,15,Swelling of feet,blurred vision|itching,Conjunctivitis,high,125/80,80,38.2,88,49.6,148.4,7,Active,
V-01077,P-0313,D-0071,H-0229,2025-01-21,09:45,08:00,10,Itching,sneezing|runny nose|sore throat,Acute nasopharyngitis [common cold],high,119/75,72,37.7,92,49.6,148.4,,Resolved,
V-01078,P-0313,D-0155,H-0482,2025-06-05,12:45,11:20,20,Abdominal pain,dizziness|blurred vision,Headache,severe,117/79,70,38.7,94,49.6,148.4,90,Active,
V-01079,P-0314,D-0128,H-0100,2026-11-14,10:00,10:30,45,Antenatal check-up,redness|discharge|fever|pain,Anogenital herpesviral [herpes simplex] infections,moderate,130/84,88,36.8,96,52.7,148.9,14,Active,
V-01080,P-0314,D-0507,H-0015,2026-09-26,15:30,14:12,20,Loose motions,mucus in stool|bloating|abdominal pain|diarrhoea,Irritable bowel syndrome,low,131/83,89,36.9,96,52.7,148.9,90,Staged,
V-01081,P-0314,D-0445,H-0381,2026-07-18,14:15,14:05,20,Hypertension review,fainting|poor concentration|weakness,Syncope and collapse,low,126/78,83,36.3,94,52.7,148.9,90,Active,
V-01082,P-0314,D-0397,H-0323,2025-12-02,18:30,17:00,25,Stone review,fever|chills|headache,Fever of other and unknown origin,low,133/84,92,37.7,96,52.7,148.9,14,Resolved,
V-01083,P-0314,D-0094,H-0399,2025-12-26,12:45,11:00,60,Thyroid review,itching|light sensitivity|blurred vision|eye pain,Conjunctivitis,low,119/80,74,37.0,95,52.7,148.9,14,Resolved,
V-01084,P-0315,D-0201,H-0354,2025-05-12,17:30,17:20,10,Shoulder stiffness,fainting|chest pain|fatigue|dizziness,Dizziness and giddiness,moderate,128/78,88,36.9,97,36.9,135.5,,Active,
V-01085,P-0315,D-0534,H-0478,2025-03-20,13:00,13:20,,Urinary urgency,passing blood in urine|fatigue|painful urination,Hematuria,low,128/80,88,36.6,98,36.9,135.5,,Pending,
V-01086,P-0315,D-0263,H-0306,2025-11-21,10:15,09:20,60,Sleep disturbance,redness|sleep disturbance|rash|dry skin,Atopic dermatitis,high,125/81,85,38.2,93,36.9,135.5,90,Active,
V-01087,P-0315,D-0034,H-0008,2025-10-19,15:00,14:00,45,Low mood,itching|swelling of feet,Other local infections of skin and subcutaneous tissue,moderate,119/74,76,36.8,97,36.9,135.5,,Active,
V-01088,P-0317,D-0099,H-0252,2026-11-11,10:45,10:20,45,Antenatal check-up,fatigue|palpitations,Malaise and fatigue,moderate,111/75,77,36.4,99,56.2,160.7,90,Resolved,
V-01089,P-0317,D-0028,H-0381,2025-07-16,12:45,11:20,10,Back pain,headache|body ache,Fever of other and unknown origin,low,103/69,66,37.2,96,56.2,160.7,30,Active,
V-01090,P-0317,D-0330,H-0102,2025-01-06,14:15,14:30,15,Back pain,skin scaling|redness|dry skin|rash|itching,Other and unspecified dermatitis,moderate,110/70,75,36.4,98,56.2,160.7,,Active,
V-01091,P-0318,D-0223,H-0298,2025-09-03,18:15,18:00,20,Routine scan,swollen ankles|nausea|weight loss,Alcoholic liver disease,low,114/72,67,36.7,95,41.4,154.4,,Resolved,
V-01092,P-0318,D-0385,H-0067,2026-01-10,16:00,16:00,60,Chest tightness on exertion,nocturia|weak stream|urinary urgency,Benign prostatic hyperplasia,moderate,120/73,74,37.1,99,41.4,154.4,,Resolved,
V-01093,P-0318,D-0283,H-0172,2025-12-18,13:00,12:20,15,Pre-operative assessment,breathlessness|wheezing|fever,Bronchiectasis,low,113/74,66,36.7,100,41.4,154.4,,Active,
V-01094,P-0318,D-0290,H-0025,2026-03-12,15:30,14:20,15,Weight change,rash|itching,Psoriasis,low,117/74,70,36.7,99,41.4,154.4,,Active,
V-01095,P-0318,D-0249,H-0373,2026-12-28,16:15,15:15,60,Cough and cold,muscle ache|palpitations|numbness,"Other disorders of fluid, electrolyte and acid-base balance",high,112/70,64,38.8,95,41.4,154.4,,Active,
V-01096,P-0318,D-0105,H-0156,2025-11-19,15:15,14:30,30,Post-operative review,night sweats|breathlessness|productive cough,Respiratory tuberculosis,low,116/75,69,37.6,97,41.4,154.4,90,Resolved,
V-01097,P-0318,D-0133,H-0439,2026-06-16,17:30,16:25,,Pre-operative assessment,wheezing|fatigue|breathlessness on exertion,Other chronic obstructive pulmonary disease,low,121/74,75,36.2,95,41.4,154.4,,Pending,
V-01098,P-0318,D-0291,H-0379,2026-07-05,15:30,14:00,15,Follow-up for medication,chest pain|dizziness|poor concentration|palpitations|breathlessness,Atrial fibrillation and flutter,moderate,115/72,69,37.1,98,41.4,154.4,7,Active,
V-01099,P-0318,D-0250,H-0093,2026-10-24,14:30,13:00,,Shoulder stiffness,fever|stiffness,Other rheumatoid arthritis,high,118/76,71,38.0,92,41.4,154.4,7,Pending,
V-01100,P-0319,D-0119,H-0333,2026-11-14,11:15,11:30,60,Weight change,fever|itching|redness|rash,Rash and other nonspecific skin eruption,moderate,107/66,68,36.5,99,23.5,108.9,14,Active,
V-01101,P-0319,D-0305,H-0463,2025-06-18,14:15,13:12,25,Chronic cough,night sweats|productive cough|fatigue|fever|breathlessness,Respiratory tuberculosis,moderate,112/68,74,36.8,100,23.5,108.9,7,Active,
V-01102,P-0319,D-0468,H-0341,2025-08-13,11:30,10:10,25,Chest tightness on exertion,dry skin|skin scaling|redness|itching,Other and unspecified dermatitis,low,103/69,62,36.9,98,23.5,108.9,,Active,
V-01103,P-0319,D-0368,H-0407,2025-05-02,11:15,10:05,60,Fever,high fever|nausea,Unspecified malaria,low,113/72,76,37.3,95,23.5,108.9,30,Active,
V-01104,P-0319,D-0094,H-0399,2025-01-07,18:00,17:30,20,Thyroid review,itching|redness|rash|dry skin,Other and unspecified dermatitis,high,114/72,77,37.0,96,23.5,108.9,90,Resolved,
V-01105,P-0319,D-0409,H-0433,2025-09-26,17:30,16:00,25,Fever,cough|breathlessness|breathlessness on exertion|sleep disturbance,Asthma,moderate,112/69,74,36.8,96,23.5,108.9,90,Resolved,
V-01106,P-0319,D-0171,H-0027,2025-09-06,09:45,08:20,10,Fit review,headache|high fever|joint pain|vomiting|nausea,Dengue fever [classical dengue],low,113/74,76,36.0,98,23.5,108.9,7,Resolved,
V-01107,P-0320,D-0344,H-0481,2026-10-03,10:15,09:15,20,Blocked nose,body ache|fatigue|muscle ache|headache|joint pain,"Other and unspecified soft tissue disorders, not elsewhere classified",high,136/87,89,38.4,94,74.6,168.3,,Active,
V-01108,P-0320,D-0528,H-0332,2025-06-19,11:45,11:05,25,Weight change,nocturia|urinary urgency|weak stream,Benign prostatic hyperplasia,moderate,129/80,79,36.9,94,74.6,168.3,14,Resolved,
V-01109,P-0320,D-0154,H-0339,2025-02-09,10:15,10:00,45,Chronic cough,vomiting|blood in stool|weakness|fatigue,"Gastrointestinal hemorrhage, unspecified",low,140/90,93,37.4,98,74.6,168.3,,Resolved,
V-01110,P-0321,D-0191,H-0237,2025-01-02,12:15,12:25,,Routine scan,fatigue|nausea|chills|body ache|headache,Fever of other and unknown origin,high,123/78,63,38.0,90,39.9,151.0,,Pending,
V-01111,P-0321,D-0138,H-0289,2025-04-20,09:45,08:10,10,Hair fall,seizure|weakness in one limb|headache|confusion|fainting,Epilepsy and recurrent seizures,low,118/71,58,36.9,95,39.9,151.0,,Resolved,
V-01112,P-0321,D-0491,H-0338,2025-01-15,18:30,18:25,15,Chronic cough,dizziness|chest pain|blurred vision|palpitations|headache,Essential (primary) hypertension,low,123/76,62,36.9,97,39.9,151.0,14,Resolved,
V-01113,P-0321,D-0016,H-0228,2025-04-08,18:30,18:20,60,Thyroid review,restlessness|headache|chest pain|sleep disturbance|poor concentration,"Reaction to severe stress, and adjustment disorders",moderate,120/79,59,37.1,97,39.9,151.0,90,Resolved,
V-01114,P-0322,D-0107,H-0451,2026-05-03,18:15,17:12,,Heavy periods,rash|redness|itching|skin scaling,Psoriasis,moderate,108/68,75,37.0,97,55.2,171.1,7,Pending,
V-01115,P-0322,D-0363,H-0473,2025-06-05,15:00,15:10,10,BP review,indigestion|upper abdominal pain|diarrhoea,Other and unspecified noninfective gastroenteritis and colitis,high,115/73,86,38.7,95,55.2,171.1,90,Active,
V-01116,P-0323,D-0404,H-0107,2026-08-26,11:45,11:20,,Foamy urine,feeding difficulty|vomiting|breathlessness|fatigue,Whooping cough,moderate,123/81,65,37.1,96,56.4,151.8,14,Pending,
V-01117,P-0323,D-0217,H-0110,2025-11-08,10:30,10:30,,Palpitations,body ache|fatigue|headache|chills,Unspecified malaria,moderate,122/83,64,37.0,96,56.4,151.8,30,Pending,
V-01118,P-0323,D-0428,H-0388,2025-08-04,13:15,12:20,,Breathlessness on walking,frequent urination|excessive thirst|abdominal pain|weight loss|vomiting,Type 1 diabetes mellitus,low,120/77,61,36.9,98,56.4,151.8,,Pending,
V-01119,P-0324,D-0405,H-0019,2025-08-17,09:30,09:12,60,Itching,ear pain|difficulty swallowing|facial pain|toothache,Diseases of pulp and periapical tissues,high,107/67,71,38.6,96,61.5,169.3,90,Resolved,
V-01120,P-0325,D-0144,H-0450,2026-01-25,10:30,10:12,10,Breathlessness on walking,weakness|abdominal pain|numbness|palpitations,"Other disorders of fluid, electrolyte and acid-base balance",moderate,124/84,74,36.9,97,12.9,85.2,,Resolved,
V-01121,P-0325,D-0109,H-0239,2026-04-10,11:00,11:20,20,Breathlessness,body ache|abdominal pain|vomiting|headache,Typhoid and paratyphoid fevers,low,128/79,79,37.2,95,12.9,85.2,7,Resolved,
V-01122,P-0325,D-0130,H-0196,2026-09-24,16:00,15:12,20,Post-operative review,headache|nausea|vomiting,Dengue fever [classical dengue],low,135/83,88,37.0,97,12.9,85.2,,Staged,
V-01123,P-0327,D-0324,H-0242,2025-10-01,19:15,18:15,60,Sugar review,anxiety|fatigue,Sleep disorders,moderate,109/71,82,37.1,97,68.5,154.2,90,Resolved,
V-01124,P-0327,D-0455,H-0256,2025-02-05,19:45,19:12,,Pre-operative assessment,chest pain|cold sweat|palpitations,Angina pectoris,moderate,110/68,84,36.9,96,68.5,154.2,90,Pending,
V-01125,P-0327,D-0288,H-0192,2025-03-07,12:30,12:00,10,Heavy periods,sore throat|swollen glands|fever|headache,Acute tonsillitis,low,110/73,84,36.5,99,68.5,154.2,,Resolved,
V-01126,P-0327,D-0442,H-0134,2025-04-15,18:30,18:05,,Sore throat,blurred vision|vomiting,Migraine,moderate,105/64,76,36.5,94,68.5,154.2,7,Pending,
V-01127,P-0327,D-0178,H-0289,2026-02-22,16:00,15:30,25,Loose motions,sleep disturbance|poor concentration|weight gain|joint pain|breathlessness on exertion,Overweight and obesity,high,105/65,76,38.7,96,68.5,154.2,30,Resolved,
V-01128,P-0327,D-0014,H-0150,2026-08-28,13:45,12:20,60,Ear pain,mucus in stool|diarrhoea|abdominal pain,Irritable bowel syndrome,low,99/66,68,37.2,94,68.5,154.2,30,Active,
V-01129,P-0328,D-0346,H-0060,2025-10-10,14:45,13:00,60,Abdominal pain,difficulty swallowing|swollen glands|fever,Acute pharyngitis,moderate,132/89,88,36.7,97,24.5,113.7,7,Resolved,
V-01130,P-0328,D-0039,H-0419,2025-05-28,13:15,13:30,10,Poor feeding,fatigue|low-grade fever|nasal congestion|headache,Acute nasopharyngitis [common cold],low,133/88,88,36.4,95,24.5,113.7,,Resolved,
V-01131,P-0328,D-0056,H-0128,2026-10-24,11:00,11:10,15,Low mood,itching|watering eyes|red eye|light sensitivity|blurred vision,Conjunctivitis,low,118/73,70,36.6,96,24.5,113.7,7,Active,
V-01132,P-0328,D-0485,H-0123,2026-08-10,12:30,12:15,15,Acne,fatigue|night sweats,Respiratory tuberculosis,high,128/80,82,38.3,94,24.5,113.7,,Active,
V-01133,P-0328,D-0072,H-0163,2025-01-05,11:15,10:20,15,Wheezing,high fever|cough|red eye,Measles,high,124/80,77,37.8,96,24.5,113.7,,Active,
V-01134,P-0328,D-0114,H-0011,2025-12-17,13:15,13:20,60,Antenatal check-up,dry skin|skin scaling|rash,Other and unspecified dermatitis,low,121/76,74,36.9,100,24.5,113.7,,Resolved,
V-01135,P-0328,D-0400,H-0488,2025-02-15,10:00,10:05,20,Skin rash,cough|red eye|runny nose|irritability|rash,Measles,severe,119/77,70,37.8,93,24.5,113.7,30,Active,
V-01136,P-0329,D-0119,H-0333,2026-10-15,15:45,15:00,20,Sugar review,high fever|vomiting|joint pain|body ache,Dengue fever [classical dengue],high,124/83,70,38.0,90,29.0,118.0,14,Active,
V-01137,P-0329,D-0379,H-0199,2026-03-01,13:15,13:00,20,Chronic cough,ear pain|irritability|hearing loss|ear discharge,Suppurative and unspecified otitis media,moderate,123/78,69,36.7,96,29.0,118.0,90,Resolved,
V-01138,P-0331,D-0015,H-0404,2025-09-16,12:30,12:20,25,Hearing loss,dizziness on standing|poor concentration|dizziness,Hypotension,low,114/72,86,36.6,99,44.4,151.4,90,Resolved,
V-01139,P-0332,D-0336,H-0230,2026-07-04,10:15,09:12,45,Hearing loss,body ache|rigors|fatigue|headache|vomiting,Unspecified malaria,low,127/84,82,37.1,96,56.0,161.2,90,Active,
V-01140,P-0333,D-0404,H-0107,2026-01-13,09:15,09:00,10,Foamy urine,excessive periods|dizziness on standing|pale skin|fatigue,"Excessive, frequent and irregular menstruation",high,106/71,62,39.4,93,54.4,162.0,90,Active,
V-01141,P-0333,D-0495,H-0510,2025-12-23,17:45,16:20,45,Poor feeding,pale skin|dizziness on standing|excessive periods|bruising|fatigue,"Excessive, frequent and irregular menstruation",moderate,113/70,71,36.8,96,54.4,162.0,90,Active,
V-01142,P-0333,D-0183,H-0094,2025-05-27,16:15,16:10,60,Anxiety,body ache|nausea,Unspecified malaria,low,112/72,69,37.0,100,54.4,162.0,14,Active,
V-01143,P-0333,D-0454,H-0341,2026-06-02,19:30,18:25,15,Anxiety,breathlessness|productive cough|fatigue,Acute bronchitis,moderate,104/70,59,37.0,99,54.4,162.0,30,Resolved,
V-01144,P-0333,D-0441,H-0018,2026-05-06,17:15,16:05,10,Poor feeding,fatigue|abdominal pain|high fever,Typhoid and paratyphoid fevers,moderate,112/68,69,37.1,97,54.4,162.0,90,Active,
V-01145,P-0334,D-0300,H-0381,2026-10-12,09:45,09:00,30,Post-operative review,cough|breathlessness,Acute bronchiolitis,moderate,127/83,72,36.2,96,12.8,91.3,,Active,
V-01146,P-0334,D-0380,H-0007,2026-06-21,13:00,12:25,25,Breathlessness,rigors|nausea,Unspecified malaria,moderate,137/83,84,37.0,99,12.8,91.3,,Resolved,
V-01147,P-0335,D-0326,H-0297,2026-01-25,11:15,11:25,,Swelling of feet,sore throat|difficulty swallowing|headache,Acute tonsillitis,moderate,118/73,93,37.0,94,96.8,170.5,30,Pending,
V-01148,P-0335,D-0299,H-0119,2026-01-14,17:45,17:10,10,Back pain,frequent urination|fever|urinary urgency|lower abdominal pain,Other disorders of urinary system,low,117/72,92,36.3,98,96.8,170.5,30,Active,
V-01149,P-0335,D-0438,H-0205,2025-10-25,14:30,13:15,60,Swelling of feet,irritability|sleep disturbance|hearing loss|fever,Suppurative and unspecified otitis media,high,112/69,85,38.7,93,96.8,170.5,30,Resolved,
V-01150,P-0335,D-0283,H-0172,2026-02-01,17:00,17:15,30,Pre-operative assessment,joint pain|upper abdominal pain|fatigue,Disorders of lipoprotein metabolism and other lipidemias,low,113/68,86,36.8,95,96.8,170.5,30,Active,
V-01151,P-0336,D-0350,H-0454,2025-03-16,14:15,14:12,25,Pre-operative assessment,blisters|headache|pain|body ache,Varicella [chickenpox],moderate,138/84,93,37.2,98,17.3,101.0,,Resolved,
V-01152,P-0336,D-0478,H-0378,2026-04-10,11:00,11:25,30,Burning urination,headache|nausea|fatigue|fever|chills,Fever of other and unknown origin,moderate,127/80,79,36.9,98,17.3,101.0,14,Active,
V-01153,P-0336,D-0537,H-0377,2026-07-10,15:00,15:15,15,Blocked nose,sleep disturbance|ear pain|hearing loss|fever,Suppurative and unspecified otitis media,low,132/86,85,36.8,97,17.3,101.0,7,Active,
V-01154,P-0336,D-0190,H-0455,2026-05-18,14:30,13:00,,Back pain,abdominal pain|muscle ache|palpitations|weakness|fatigue,"Other disorders of fluid, electrolyte and acid-base balance",severe,131/80,85,38.3,92,17.3,101.0,,Pending,
V-01155,P-0337,D-0504,H-0226,2026-09-13,10:15,09:00,60,Hypertension review,dry cough|productive cough|cough|chest pain,Cough,low,131/89,69,37.0,98,52.7,167.9,,Active,
V-01156,P-0337,D-0166,H-0236,2025-03-03,13:15,13:00,25,Poor feeding,dizziness on standing|pale skin,"Excessive, frequent and irregular menstruation",high,137/89,76,37.5,92,52.7,167.9,7,Active,
V-01157,P-0337,D-0410,H-0494,2025-03-09,14:00,13:15,15,Fracture follow-up,frequent urination|blurred vision|excessive thirst|fatigue|poor concentration,Type 2 diabetes mellitus,high,136/86,74,37.9,92,52.7,167.9,,Resolved,
V-01158,P-0337,D-0314,H-0136,2025-07-11,16:00,16:15,,Breathlessness on walking,low mood|anxiety|fatigue,Depressive episode,low,123/78,61,36.8,96,52.7,167.9,,Pending,
V-01159,P-0337,D-0214,H-0192,2025-07-28,10:15,09:00,,Antenatal check-up,indigestion|bloating|heartburn|nausea|diarrhoea,Other and unspecified noninfective gastroenteritis and colitis,severe,123/79,61,38.1,92,52.7,167.9,,Pending,
V-01160,P-0338,D-0183,H-0094,2025-05-08,13:30,13:20,,Anxiety,sore throat|cough,Acute upper respiratory infections of multiple and unspecified sites,moderate,104/70,65,37.3,99,83.3,164.2,7,Pending,
V-01161,P-0338,D-0494,H-0290,2026-06-09,10:30,09:12,10,Post-operative review,nausea|rash,Dengue fever [classical dengue],severe,112/75,77,37.9,88,83.3,164.2,30,Active,
V-01162,P-0338,D-0124,H-0056,2026-01-02,10:00,09:30,,Sleep disturbance,sleep disturbance|pale skin|poor concentration,Malaise and fatigue,moderate,107/72,69,36.9,96,83.3,164.2,90,Pending,
V-01163,P-0338,D-0134,H-0233,2026-06-02,14:15,13:20,15,Fever,breathlessness|fever|night sweats|weight loss|cough,Respiratory tuberculosis,low,104/64,66,37.0,96,83.3,164.2,,Active,
V-01164,P-0338,D-0401,H-0076,2025-10-24,18:30,17:12,20,Anxiety,fever|difficulty swallowing|sore throat,"Diseases of vocal cords and larynx, not elsewhere classified",moderate,111/75,75,36.9,96,83.3,164.2,14,Staged,
V-01165,P-0339,D-0090,H-0447,2025-09-17,09:15,09:25,15,Urinary urgency,rash|redness,Atopic dermatitis,moderate,111/70,74,37.0,95,9.1,73.5,,Resolved,
V-01166,P-0339,D-0026,H-0251,2025-08-13,12:45,11:15,20,Fracture follow-up,body ache|vomiting|headache|high fever,Dengue fever [classical dengue],moderate,109/67,71,36.9,99,9.1,73.5,30,Active,
V-01167,P-0339,D-0487,H-0431,2026-06-09,14:45,13:25,25,Routine scan,sneezing|fatigue|runny nose|low-grade fever,Acute nasopharyngitis [common cold],low,104/69,65,36.6,97,9.1,73.5,,Active,
V-01168,P-0340,D-0154,H-0339,2025-02-16,18:00,17:05,25,Wheezing,dizziness on standing|poor concentration|fainting,Syncope and collapse,moderate,133/85,83,36.9,98,56.9,162.9,14,Active,
V-01169,P-0340,D-0260,H-0217,2026-09-06,11:45,11:15,25,Sugar review,rash|fever,Rash and other nonspecific skin eruption,low,121/76,68,37.2,100,56.9,162.9,7,Resolved,
V-01170,P-0340,D-0288,H-0192,2026-05-24,10:15,09:10,20,Routine scan,fatigue|excessive periods|painful periods,Leiomyoma of uterus,severe,122/74,69,37.3,91,56.9,162.9,7,Resolved,
V-01171,P-0341,D-0095,H-0396,2026-08-06,19:00,19:25,15,Blurred vision,knee pain|stiffness|morning stiffness|joint swelling,Osteoarthritis of knee,moderate,102/63,68,36.3,94,45.9,152.4,7,Active,
V-01172,P-0341,D-0076,H-0488,2026-06-24,15:45,15:15,,Breathlessness,fever|ear discharge,Suppurative and unspecified otitis media,high,100/60,65,39.2,96,45.9,152.4,,Pending,
V-01173,P-0342,D-0012,H-0003,2026-02-11,14:45,13:00,20,Irregular periods,sore throat|headache,Acute tonsillitis,moderate,133/86,78,37.1,95,70.4,160.6,7,Staged,
V-01174,P-0342,D-0074,H-0008,2025-01-17,15:15,15:20,20,Palpitations,fainting|weakness in one limb,Epilepsy and recurrent seizures,low,127/84,71,36.8,97,70.4,160.6,90,Resolved,
V-01175,P-0342,D-0392,H-0081,2026-09-03,12:45,12:00,20,Red eye,nausea|weight loss|swollen ankles,Alcoholic liver disease,low,121/81,65,36.1,96,70.4,160.6,30,Active,
V-01176,P-0343,D-0032,H-0388,2026-04-21,10:30,09:30,,Sore throat,slurred speech|slowness of movement|stiffness|tremor,Parkinson's disease,moderate,119/80,61,37.4,97,63.1,157.7,,Pending,
V-01177,P-0343,D-0045,H-0362,2025-07-04,13:45,13:15,30,Sugar review,headache|palpitations|dizziness,Essential (primary) hypertension,low,131/87,75,36.7,100,63.1,157.7,,Resolved,
V-01178,P-0343,D-0501,H-0065,2025-01-21,18:30,17:20,20,Loose motions,numbness|tingling|weakness in one limb,Mononeuropathies of upper limb,high,123/82,66,37.6,93,63.1,157.7,7,Active,
V-01179,P-0344,D-0486,H-0362,2025-04-23,15:15,14:15,10,Abdominal pain,weight gain|hair loss|poor concentration|fatigue|constipation,Other hypothyroidism,high,133/89,92,38.1,93,53.9,159.9,,Active,
V-01180,P-0344,D-0032,H-0388,2026-04-19,09:00,09:10,45,Hearing loss,weight loss|productive cough|fatigue|cough|fever,Respiratory tuberculosis,low,122/75,77,37.1,97,53.9,159.9,7,Resolved,
V-01181,P-0345,D-0479,H-0072,2025-02-02,13:45,12:10,60,Cough,restlessness|poor concentration|headache|sleep disturbance,"Reaction to severe stress, and adjustment disorders",low,111/68,69,36.0,98,43.7,155.6,7,Resolved,
V-01182,P-0345,D-0448,H-0335,2026-07-03,18:45,18:00,20,Low mood,upper abdominal pain|nausea,Gastro-esophageal reflux disease,low,104/64,60,36.4,96,43.7,155.6,,Active,
V-01183,P-0345,D-0038,H-0255,2025-09-13,10:30,09:20,25,Sugar review,nausea|swelling of feet,Nephrotic syndrome,moderate,112/70,69,37.1,96,43.7,155.6,7,Resolved,
V-01184,P-0346,D-0071,H-0229,2026-07-26,15:30,15:15,60,Hair fall,poor concentration|weakness|dizziness on standing,Syncope and collapse,high,128/77,82,37.9,92,63.7,170.9,90,Resolved,
V-01185,P-0346,D-0474,H-0170,2025-05-10,17:00,17:15,25,Sugar review,cough|headache|body ache|fatigue,Viral infection of unspecified site,moderate,129/80,83,36.7,97,63.7,170.9,90,Active,
V-01186,P-0346,D-0314,H-0136,2025-02-28,09:45,09:20,10,Breathlessness on walking,muscle ache|weakness|fatigue|body ache|tenderness,Other disorders of muscle,moderate,133/85,89,36.8,99,63.7,170.9,7,Active,
V-01187,P-0346,D-0058,H-0488,2026-08-11,09:30,08:00,10,Chest tightness on exertion,difficulty swallowing|ear pain|facial pain,Diseases of pulp and periapical tissues,moderate,132/89,88,37.5,100,63.7,170.9,30,Resolved,
V-01188,P-0346,D-0144,H-0450,2025-05-02,15:00,15:00,15,Hypertension review,poor concentration|chest pain|headache,"Reaction to severe stress, and adjustment disorders",high,126/83,80,38.7,91,63.7,170.9,90,Active,
V-01189,P-0347,D-0539,H-0384,2026-09-06,17:15,17:30,,Burning urination,upper abdominal pain|bloating,Functional dyspepsia,moderate,118/80,77,37.2,95,57.0,160.2,,Pending,
V-01190,P-0348,D-0210,H-0219,2026-06-06,16:45,15:15,30,Breathlessness on walking,redness|fever|rash|itching,Rash and other nonspecific skin eruption,moderate,128/80,80,37.0,94,17.8,105.9,,Active,
V-01191,P-0348,D-0244,H-0127,2025-04-18,14:15,13:00,45,Knee pain,pale skin|weakness,Malaise and fatigue,high,129/85,82,37.2,90,17.8,105.9,,Active,
V-01192,P-0348,D-0171,H-0027,2025-06-27,10:15,09:20,15,Tingling in hand,fatigue|palpitations|pale skin|poor concentration|sleep disturbance,Malaise and fatigue,moderate,134/90,88,37.2,98,17.8,105.9,30,Active,
V-01193,P-0349,D-0526,H-0341,2025-08-24,15:15,14:12,60,Swelling of feet,redness|fever,Rash and other nonspecific skin eruption,moderate,126/84,84,37.7,99,86.3,174.1,,Resolved,
V-01194,P-0352,D-0274,H-0518,2025-02-10,10:30,09:20,20,Post-operative review,low-grade fever|sneezing,Acute nasopharyngitis [common cold],high,113/70,73,39.1,91,70.8,148.1,,Active,
V-01195,P-0352,D-0180,H-0503,2026-10-20,15:45,14:00,10,Hair fall,headache|vomiting|neck pain|blurred vision,Migraine,low,110/71,69,37.0,98,70.8,148.1,90,Active,
V-01196,P-0352,D-0221,H-0025,2026-12-03,16:00,15:12,10,Growth review,nausea|joint pain|headache|rash|high fever,Dengue fever [classical dengue],low,115/72,76,36.7,95,70.8,148.1,14,Resolved,
V-01197,P-0352,D-0047,H-0190,2026-10-25,14:30,13:20,30,Blurred vision,rash|itching|skin scaling,Other erythematous conditions,low,117/72,79,36.2,99,70.8,148.1,7,Resolved,
V-01198,P-0352,D-0388,H-0108,2026-05-16,13:15,13:00,45,Abdominal pain,vomiting|fever|nausea,Abdominal and pelvic pain,high,113/75,73,37.8,90,70.8,148.1,90,Resolved,
V-01199,P-0353,D-0384,H-0354,2025-05-20,09:15,08:20,30,Swelling of feet,bleeding gums|rash|high fever,Dengue hemorrhagic fever,low,131/82,81,37.0,99,41.2,144.3,30,Active,
V-01200,P-0354,D-0332,H-0335,2026-09-06,11:45,10:25,,Pre-operative assessment,neck pain|dizziness|blurred vision|headache|nausea,Headache,moderate,122/82,85,36.4,95,20.5,102.9,14,Pending,
V-01201,P-0354,D-0256,H-0436,2026-04-09,10:45,10:25,45,Post-operative review,lower abdominal pain|nausea|abdominal pain|vomiting|diarrhoea,Abdominal and pelvic pain,moderate,119/78,81,36.5,97,20.5,102.9,,Resolved,
V-01202,P-0354,D-0104,H-0327,2025-05-15,19:00,19:12,45,Blurred vision,abdominal pain|fatigue|muscle ache|palpitations,"Other disorders of fluid, electrolyte and acid-base balance",low,122/79,84,36.2,96,20.5,102.9,90,Active,
V-01203,P-0354,D-0126,H-0203,2026-09-20,17:00,17:10,45,Routine scan,redness|swelling of feet|itching,Other local infections of skin and subcutaneous tissue,low,118/77,79,37.0,94,20.5,102.9,14,Resolved,
V-01204,P-0354,D-0068,H-0326,2025-04-02,14:00,14:05,60,Eye check-up,swollen glands|sore throat|fever|difficulty swallowing|headache,Acute pharyngitis,low,126/82,91,36.3,96,20.5,102.9,90,Resolved,
V-01205,P-0354,D-0072,H-0163,2026-05-22,14:15,14:12,60,Breathlessness,chest pain|fever|cough|dry cough|productive cough,Cough,severe,118/75,79,37.4,89,20.5,102.9,90,Resolved,
V-01206,P-0355,D-0357,H-0057,2026-08-22,17:45,16:12,,Blocked nose,cough|productive cough,Acute bronchitis,low,122/77,79,37.3,97,71.0,169.9,14,Pending,
V-01207,P-0355,D-0010,H-0001,2026-03-07,15:15,14:25,25,Foamy urine,body ache|muscle ache|fatigue|tenderness,"Other and unspecified soft tissue disorders, not elsewhere classified",moderate,113/76,69,37.0,95,71.0,169.9,7,Resolved,
V-01208,P-0356,D-0342,H-0331,2026-08-15,14:45,13:25,30,Red eye,joint pain|body ache|vomiting|rash|headache,Dengue fever [classical dengue],moderate,116/78,79,36.4,94,13.6,86.1,7,Active,
V-01209,P-0356,D-0180,H-0503,2026-01-26,10:45,10:12,10,Itching,skin scaling|redness,Other erythematous conditions,moderate,106/70,66,36.8,96,13.6,86.1,90,Staged,
V-01210,P-0356,D-0363,H-0473,2025-03-12,14:45,13:25,,Foamy urine,weakness|vomiting|passing blood in urine|diarrhoea,Volume depletion,low,113/76,76,36.8,96,13.6,86.1,,Pending,
V-01211,P-0356,D-0513,H-0302,2026-03-03,18:45,18:10,,Hearing loss,ear pain|ear discharge|fever,Suppurative and unspecified otitis media,moderate,116/77,79,36.5,94,13.6,86.1,30,Pending,
V-01212,P-0357,D-0065,H-0175,2025-11-13,13:00,12:10,15,Burning urination,fever|urinary urgency|frequent urination|lower abdominal pain|painful urination,Other disorders of urinary system,low,124/84,79,36.9,99,60.5,162.3,,Resolved,
V-01213,P-0357,D-0010,H-0001,2026-02-26,11:45,11:25,60,BP review,skin scaling|itching|rash,Other and unspecified dermatitis,low,122/77,76,36.6,94,60.5,162.3,14,Active,
V-01214,P-0357,D-0214,H-0192,2025-08-02,19:00,19:15,10,Antenatal check-up,redness|discharge|itching|blisters|pain,Anogenital herpesviral [herpes simplex] infections,severe,126/82,81,38.1,97,60.5,162.3,,Resolved,
V-01215,P-0358,D-0476,H-0279,2025-02-11,18:30,17:10,20,Ear pain,fever|nausea|fatigue|headache|body ache,Fever of other and unknown origin,severe,133/84,81,38.8,90,61.4,155.5,,Active,
V-01216,P-0358,D-0114,H-0011,2026-02-02,12:45,11:12,10,Irregular periods,headache|blurred vision|dry eyes|eye pain|fatigue,Disorders of refraction and accommodation,moderate,131/82,78,36.7,94,61.4,155.5,,Active,
V-01217,P-0358,D-0374,H-0186,2025-11-06,09:00,09:05,45,Hair fall,upper abdominal pain|difficulty swallowing|cough,Gastro-esophageal reflux disease,moderate,131/80,78,37.0,97,61.4,155.5,7,Active,
V-01218,P-0358,D-0087,H-0193,2026-10-12,12:00,12:05,15,Blurred vision,nausea|vomiting,Cholelithiasis,low,127/84,74,37.3,94,61.4,155.5,7,Resolved,
V-01219,P-0358,D-0510,H-0192,2026-03-09,16:15,15:10,30,Blurred vision,dizziness on standing|fainting,Hypotension,low,123/83,69,37.0,98,61.4,155.5,,Resolved,
V-01220,P-0359,D-0216,H-0205,2025-01-12,15:45,15:05,20,Follow-up for medication,dizziness on standing|diarrhoea|passing blood in urine|weakness,Volume depletion,severe,130/80,81,38.0,94,46.1,165.5,,Resolved,
V-01221,P-0359,D-0335,H-0150,2026-05-10,16:15,15:20,15,Back pain,breathlessness|fatigue|confusion,"Pneumonia, unspecified organism",low,130/88,80,36.8,95,46.1,165.5,,Resolved,
V-01222,P-0360,D-0132,H-0015,2026-11-01,11:45,10:10,30,Hypertension review,painful urination|fatigue|frequent urination|passing blood in urine,Hematuria,low,116/72,65,37.0,96,60.3,155.2,,Active,
V-01223,P-0360,D-0290,H-0025,2025-11-09,19:45,18:10,20,Weight change,joint pain|redness|joint swelling,Gout,moderate,123/82,72,36.7,95,60.3,155.2,7,Resolved,
V-01224,P-0360,D-0060,H-0377,2025-07-21,12:00,11:00,,Burning urination,poor concentration|urinary urgency,Benign prostatic hyperplasia,moderate,126/77,76,37.3,97,60.3,155.2,,Pending,
V-01225,P-0361,D-0468,H-0341,2025-03-13,10:00,09:00,10,Ankle swelling,dizziness on standing|weakness,Syncope and collapse,moderate,129/81,75,37.0,97,85.8,175.4,,Resolved,
V-01226,P-0361,D-0403,H-0063,2026-01-11,10:45,10:00,25,Sugar review,abdominal pain|numbness,"Other disorders of fluid, electrolyte and acid-base balance",moderate,133/85,79,36.5,95,85.8,175.4,,Active,
V-01227,P-0361,D-0375,H-0171,2026-04-26,10:30,09:30,15,Swelling of feet,poor concentration|weakness|palpitations|fatigue|sleep disturbance,Malaise and fatigue,low,134/84,80,36.5,100,85.8,175.4,,Resolved,
V-01228,P-0362,D-0477,H-0168,2025-07-11,11:30,10:20,10,Fit review,low-grade fever|runny nose|sneezing,Acute nasopharyngitis [common cold],moderate,117/79,85,36.6,98,57.5,166.5,90,Resolved,
V-01229,P-0362,D-0385,H-0067,2026-06-18,17:00,16:20,60,Chest tightness on exertion,discharge|swelling of feet,Other local infections of skin and subcutaneous tissue,moderate,111/67,76,36.4,95,57.5,166.5,,Active,
V-01230,P-0362,D-0305,H-0463,2026-02-16,18:15,18:10,10,Chronic cough,nausea|headache|light sensitivity,Migraine,moderate,124/79,96,36.4,98,57.5,166.5,,Active,
V-01231,P-0362,D-0185,H-0376,2026-11-14,18:00,17:15,,Sleep disturbance,pimples|itching|redness,Acne,high,117/77,86,38.2,91,57.5,166.5,7,Pending,
V-01232,P-0362,D-0472,H-0301,2026-10-09,18:15,17:05,30,Cough,palpitations|fatigue|fainting|chest pain,Dizziness and giddiness,moderate,117/73,86,37.6,99,57.5,166.5,30,Active,
V-01233,P-0363,D-0514,H-0131,2025-04-21,17:30,16:05,25,Red eye,frequent urination|nausea,Type 1 diabetes mellitus,low,116/76,72,36.9,94,46.8,148.8,,Resolved,
V-01234,P-0363,D-0108,H-0419,2026-06-20,13:15,13:00,15,Growth review,chest pain|productive cough,Cough,low,115/73,71,36.6,100,46.8,148.8,30,Active,
V-01235,P-0363,D-0075,H-0379,2025-06-01,17:45,16:12,60,Pre-operative assessment,hearing loss|ear discharge|irritability,Suppurative and unspecified otitis media,low,110/69,65,37.0,97,46.8,148.8,30,Active,
V-01236,P-0363,D-0048,H-0323,2025-08-04,16:15,15:25,15,Hearing loss,breathlessness|fatigue|vomiting|cough,Whooping cough,moderate,108/73,62,37.3,96,46.8,148.8,,Active,
V-01237,P-0363,D-0526,H-0341,2025-07-28,11:00,10:25,10,BP review,fatigue|breathlessness|fever|vomiting|cough,Whooping cough,severe,116/77,73,39.1,93,46.8,148.8,,Active,
V-01238,P-0363,D-0260,H-0217,2026-11-12,10:45,09:25,30,Sugar review,vomiting|upper abdominal pain|nausea|jaundice|swollen ankles,Alcoholic liver disease,moderate,106/68,61,36.9,97,46.8,148.8,,Active,
V-01239,P-0363,D-0073,H-0401,2025-12-19,14:30,13:25,30,Sore throat,poor concentration|restlessness|headache,"Reaction to severe stress, and adjustment disorders",severe,109/74,64,38.3,93,46.8,148.8,,Active,
V-01240,P-0363,D-0427,H-0419,2025-05-01,10:00,09:20,20,Urinary urgency,abdominal pain|constipation|nausea|bloating,Other functional intestinal disorders,high,107/67,62,37.8,89,46.8,148.8,30,Resolved,
V-01241,P-0364,D-0387,H-0095,2025-08-02,09:30,09:30,15,Fever and body ache,high fever|bleeding gums,Dengue hemorrhagic fever,moderate,117/74,68,37.0,99,71.0,159.1,,Resolved,
V-01242,P-0364,D-0500,H-0456,2025-06-23,15:45,14:12,30,Knee pain,breathlessness on exertion|wheezing,Other chronic obstructive pulmonary disease,moderate,122/79,74,36.7,95,71.0,159.1,,Staged,
V-01243,P-0364,D-0123,H-0160,2025-07-08,15:45,15:25,10,Breathlessness on walking,weakness|dizziness on standing|fainting,Syncope and collapse,moderate,116/70,67,36.6,95,71.0,159.1,30,Resolved,
V-01244,P-0364,D-0073,H-0401,2026-04-14,16:00,16:10,60,Blocked nose,tenderness|fatigue|weakness|muscle ache,Other disorders of muscle,moderate,124/84,76,36.3,99,71.0,159.1,,Active,
V-01245,P-0364,D-0139,H-0006,2026-01-20,09:30,09:15,15,Pre-operative assessment,weakness|tenderness|muscle ache|body ache|fatigue,Other disorders of muscle,low,117/72,68,37.1,97,71.0,159.1,14,Active,
V-01246,P-0364,D-0150,H-0101,2025-09-14,13:15,12:10,15,Routine scan,frequent urination|painful urination|fever,Other disorders of urinary system,moderate,128/86,81,36.9,96,71.0,159.1,,Resolved,
V-01247,P-0364,D-0280,H-0027,2025-11-13,16:15,16:30,20,BP review,rash|fatigue|joint pain,Other mosquito-borne viral fevers,severe,127/80,80,37.5,95,71.0,159.1,,Active,
V-01248,P-0365,D-0088,H-0327,2026-03-09,19:15,19:12,20,BP review,cold intolerance|dry skin,Other hypothyroidism,high,122/79,79,37.8,96,77.0,171.1,7,Resolved,
V-01249,P-0365,D-0467,H-0135,2025-07-20,09:15,08:25,25,Fit review,swelling of feet|breast pain|fever|redness,Inflammatory disorders of breast,moderate,123/81,81,36.5,94,77.0,171.1,,Active,
V-01250,P-0366,D-0236,H-0165,2026-05-02,18:45,17:30,30,Hearing loss,poor concentration|fainting|dizziness on standing,Syncope and collapse,low,126/76,91,36.7,97,63.1,159.7,,Resolved,
V-01251,P-0366,D-0404,H-0107,2025-01-12,11:30,11:10,30,BP review,headache|body ache|fatigue|muscle ache,"Other and unspecified soft tissue disorders, not elsewhere classified",high,114/68,75,37.3,95,63.1,159.7,,Staged,
V-01252,P-0367,D-0529,H-0008,2026-07-08,18:00,17:12,45,Follow-up for medication,headache|body ache|itching|blisters|fever,Varicella [chickenpox],high,130/86,61,38.6,91,38.0,142.3,30,Resolved,
V-01253,P-0367,D-0352,H-0509,2025-10-06,18:00,17:20,20,Pre-operative assessment,nausea|body ache|chills|headache|rigors,Unspecified malaria,high,128/80,59,37.5,92,38.0,142.3,30,Active,
V-01254,P-0367,D-0203,H-0022,2026-02-19,16:45,16:25,45,Knee pain,rash|headache|joint pain,Other mosquito-borne viral fevers,moderate,137/84,68,37.1,97,38.0,142.3,7,Active,
V-01255,P-0368,D-0135,H-0158,2025-02-14,09:45,08:20,30,Blocked nose,poor concentration|joint pain,Disorders of lipoprotein metabolism and other lipidemias,high,126/79,93,38.4,97,76.5,166.3,30,Resolved,
V-01256,P-0368,D-0021,H-0213,2025-10-11,11:00,11:15,25,Poor feeding,joint pain|muscle ache|body ache,"Other and unspecified soft tissue disorders, not elsewhere classified",moderate,122/79,87,36.9,99,76.5,166.3,30,Active,
V-01257,P-0369,D-0446,H-0062,2026-04-22,09:45,09:12,30,Follow-up for medication,chest pain|cold sweat|palpitations|fatigue,Angina pectoris,moderate,114/77,83,36.6,98,50.0,146.1,,Resolved,
V-01258,P-0369,D-0457,H-0272,2026-09-27,10:00,10:10,60,Heavy periods,discharge|swelling of feet,Other local infections of skin and subcutaneous tissue,moderate,112/76,80,36.6,96,50.0,146.1,7,Resolved,
V-01259,P-0369,D-0049,H-0063,2025-04-05,15:15,14:25,10,Urinary urgency,rash|bruising,Dengue hemorrhagic fever,moderate,113/69,81,36.6,99,50.0,146.1,,Active,
V-01260,P-0369,D-0034,H-0008,2025-07-05,18:30,17:25,20,Sleep disturbance,headache|eye pain|halos around lights|light sensitivity,Age-related cataract,low,120/77,91,37.0,97,50.0,146.1,,Resolved,
V-01261,P-0369,D-0463,H-0299,2026-02-16,16:15,15:05,45,Urinary urgency,pimples|redness|itching,Acne,low,119/78,90,36.8,99,50.0,146.1,,Resolved,
V-01262,P-0370,D-0078,H-0233,2025-01-24,15:30,14:25,20,Cough,fatigue|productive cough|cough|breathlessness on exertion,Other chronic obstructive pulmonary disease,high,124/79,83,38.2,93,61.4,154.2,,Active,
V-01263,P-0370,D-0058,H-0488,2025-04-10,15:30,15:12,15,Breathlessness on walking,stiffness|depression|slurred speech|tremor,Parkinson's disease,low,112/70,69,36.0,98,61.4,154.2,,Resolved,
V-01264,P-0370,D-0287,H-0079,2025-09-21,11:45,11:30,20,Growth review,pale skin|fatigue|blood in stool|dizziness on standing|weakness,"Gastrointestinal hemorrhage, unspecified",high,120/79,78,37.8,90,61.4,154.2,,Active,
V-01265,P-0370,D-0052,H-0037,2025-08-03,10:15,10:05,20,Wheezing,rash|cough|irritability|high fever|fatigue,Measles,low,119/79,77,36.7,98,61.4,154.2,30,Active,
V-01266,P-0370,D-0440,H-0143,2026-05-24,15:15,14:15,25,Poor feeding,passing blood in urine|painful urination|frequent urination,Hematuria,moderate,122/78,80,36.4,99,61.4,154.2,30,Resolved,
V-01267,P-0370,D-0003,H-0001,2025-09-01,16:45,16:20,60,Thyroid review,high fever|joint pain|fatigue,Other mosquito-borne viral fevers,low,116/78,74,36.6,97,61.4,154.2,14,Active,
V-01268,P-0370,D-0005,H-0008,2025-08-25,09:00,09:15,10,Heavy periods,headache|joint pain|tenderness|fatigue,"Other and unspecified soft tissue disorders, not elsewhere classified",high,122/78,81,38.3,96,61.4,154.2,90,Active,
V-01269,P-0370,D-0031,H-0383,2026-11-23,12:00,11:25,45,Follow-up for medication,weakness|fever,"Infectious gastroenteritis and colitis, unspecified",high,110/71,65,37.6,93,61.4,154.2,7,Active,
V-01270,P-0370,D-0284,H-0095,2025-05-22,16:45,16:05,60,Anxiety,tenderness|stiffness|joint pain|joint swelling,"Other joint disorder, not elsewhere classified",low,118/75,76,37.2,95,61.4,154.2,90,Active,
V-01271,P-0372,D-0149,H-0024,2026-11-22,12:30,12:05,30,Eye check-up,redness|sleep disturbance|skin scaling|rash|itching,Atopic dermatitis,moderate,125/83,61,37.8,97,2.9,48.5,30,Active,
V-01272,P-0372,D-0469,H-0176,2026-07-23,09:00,08:00,10,Abdominal pain,fever|confusion,"Pneumonia, unspecified organism",moderate,124/76,59,36.3,99,2.9,48.5,,Active,
V-01273,P-0372,D-0009,H-0009,2025-11-14,10:45,09:10,45,Eye check-up,fatigue|cough|sore throat|headache,Acute upper respiratory infections of multiple and unspecified sites,moderate,128/83,64,36.6,99,2.9,48.5,90,Resolved,
V-01274,P-0372,D-0236,H-0165,2025-11-02,19:30,18:25,25,Sore throat,redness|discharge,Other local infections of skin and subcutaneous tissue,high,130/85,66,38.2,95,2.9,48.5,14,Active,
V-01275,P-0372,D-0449,H-0249,2026-09-09,09:15,09:05,20,Weight change,night sweats|rigors|breathlessness,Miliary tuberculosis,low,133/83,68,36.6,98,2.9,48.5,90,Resolved,
V-01276,P-0373,D-0257,H-0130,2025-05-13,10:00,09:15,30,Palpitations,vomiting|fever|breathlessness|cough|feeding difficulty,Whooping cough,severe,133/87,75,37.6,91,71.5,177.4,14,Active,
V-01277,P-0373,D-0143,H-0447,2026-06-17,16:00,16:05,60,Headache,fever|headache|sore throat|runny nose,Acute upper respiratory infections of multiple and unspecified sites,moderate,134/83,77,37.4,100,71.5,177.4,7,Active,
V-01278,P-0375,D-0500,H-0456,2026-03-01,18:30,18:05,15,Back pain,headache|fatigue|fever|sore throat,Acute upper respiratory infections of multiple and unspecified sites,low,123/75,75,37.0,96,40.3,142.2,90,Staged,
V-01279,P-0375,D-0017,H-0307,2025-02-18,18:15,18:12,60,Anxiety,lower abdominal pain|frequent urination|urinary urgency,Other disorders of urinary system,moderate,114/77,64,36.3,94,40.3,142.2,30,Active,
V-01280,P-0375,D-0498,H-0330,2025-08-16,19:45,18:05,,Chronic cough,fatigue|nasal congestion|headache|sore throat,Acute nasopharyngitis [common cold],moderate,115/73,66,36.5,96,40.3,142.2,,Pending,
V-01281,P-0375,D-0208,H-0403,2025-05-10,10:30,10:30,45,Anxiety,runny nose|body ache,Viral infection of unspecified site,low,116/76,66,36.9,99,40.3,142.2,14,Active,
V-01282,P-0375,D-0463,H-0299,2025-01-01,18:15,17:15,30,Stone review,frequent urination|fatigue,Hematuria,low,114/71,65,37.2,95,40.3,142.2,,Active,
V-01283,P-0375,D-0343,H-0259,2025-09-14,17:00,16:15,45,Irregular periods,difficulty swallowing|headache|sore throat|fever,Acute tonsillitis,moderate,123/76,75,36.7,99,40.3,142.2,7,Resolved,
V-01284,P-0375,D-0385,H-0067,2026-04-12,15:30,14:25,30,Ankle swelling,lower abdominal pain|abdominal pain,Abdominal and pelvic pain,high,119/79,70,38.1,94,40.3,142.2,14,Resolved,
V-01285,P-0376,D-0020,H-0440,2025-01-24,16:45,15:15,60,Urinary urgency,abdominal pain|diarrhoea|bloating|constipation|mucus in stool,Irritable bowel syndrome,moderate,127/84,63,36.9,98,43.9,144.4,30,Active,
V-01286,P-0376,D-0184,H-0085,2025-06-01,18:30,18:12,,Anxiety,toothache|gum bleeding|bad breath|painful chewing,Gingivitis and periodontal diseases,moderate,134/87,70,36.9,99,43.9,144.4,30,Pending,
V-01287,P-0376,D-0430,H-0277,2026-02-01,11:15,10:25,10,Post-operative review,sleep disturbance|anxiety,Sleep disorders,low,136/85,72,37.4,99,43.9,144.4,90,Resolved,
V-01288,P-0376,D-0395,H-0064,2026-08-17,14:30,14:00,25,Pre-operative assessment,constipation|bloating|nausea,Other functional intestinal disorders,severe,137/89,73,37.9,92,43.9,144.4,,Resolved,
V-01289,P-0376,D-0059,H-0429,2025-10-13,11:30,10:05,60,Tingling in hand,fatigue|low-grade fever|runny nose,Acute nasopharyngitis [common cold],moderate,135/90,71,37.6,98,43.9,144.4,14,Active,
V-01290,P-0377,D-0377,H-0188,2026-04-15,10:00,09:00,25,Follow-up for medication,wheezing|fever|breathlessness|feeding difficulty,Acute bronchiolitis,low,107/71,87,37.0,96,12.8,87.0,,Resolved,
V-01291,P-0377,D-0370,H-0338,2026-07-22,12:15,12:20,20,Headache,breathlessness on exertion|chest tightness|breathlessness,Asthma,severe,102/64,79,37.1,92,12.8,87.0,,Resolved,
V-01292,P-0377,D-0141,H-0054,2025-04-12,19:15,18:25,,Fit review,fever|productive cough|cough|confusion,"Pneumonia, unspecified organism",high,100/67,77,37.7,91,12.8,87.0,7,Pending,
V-01293,P-0377,D-0401,H-0076,2025-08-19,14:45,14:20,20,Anxiety,headache|confusion|fainting,Epilepsy and recurrent seizures,moderate,110/71,92,36.8,98,12.8,87.0,,Active,
V-01294,P-0377,D-0437,H-0331,2026-08-08,13:30,12:30,60,Foamy urine,nosebleed|bleeding gums|high fever,Dengue hemorrhagic fever,low,108/68,89,37.1,96,12.8,87.0,14,Resolved,
V-01295,P-0377,D-0399,H-0300,2026-02-05,09:00,08:20,20,Skin rash,redness|rash|itching,Other erythematous conditions,moderate,107/70,88,37.2,94,12.8,87.0,,Active,
V-01296,P-0378,D-0411,H-0093,2026-04-07,19:30,18:25,60,Routine scan,skin scaling|redness|itching|hair loss,Other nonscarring hair loss,high,122/79,75,37.9,96,59.6,160.7,,Active,
V-01297,P-0378,D-0454,H-0341,2025-12-24,19:00,18:12,60,Low mood,sore throat|fever|difficulty swallowing,Acute tonsillitis,moderate,124/78,77,36.7,95,59.6,160.7,14,Active,
V-01298,P-0378,D-0351,H-0519,2026-03-14,12:30,12:00,60,Ear pain,breathlessness|cough,Asthma,low,126/81,80,36.3,95,59.6,160.7,7,Active,
V-01299,P-0378,D-0314,H-0136,2025-01-14,18:30,17:12,45,Palpitations,tenderness|morning stiffness|stiffness|joint pain|joint swelling,"Other joint disorder, not elsewhere classified",moderate,127/86,80,37.0,99,59.6,160.7,,Active,
V-01300,P-0379,D-0106,H-0317,2026-07-21,18:15,18:05,10,Foamy urine,vomiting|fatigue|high fever|constipation,Typhoid and paratyphoid fevers,high,133/87,95,38.7,95,73.3,160.3,14,Active,
V-01301,P-0379,D-0015,H-0404,2026-02-02,18:45,18:10,30,Sore throat,dry skin|weight gain,Other hypothyroidism,high,128/84,88,37.7,97,73.3,160.3,90,Active,
V-01302,P-0379,D-0203,H-0022,2025-12-14,11:45,10:25,30,Shoulder stiffness,hand pain|night pain,Mononeuropathies of upper limb,moderate,130/78,91,36.8,95,73.3,160.3,7,Resolved,
V-01303,P-0380,D-0404,H-0107,2025-10-19,14:00,14:10,10,Foamy urine,poor concentration|stiffness|tremor|depression|slurred speech,Parkinson's disease,low,131/79,77,37.2,97,40.6,150.4,,Active,
V-01304,P-0380,D-0004,H-0004,2026-04-18,15:15,14:30,45,Cough,sore throat|hoarseness|ear pain,"Diseases of vocal cords and larynx, not elsewhere classified",severe,132/83,77,38.9,95,40.6,150.4,90,Resolved,
V-01305,P-0380,D-0480,H-0387,2026-02-01,11:30,10:05,,Red eye,hand pain|tingling,Mononeuropathies of upper limb,low,131/84,77,37.0,95,40.6,150.4,,Pending,
V-01306,P-0380,D-0500,H-0456,2025-11-17,14:45,13:12,60,Back pain,excessive thirst|blurred vision,Type 2 diabetes mellitus,low,133/88,79,37.0,95,40.6,150.4,90,Active,
V-01307,P-0380,D-0302,H-0013,2026-10-26,12:15,11:10,,Swelling of feet,skin scaling|itching|rash|redness,Other erythematous conditions,high,142/94,90,36.8,92,40.6,150.4,90,Pending,
V-01308,P-0380,D-0411,H-0093,2025-07-10,17:00,17:30,10,Routine scan,nosebleed|rash|vomiting|high fever,Dengue hemorrhagic fever,moderate,130/86,76,37.1,95,40.6,150.4,30,Active,
V-01309,P-0381,D-0271,H-0510,2025-08-16,11:15,11:10,,Acne,fatigue|palpitations|poor concentration|chest pain,Atrial fibrillation and flutter,moderate,127/84,75,36.6,96,54.7,176.8,14,Pending,
V-01310,P-0383,D-0107,H-0451,2026-09-17,17:45,17:20,30,Heavy periods,fatigue|chest pain|fainting|palpitations,Dizziness and giddiness,low,116/70,66,36.4,98,64.2,158.5,,Active,
V-01311,P-0383,D-0084,H-0253,2025-10-26,10:15,09:12,60,Stone review,frequent urination|excessive thirst|weight loss,Elevated blood glucose level,moderate,116/70,65,37.1,96,64.2,158.5,7,Active,
V-01312,P-0384,D-0044,H-0172,2026-07-14,15:30,14:15,45,Hair fall,sneezing|runny nose|sore throat,Acute nasopharyngitis [common cold],low,114/74,74,36.8,97,57.8,158.3,14,Active,
V-01313,P-0384,D-0340,H-0081,2025-04-13,15:30,14:05,25,Breathlessness,palpitations|fatigue|poor concentration,Malaise and fatigue,low,111/72,71,36.7,100,57.8,158.3,7,Resolved,
V-01314,P-0384,D-0027,H-0327,2026-10-28,18:30,18:25,25,Shoulder stiffness,poor concentration|swollen ankles|nausea,Nephrotic syndrome,low,104/65,61,36.6,99,57.8,158.3,7,Resolved,
V-01315,P-0384,D-0490,H-0171,2025-05-10,18:45,17:05,10,Shoulder stiffness,jaundice|nausea|swollen ankles,Alcoholic liver disease,low,109/68,68,37.0,96,57.8,158.3,7,Resolved,
V-01316,P-0384,D-0213,H-0287,2025-09-14,10:45,09:20,25,Burning urination,headache|body ache,Fever of other and unknown origin,low,104/70,62,36.8,96,57.8,158.3,,Active,
V-01317,P-0385,D-0451,H-0176,2026-07-09,19:45,19:30,30,Knee pain,poor concentration|fatigue,Disorders of lipoprotein metabolism and other lipidemias,high,103/64,62,37.4,92,51.2,145.0,,Active,
V-01318,P-0385,D-0441,H-0018,2025-04-12,16:30,16:30,60,Growth review,vomiting|high fever|headache|body ache,Typhoid and paratyphoid fevers,moderate,105/63,65,36.8,99,51.2,145.0,14,Active,
V-01319,P-0385,D-0441,H-0018,2025-08-14,12:15,11:30,25,Growth review,ear pain|fever|toothache,Diseases of pulp and periapical tissues,low,104/67,64,36.8,98,51.2,145.0,30,Active,
V-01320,P-0385,D-0280,H-0027,2026-09-26,10:45,10:30,30,Swelling of feet,poor concentration|dizziness on standing|fatigue|dizziness,Hypotension,moderate,111/74,72,37.1,100,51.2,145.0,30,Active,
V-01321,P-0386,D-0091,H-0218,2026-01-15,19:45,19:05,20,Shoulder stiffness,excessive thirst|weight loss|frequent urination|abdominal pain|nausea,Type 1 diabetes mellitus,severe,121/82,81,38.1,92,8.7,70.1,,Active,
V-01322,P-0386,D-0297,H-0442,2025-11-20,17:45,16:15,25,Burning urination,runny nose|cough|sore throat|headache|fever,Acute upper respiratory infections of multiple and unspecified sites,moderate,113/69,70,36.8,95,8.7,70.1,14,Active,
V-01323,P-0386,D-0142,H-0015,2026-12-09,14:00,13:10,30,Fever,rash|redness,Rash and other nonspecific skin eruption,low,122/74,82,36.5,98,8.7,70.1,30,Active,
V-01324,P-0386,D-0112,H-0302,2026-05-20,18:45,18:25,,Wheezing,wheezing|fever|breathlessness|cough,Acute bronchiolitis,high,120/78,80,37.3,89,8.7,70.1,7,Pending,
V-01325,P-0386,D-0273,H-0129,2026-01-27,13:15,13:12,10,Back pain,fatigue|palpitations|fainting|dizziness,Dizziness and giddiness,moderate,112/74,69,36.3,96,8.7,70.1,7,Active,
V-01326,P-0388,D-0333,H-0509,2026-04-25,13:30,13:05,10,Acidity,cough|chest pain|fever,Cough,moderate,107/70,60,36.8,99,36.8,141.7,90,Resolved,
V-01327,P-0388,D-0355,H-0494,2026-05-20,15:15,14:15,15,Cough,fatigue|passing blood in urine,Hematuria,moderate,114/76,68,36.8,98,36.8,141.7,14,Active,
V-01328,P-0388,D-0339,H-0041,2025-08-14,15:15,15:20,45,Antenatal check-up,fatigue|fever|confusion,"Pneumonia, unspecified organism",low,114/70,68,36.7,96,36.8,141.7,90,Active,
V-01329,P-0388,D-0194,H-0034,2026-01-18,18:15,18:20,10,Chronic cough,fatigue|headache|high fever|rash|body ache,Other mosquito-borne viral fevers,low,120/75,75,36.9,97,36.8,141.7,7,Active,
V-01330,P-0388,D-0108,H-0419,2026-10-27,12:45,12:30,20,Cough,fever|pain|headache,Varicella [chickenpox],moderate,110/66,63,36.7,97,36.8,141.7,,Resolved,
V-01331,P-0388,D-0297,H-0442,2026-02-03,10:00,09:00,25,Urinary urgency,constipation|high fever|vomiting|headache,Typhoid and paratyphoid fevers,low,107/70,60,36.5,98,36.8,141.7,14,Resolved,
V-01332,P-0389,D-0127,H-0182,2025-01-07,19:00,18:30,25,Ear pain,weight gain|dry skin|cold intolerance,Other hypothyroidism,moderate,130/82,86,36.7,95,61.9,171.5,,Resolved,
V-01333,P-0389,D-0217,H-0110,2025-03-15,10:15,09:15,20,Palpitations,ear pain|sore throat|difficulty swallowing|hoarseness,"Diseases of vocal cords and larynx, not elsewhere classified",low,129/82,86,36.5,98,61.9,171.5,,Active,
V-01334,P-0389,D-0025,H-0048,2025-07-13,09:30,08:25,10,Weight change,vomiting|breathlessness|cold sweat|chest pain,Acute myocardial infarction,high,123/83,77,38.0,91,61.9,171.5,,Active,
V-01335,P-0390,D-0163,H-0329,2026-01-20,13:30,12:30,20,Red eye,skin scaling|rash|itching,Other and unspecified dermatitis,low,104/69,60,36.3,96,39.8,144.2,7,Staged,
V-01336,P-0390,D-0220,H-0126,2025-06-23,14:30,14:10,,Irregular periods,chest pain|upper abdominal pain,Disorders of lipoprotein metabolism and other lipidemias,moderate,111/75,69,37.2,99,39.8,144.2,30,Pending,
V-01337,P-0390,D-0063,H-0105,2025-07-20,19:30,19:20,25,Cough and cold,skin scaling|redness|rash,Psoriasis,severe,111/69,69,38.1,90,39.8,144.2,30,Resolved,
V-01338,P-0391,D-0364,H-0292,2025-11-15,13:30,13:10,,Anxiety,weakness|vomiting|diarrhoea|dizziness on standing|passing blood in urine,Volume depletion,severe,140/91,91,38.6,93,38.7,149.7,,Pending,
V-01339,P-0391,D-0216,H-0205,2026-04-23,13:00,12:12,10,General weakness,blurred vision|neck pain,Headache,moderate,142/94,93,37.0,98,38.7,149.7,90,Resolved,
V-01340,P-0392,D-0453,H-0258,2026-10-22,09:15,08:05,15,Headache,morning stiffness|joint pain|joint swelling,Osteoarthritis of knee,moderate,122/78,86,36.9,100,66.6,156.3,,Active,
V-01341,P-0392,D-0440,H-0143,2025-01-17,13:00,13:20,15,Growth review,tremor|stiffness|depression|slurred speech|slowness of movement,Parkinson's disease,low,124/83,89,36.4,98,66.6,156.3,7,Resolved,
V-01342,P-0392,D-0059,H-0429,2025-04-12,18:15,17:12,45,Fit review,numbness|hand pain|weakness in one limb|tingling|night pain,Mononeuropathies of upper limb,moderate,126/84,92,36.7,97,66.6,156.3,14,Resolved,
V-01343,P-0392,D-0259,H-0478,2026-05-03,17:15,17:25,60,Chronic cough,ear pain|toothache|difficulty swallowing|facial pain|fever,Diseases of pulp and periapical tissues,low,128/79,96,36.5,98,66.6,156.3,,Resolved,
V-01344,P-0392,D-0194,H-0034,2025-09-18,15:45,15:25,10,Breathlessness,fatigue|painful urination,Hematuria,moderate,115/69,77,36.5,99,66.6,156.3,90,Resolved,
V-01345,P-0393,D-0026,H-0251,2025-04-03,14:30,13:15,10,Knee pain,fever|cough|chest pain|productive cough,"Pneumonia, unspecified organism",low,127/83,69,36.5,95,22.1,115.0,7,Staged,
V-01346,P-0393,D-0263,H-0306,2025-02-06,13:00,13:25,60,Low mood,wheezing|chest tightness|sleep disturbance|cough,Asthma,low,116/70,58,36.9,97,22.1,115.0,90,Active,
V-01347,P-0393,D-0082,H-0148,2025-03-21,17:30,16:10,,Urinary urgency,weakness|diarrhoea|nausea|abdominal pain|vomiting,"Infectious gastroenteritis and colitis, unspecified",moderate,123/75,65,36.7,97,22.1,115.0,90,Pending,
V-01348,P-0393,D-0371,H-0216,2026-07-13,10:00,10:25,20,Routine scan,rigors|high fever|chills|fatigue|nausea,Unspecified malaria,moderate,119/80,60,36.7,95,22.1,115.0,,Active,
V-01349,P-0394,D-0061,H-0313,2026-11-17,16:15,15:20,60,Acidity,halos around lights|light sensitivity|blurred vision|eye pain,Age-related cataract,low,120/78,80,36.7,95,59.3,153.3,,Active,
V-01350,P-0394,D-0102,H-0502,2025-02-11,14:30,13:25,60,BP review,fatigue|high fever,Measles,low,123/78,83,36.8,96,59.3,153.3,,Resolved,
V-01351,P-0395,D-0511,H-0230,2025-02-24,16:45,15:30,,Fracture follow-up,nausea|upper abdominal pain|vomiting|indigestion,Functional dyspepsia,moderate,137/93,85,36.7,99,64.4,162.8,,Pending,
V-01352,P-0395,D-0154,H-0339,2025-09-07,10:15,09:30,45,Chronic cough,fever|difficulty swallowing,Diseases of pulp and periapical tissues,severe,139/90,88,38.2,91,64.4,162.8,,Resolved,
V-01353,P-0396,D-0060,H-0377,2025-09-19,11:30,11:05,25,Burning urination,vomiting|nosebleed|weakness,Dengue hemorrhagic fever,low,111/70,77,36.1,95,59.0,155.4,,Resolved,
V-01354,P-0396,D-0241,H-0514,2025-11-24,13:15,12:10,25,Skin rash,headache|breathlessness|palpitations|blurred vision,Essential (primary) hypertension,moderate,113/77,81,36.8,100,59.0,155.4,,Active,
V-01355,P-0396,D-0068,H-0326,2026-10-11,11:45,11:10,30,Red eye,constipation|mucus in stool|diarrhoea,Irritable bowel syndrome,low,104/68,67,36.8,94,59.0,155.4,,Active,
V-01356,P-0396,D-0145,H-0312,2026-11-02,19:15,18:00,25,Red eye,pale skin|vomiting,"Gastrointestinal hemorrhage, unspecified",moderate,113/71,80,36.9,99,59.0,155.4,,Resolved,
V-01357,P-0397,D-0297,H-0442,2026-02-19,16:45,15:05,45,Stone review,fatigue|sleep disturbance,Malaise and fatigue,severe,122/74,61,37.9,92,57.3,151.0,7,Resolved,
V-01358,P-0397,D-0392,H-0081,2026-11-04,10:45,09:20,20,Eye check-up,body ache|rash|high fever|vomiting,Dengue fever [classical dengue],low,126/80,66,37.0,98,57.3,151.0,,Active,
V-01359,P-0397,D-0163,H-0329,2025-12-13,17:45,16:20,25,Eye check-up,body ache|chills|high fever|fatigue,Unspecified malaria,high,130/80,70,38.1,92,57.3,151.0,,Resolved,
V-01360,P-0397,D-0303,H-0498,2026-05-18,11:45,10:25,60,Cough,itching|rash|redness|skin scaling,Other erythematous conditions,moderate,135/89,76,36.5,97,57.3,151.0,,Active,
V-01361,P-0397,D-0068,H-0326,2025-02-25,17:15,17:10,10,Red eye,redness|dry skin,Atopic dermatitis,moderate,125/82,64,37.1,95,57.3,151.0,,Resolved,
V-01362,P-0397,D-0098,H-0044,2025-09-05,13:45,13:20,60,Chronic cough,blurred vision|dizziness|headache|neck pain|nausea,Headache,low,126/77,66,36.8,98,57.3,151.0,,Active,
V-01363,P-0397,D-0291,H-0379,2026-05-27,12:30,12:12,45,Fever and body ache,ear pain|toothache,Diseases of pulp and periapical tissues,moderate,135/86,75,36.5,100,57.3,151.0,,Active,
V-01364,P-0398,D-0424,H-0402,2025-09-07,16:15,16:25,20,Ear pain,chest pain|fatigue|cough,"Pneumonia, unspecified organism",moderate,118/72,76,36.9,97,60.8,160.8,30,Active,
V-01365,P-0398,D-0231,H-0284,2026-04-19,09:00,08:00,20,Breathlessness on walking,fever|difficulty swallowing|sore throat,Acute pharyngitis,low,121/79,80,37.5,99,60.8,160.8,,Active,
V-01366,P-0398,D-0474,H-0170,2026-10-19,16:15,16:25,25,Sugar review,itching|skin scaling,Other erythematous conditions,low,120/76,79,36.8,98,60.8,160.8,90,Active,
V-01367,P-0398,D-0136,H-0480,2025-10-13,11:15,11:05,30,Low mood,breathlessness|cough|wheezing,Asthma,high,121/76,80,38.2,94,60.8,160.8,30,Active,
V-01368,P-0399,D-0233,H-0385,2026-11-28,17:15,16:30,25,Stone review,weight gain|fatigue|constipation,Other hypothyroidism,high,133/85,69,39.1,91,56.5,159.1,7,Resolved,
V-01369,P-0400,D-0061,H-0313,2025-02-21,12:00,12:10,60,Abdominal pain,fatigue|dizziness|nausea,Headache,low,133/83,82,37.0,99,20.6,102.0,30,Resolved,
V-01370,P-0400,D-0194,H-0034,2025-08-27,09:00,08:05,20,Chronic cough,bleeding gums|weakness,Dengue hemorrhagic fever,severe,127/83,74,38.2,94,20.6,102.0,30,Resolved,
V-01371,P-0400,D-0317,H-0505,2026-08-14,11:45,11:15,60,Post-operative review,breathlessness|chest tightness|breathlessness on exertion|cough|wheezing,Asthma,low,128/84,75,36.7,99,20.6,102.0,,Active,
V-01372,P-0400,D-0526,H-0341,2026-01-21,14:15,13:05,,Swelling of feet,diarrhoea|dizziness on standing|passing blood in urine,Volume depletion,high,126/84,72,38.3,95,20.6,102.0,14,Pending,
V-01373,P-0400,D-0458,H-0499,2026-01-13,09:00,09:00,30,Headache,itching|skin scaling,Other erythematous conditions,high,136/90,84,38.7,95,20.6,102.0,,Active,
V-01374,P-0401,D-0328,H-0371,2025-01-10,11:30,11:05,25,Abdominal pain,fever|ear pain|difficulty swallowing,Diseases of pulp and periapical tissues,low,112/74,76,36.9,98,75.8,170.4,,Active,
V-01375,P-0402,D-0161,H-0364,2025-03-03,13:15,13:25,10,Sleep disturbance,headache|fatigue|nausea|neck pain,Headache,low,110/69,74,36.6,94,40.6,140.7,,Active,
V-01376,P-0402,D-0060,H-0377,2026-09-04,12:45,12:20,30,Stone review,fatigue|painful urination|passing blood in urine,Hematuria,low,119/72,87,36.7,96,40.6,140.7,7,Resolved,
V-01377,P-0402,D-0286,H-0495,2026-10-28,13:00,13:15,,Sugar review,fatigue|chills,Unspecified malaria,low,107/70,71,36.3,98,40.6,140.7,,Pending,
V-01378,P-0402,D-0211,H-0136,2026-04-07,13:30,13:10,20,Stone review,sore throat|difficulty swallowing|headache,Acute tonsillitis,high,120/74,88,38.4,94,40.6,140.7,,Resolved,
V-01379,P-0402,D-0437,H-0331,2026-10-07,14:30,13:05,,Swelling of feet,body ache|fatigue,Unspecified malaria,high,117/80,85,38.9,90,40.6,140.7,,Pending,
V-01380,P-0402,D-0300,H-0381,2025-03-22,09:30,09:30,60,Post-operative review,rigors|headache,Unspecified malaria,severe,109/71,73,37.6,97,40.6,140.7,14,Resolved,
V-01381,P-0402,D-0053,H-0493,2026-09-01,17:15,17:00,45,Cough,constipation|headache|abdominal pain|vomiting|high fever,Typhoid and paratyphoid fevers,high,114/71,81,37.9,90,40.6,140.7,,Active,
V-01382,P-0403,D-0107,H-0451,2025-10-10,09:00,09:12,20,Heavy periods,blurred vision|dry eyes,Disorders of refraction and accommodation,moderate,132/83,74,37.1,97,72.3,165.9,,Active,
V-01383,P-0403,D-0537,H-0377,2025-05-28,17:45,16:00,60,Hearing loss,blurred vision|eye pain|headache,Disorders of refraction and accommodation,low,132/87,73,36.5,99,72.3,165.9,,Active,
V-01384,P-0403,D-0221,H-0025,2026-10-25,18:45,17:05,10,Fever,itching|rash|skin scaling|redness,Other erythematous conditions,high,127/77,68,37.3,97,72.3,165.9,,Active,
V-01385,P-0404,D-0360,H-0504,2026-02-03,19:00,19:25,60,Anxiety,breathlessness|night sweats|high fever|weight loss,Miliary tuberculosis,low,112/68,89,37.0,95,45.0,146.3,7,Active,
V-01386,P-0404,D-0211,H-0136,2025-05-26,12:45,12:00,45,Burning urination,fever|redness|swelling of feet,Inflammatory disorders of breast,severe,113/72,91,38.4,95,45.0,146.3,90,Resolved,
V-01387,P-0404,D-0120,H-0302,2025-10-08,17:00,16:20,25,Low mood,fainting|chest pain|dizziness|palpitations|fatigue,Dizziness and giddiness,low,108/66,82,36.8,96,45.0,146.3,,Active,
V-01388,P-0404,D-0154,H-0339,2026-03-09,09:00,09:20,,Chronic cough,swollen glands|headache|difficulty swallowing|sore throat,Acute tonsillitis,low,113/70,90,36.6,99,45.0,146.3,,Pending,
V-01389,P-0405,D-0061,H-0313,2025-07-12,17:30,16:25,25,Acidity,poor concentration|weakness|fainting,Syncope and collapse,moderate,121/78,79,37.3,98,49.0,157.7,,Resolved,
V-01390,P-0405,D-0251,H-0174,2026-05-19,09:15,08:15,60,Hair fall,dizziness on standing|poor concentration,Hypotension,low,115/76,71,36.6,97,49.0,157.7,,Resolved,
V-01391,P-0405,D-0105,H-0156,2026-05-06,09:30,08:15,15,Post-operative review,fatigue|cough|fever|sore throat,Acute upper respiratory infections of multiple and unspecified sites,low,112/73,67,36.3,97,49.0,157.7,30,Active,
V-01392,P-0405,D-0106,H-0317,2026-05-04,13:30,13:00,15,Foamy urine,fever|swelling of feet|breast lump|redness|breast pain,Inflammatory disorders of breast,moderate,110/74,65,37.5,99,49.0,157.7,,Active,
V-01393,P-0407,D-0079,H-0273,2026-01-24,12:45,12:05,45,Pre-operative assessment,headache|chills|fever|fatigue|nausea,Fever of other and unknown origin,moderate,119/75,66,37.5,95,62.7,158.7,30,Resolved,
V-01394,P-0407,D-0112,H-0302,2026-07-21,14:30,14:05,10,Wheezing,upper abdominal pain|weakness|dizziness on standing|vomiting|fatigue,Hematemesis,severe,125/79,72,38.0,93,62.7,158.7,90,Active,
V-01395,P-0407,D-0013,H-0246,2026-12-24,12:15,11:30,25,Pre-operative assessment,anxiety|muscle ache|dizziness,Other anxiety disorders,moderate,127/78,74,36.6,95,62.7,158.7,7,Resolved,
V-01396,P-0407,D-0082,H-0148,2026-02-24,12:15,12:00,10,Stone review,redness|dry skin,Other and unspecified dermatitis,low,128/81,75,36.9,96,62.7,158.7,30,Resolved,
V-01397,P-0409,D-0089,H-0450,2026-01-15,14:15,14:12,15,Sugar review,vomiting|nausea|rash|headache,Dengue fever [classical dengue],low,121/76,87,36.7,100,67.5,151.5,7,Active,
V-01398,P-0409,D-0104,H-0327,2026-08-26,14:30,14:20,60,Blurred vision,pale skin|fatigue|palpitations|poor concentration|weakness,Malaise and fatigue,severe,113/74,76,38.4,98,67.5,151.5,30,Resolved,
V-01399,P-0410,D-0364,H-0292,2026-12-17,09:45,09:05,,Sleep disturbance,breathlessness|nausea|vomiting|fainting|cold sweat,Acute myocardial infarction,moderate,132/85,73,37.0,94,47.7,164.8,7,Pending,
V-01400,P-0411,D-0386,H-0275,2026-09-06,19:45,19:25,45,Irregular periods,productive cough|cough|breathlessness,Cough,low,129/81,65,36.9,99,36.4,135.6,7,Resolved,
V-01401,P-0411,D-0438,H-0205,2026-11-27,19:00,19:05,10,BP review,difficulty swallowing|headache|swollen glands,Acute pharyngitis,moderate,133/83,69,36.8,97,36.4,135.6,7,Active,
V-01402,P-0412,D-0385,H-0067,2026-04-07,19:15,19:15,10,Hypertension review,poor concentration|blurred vision|frequent urination,Type 2 diabetes mellitus,low,134/83,83,36.3,94,53.0,157.8,90,Resolved,
V-01403,P-0413,D-0495,H-0510,2026-04-20,16:15,16:15,10,Cough,memory loss|weakness in one limb,Epilepsy and recurrent seizures,severe,136/91,91,38.1,91,51.3,148.6,,Resolved,
V-01404,P-0413,D-0527,H-0149,2026-02-24,16:45,16:30,15,Stone review,poor concentration|sleep disturbance,"Reaction to severe stress, and adjustment disorders",moderate,133/84,87,36.3,99,51.3,148.6,,Resolved,
V-01405,P-0413,D-0452,H-0022,2026-05-18,15:15,14:30,15,Stone review,diarrhoea|fainting,Volume depletion,low,122/83,73,37.3,98,51.3,148.6,,Active,
V-01406,P-0413,D-0493,H-0500,2026-01-25,11:00,10:20,45,Fracture follow-up,vomiting|fatigue|cough|breathlessness|feeding difficulty,Whooping cough,severe,133/82,87,37.3,90,51.3,148.6,14,Resolved,
V-01407,P-0413,D-0208,H-0403,2026-09-12,17:45,17:00,10,Low mood,blurred vision|nausea|vomiting,Migraine,moderate,133/89,87,37.2,98,51.3,148.6,14,Resolved,
V-01408,P-0413,D-0322,H-0146,2025-09-15,13:00,12:05,15,Hearing loss,fever|breast lump,Inflammatory disorders of breast,moderate,130/83,83,37.0,99,51.3,148.6,,Resolved,
V-01409,P-0413,D-0271,H-0510,2025-11-16,18:00,18:12,15,Itching,fatigue|breathlessness on exertion,Other chronic obstructive pulmonary disease,moderate,133/89,87,37.1,97,51.3,148.6,90,Active,
V-01410,P-0413,D-0299,H-0119,2026-10-22,12:45,12:12,,Knee pain,fever|ear pain|irritability|hearing loss,Suppurative and unspecified otitis media,low,134/87,88,36.4,96,51.3,148.6,14,Pending,
V-01411,P-0414,D-0121,H-0211,2026-04-10,19:30,19:30,10,Breathlessness,breathlessness|swollen ankles,Heart failure,moderate,104/64,61,36.9,100,59.4,165.4,,Active,
V-01412,P-0414,D-0050,H-0342,2026-02-17,18:00,18:00,25,Antenatal check-up,fever|fatigue,Whooping cough,high,107/68,64,38.7,94,59.4,165.4,14,Resolved,
V-01413,P-0414,D-0310,H-0178,2026-09-01,18:15,18:20,,BP review,weakness|sleep disturbance|pale skin|poor concentration|fatigue,Malaise and fatigue,moderate,104/67,60,37.1,96,59.4,165.4,90,Pending,
V-01414,P-0414,D-0183,H-0094,2026-12-07,18:45,17:05,10,Low mood,high fever|body ache|rigors,Unspecified malaria,high,112/68,70,38.8,93,59.4,165.4,30,Active,
V-01415,P-0415,D-0055,H-0147,2026-03-26,17:15,16:05,,Cough and cold,sleep disturbance|breathlessness|chest tightness|cough,Asthma,moderate,110/72,74,36.7,95,41.4,145.4,,Pending,
V-01416,P-0415,D-0540,H-0369,2025-11-14,15:00,14:05,20,Itching,bloating|upper abdominal pain|indigestion|heartburn,Other and unspecified noninfective gastroenteritis and colitis,moderate,116/76,83,37.1,96,41.4,145.4,,Resolved,
V-01417,P-0415,D-0492,H-0054,2025-03-03,19:15,19:00,,Urinary urgency,fatigue|breathlessness|shortness of breath on lying flat|breathlessness on exertion,Heart failure,moderate,109/71,73,36.0,100,41.4,145.4,90,Pending,
V-01418,P-0416,D-0172,H-0275,2026-04-16,13:15,13:00,10,Pre-operative assessment,itching|redness|dry skin,Atopic dermatitis,moderate,121/73,75,37.2,95,21.3,95.8,90,Resolved,
V-01419,P-0416,D-0076,H-0488,2025-01-27,11:45,11:10,25,Chronic cough,abdominal pain|muscle ache|palpitations|fatigue,"Other disorders of fluid, electrolyte and acid-base balance",high,119/77,73,38.5,92,21.3,95.8,7,Resolved,
V-01420,P-0416,D-0012,H-0003,2026-05-22,11:30,11:15,45,Irregular periods,painful urination|passing blood in urine,Hematuria,high,111/71,64,38.2,96,21.3,95.8,,Active,
V-01421,P-0416,D-0203,H-0022,2025-03-01,18:30,18:25,10,Shoulder stiffness,chills|nausea,Fever of other and unknown origin,low,113/72,66,36.9,98,21.3,95.8,90,Active,
V-01422,P-0416,D-0199,H-0063,2025-02-17,16:00,16:20,25,Growth review,redness|dry skin|itching|rash,Atopic dermatitis,low,114/74,67,37.0,98,21.3,95.8,30,Resolved,
V-01423,P-0416,D-0255,H-0228,2026-03-12,12:15,12:15,,Follow-up for medication,skin scaling|dry skin|sleep disturbance|redness|itching,Atopic dermatitis,moderate,114/71,67,36.3,99,21.3,95.8,7,Pending,
V-01424,P-0417,D-0262,H-0388,2025-10-08,15:15,15:00,,Abdominal pain,fatigue|high fever|body ache|rash,Other mosquito-borne viral fevers,low,137/88,71,37.2,95,57.6,163.2,,Pending,
V-01425,P-0417,D-0358,H-0397,2025-02-06,14:30,13:15,30,Headache,fatigue|pelvic pain|painful urination|lower abdominal pain|frequent urination,Unspecified lump in breast,low,133/83,67,36.9,96,57.6,163.2,30,Resolved,
V-01426,P-0417,D-0363,H-0473,2025-05-27,19:00,19:00,45,BP review,discharge|redness|swelling of feet,Other local infections of skin and subcutaneous tissue,moderate,133/80,67,37.4,97,57.6,163.2,90,Resolved,
V-01427,P-0417,D-0202,H-0314,2026-03-10,16:00,16:15,15,Weight change,chest pain|poor concentration|fatigue|dizziness,Atrial fibrillation and flutter,low,129/80,63,37.1,97,57.6,163.2,7,Resolved,
V-01428,P-0418,D-0489,H-0240,2026-07-03,16:30,16:25,25,Chest tightness on exertion,fatigue|dizziness|palpitations,Dizziness and giddiness,low,125/79,78,36.5,95,30.5,130.4,14,Resolved,
V-01429,P-0418,D-0386,H-0275,2025-11-10,09:45,08:12,25,Heavy periods,itching|fever,Rash and other nonspecific skin eruption,moderate,127/82,79,36.5,98,30.5,130.4,,Active,
V-01430,P-0418,D-0421,H-0373,2026-08-01,19:45,18:30,20,Sleep disturbance,abdominal pain|constipation|headache|high fever|body ache,Typhoid and paratyphoid fevers,low,126/85,78,36.6,96,30.5,130.4,90,Active,
V-01431,P-0418,D-0198,H-0102,2025-01-19,15:45,15:05,10,Acne,dry skin|redness|sleep disturbance|skin scaling,Atopic dermatitis,high,123/83,75,38.6,88,30.5,130.4,7,Active,
V-01432,P-0418,D-0103,H-0041,2026-01-16,11:30,11:10,45,Blurred vision,sore throat|cough|fever,Acute upper respiratory infections of multiple and unspecified sites,low,128/79,81,36.8,96,30.5,130.4,90,Active,
V-01433,P-0418,D-0493,H-0500,2026-01-11,18:15,18:05,25,Knee pain,high fever|body ache|rash|headache|vomiting,Dengue fever [classical dengue],high,118/80,68,38.0,96,30.5,130.4,90,Resolved,
V-01434,P-0418,D-0338,H-0038,2025-09-10,15:45,14:25,15,Anxiety,lower abdominal pain|vomiting|abdominal pain|diarrhoea|fever,Abdominal and pelvic pain,low,122/83,74,37.2,99,30.5,130.4,90,Active,
V-01435,P-0419,D-0098,H-0044,2025-01-22,16:45,16:15,,Chronic cough,painful urination|lower abdominal pain|urinary urgency|frequent urination|fever,Other disorders of urinary system,low,142/86,88,36.5,99,66.6,150.5,,Pending,
V-01436,P-0419,D-0021,H-0213,2025-06-22,16:30,15:20,45,Cough,weakness in one limb|memory loss|seizure,Epilepsy and recurrent seizures,high,128/79,71,38.1,92,66.6,150.5,,Active,
V-01437,P-0419,D-0300,H-0381,2025-06-04,14:15,14:05,25,Pre-operative assessment,poor concentration|fatigue|irritability|headache,Sleep disorders,moderate,136/91,80,37.4,95,66.6,150.5,,Active,
V-01438,P-0420,D-0233,H-0385,2025-07-24,13:00,13:12,10,Burning urination,rash|joint pain|high fever|headache,Other mosquito-borne viral fevers,severe,121/80,80,37.2,88,65.4,165.8,,Active,
V-01439,P-0421,D-0265,H-0154,2025-10-10,16:30,15:30,15,Itching,headache|body ache|blisters,Varicella [chickenpox],moderate,123/78,66,36.6,97,58.1,155.0,,Resolved,
V-01440,P-0421,D-0467,H-0135,2025-08-11,16:45,16:30,20,Headache,redness|itching,Acne,high,127/82,70,38.0,98,58.1,155.0,,Staged,
V-01441,P-0421,D-0167,H-0351,2025-08-14,19:00,18:05,15,Fever,fatigue|frequent urination|passing blood in urine|painful urination,Hematuria,moderate,119/79,62,36.6,97,58.1,155.0,14,Resolved,
V-01442,P-0421,D-0411,H-0093,2026-11-11,13:30,12:15,45,Irregular periods,productive cough|chest pain,Cough,high,120/77,63,37.9,88,58.1,155.0,,Resolved,
V-01443,P-0421,D-0154,H-0339,2026-01-01,10:15,10:12,15,Wheezing,excessive periods|fatigue|dizziness on standing,"Excessive, frequent and irregular menstruation",moderate,125/82,69,37.5,95,58.1,155.0,90,Active,
V-01444,P-0422,D-0326,H-0297,2026-05-18,17:30,17:12,45,BP review,tenderness|muscle ache|body ache|fatigue,Other disorders of muscle,moderate,122/81,59,36.9,94,53.1,153.1,30,Resolved,
V-01445,P-0422,D-0238,H-0030,2026-09-05,14:00,14:12,45,Sleep disturbance,fatigue|poor concentration,Elevated blood glucose level,low,131/80,69,37.2,95,53.1,153.1,,Resolved,
V-01446,P-0422,D-0498,H-0330,2026-02-25,10:30,09:05,15,Chronic cough,fever|chest pain,Acute bronchitis,low,128/86,65,36.7,98,53.1,153.1,7,Resolved,
V-01447,P-0422,D-0494,H-0290,2026-07-09,12:30,11:10,,Post-operative review,chills|nausea|rigors|headache,Unspecified malaria,moderate,125/84,63,36.6,97,53.1,153.1,30,Pending,
V-01448,P-0423,D-0127,H-0182,2026-01-01,19:30,19:00,10,Sore throat,light sensitivity|headache,Migraine,low,113/71,66,37.4,97,45.4,159.3,,Active,
V-01449,P-0423,D-0367,H-0301,2026-09-20,10:00,09:15,,Irregular periods,toothache|facial pain,Diseases of pulp and periapical tissues,low,112/76,65,36.0,100,45.4,159.3,14,Pending,
V-01450,P-0424,D-0029,H-0506,2026-09-22,14:15,13:15,10,Blurred vision,breathlessness|chest pain|dry cough|productive cough|cough,Cough,moderate,134/87,96,36.7,94,70.4,170.0,90,Active,
V-01451,P-0424,D-0208,H-0403,2025-08-13,09:00,09:05,15,Low mood,redness|swelling of feet|discharge|itching,Other local infections of skin and subcutaneous tissue,moderate,131/86,92,36.5,98,70.4,170.0,90,Active,
V-01452,P-0426,D-0262,H-0388,2025-06-17,14:00,14:15,10,Loose motions,light sensitivity|blurred vision|watering eyes|itching|red eye,Conjunctivitis,low,130/87,81,37.4,98,43.5,157.6,30,Resolved,
V-01453,P-0426,D-0394,H-0409,2026-04-28,12:30,12:00,15,Hair fall,toothache|difficulty swallowing|fever|ear pain,Diseases of pulp and periapical tissues,low,130/82,80,37.3,99,43.5,157.6,,Resolved,
V-01454,P-0426,D-0211,H-0136,2025-11-05,17:30,16:12,25,Urinary urgency,fever|cough,Acute upper respiratory infections of multiple and unspecified sites,low,118/74,66,36.6,95,43.5,157.6,30,Active,
V-01455,P-0426,D-0169,H-0446,2025-03-15,17:00,16:05,,Irregular periods,fever|headache|swollen glands|difficulty swallowing|sore throat,Acute pharyngitis,low,120/78,69,37.1,94,43.5,157.6,90,Pending,
V-01456,P-0428,D-0087,H-0193,2025-11-06,09:15,09:05,15,Red eye,vomiting|headache|neck pain,Migraine,low,135/88,76,36.6,96,63.7,150.8,7,Active,
V-01457,P-0428,D-0271,H-0510,2026-05-03,19:30,18:15,15,Itching,muscle ache|tenderness|weakness|body ache|fatigue,Other disorders of muscle,low,126/79,66,36.4,96,63.7,150.8,,Resolved,
V-01458,P-0429,D-0091,H-0218,2026-01-15,13:30,12:25,45,Back pain,dizziness on standing|fainting,Volume depletion,high,118/74,70,39.0,91,17.4,94.8,,Resolved,
V-01459,P-0429,D-0508,H-0514,2025-02-17,18:15,17:25,15,Swelling of feet,rash|headache|nausea|body ache|high fever,Dengue fever [classical dengue],moderate,119/76,72,36.5,100,17.4,94.8,30,Active,
V-01460,P-0429,D-0467,H-0135,2026-03-14,12:45,12:00,25,Headache,breathlessness on exertion|chest tightness|breathlessness|sleep disturbance|wheezing,Asthma,moderate,127/80,82,36.8,95,17.4,94.8,,Active,
V-01461,P-0429,D-0482,H-0068,2025-11-26,17:00,17:30,,Thyroid review,high fever|vomiting|fatigue|abdominal pain,Typhoid and paratyphoid fevers,low,126/83,81,37.2,99,17.4,94.8,14,Pending,
V-01462,P-0429,D-0473,H-0245,2025-10-06,17:30,17:12,60,Skin rash,redness|fever|rash|itching,Rash and other nonspecific skin eruption,moderate,123/80,76,37.6,98,17.4,94.8,30,Active,
V-01463,P-0430,D-0418,H-0090,2026-11-22,09:15,09:10,10,Itching,rigors|night sweats|breathlessness|confusion,Miliary tuberculosis,moderate,136/84,87,36.8,98,59.8,164.9,30,Resolved,
V-01464,P-0430,D-0031,H-0383,2025-12-12,14:45,14:00,15,Cough and cold,difficulty swallowing|nausea|upper abdominal pain|cough,Gastro-esophageal reflux disease,moderate,131/85,80,36.8,97,59.8,164.9,,Resolved,
V-01465,P-0430,D-0533,H-0449,2026-04-08,16:00,15:30,20,Fit review,difficulty swallowing|sore throat|headache|swollen glands,Acute tonsillitis,high,140/90,92,38.6,92,59.8,164.9,,Active,
V-01466,P-0430,D-0256,H-0436,2026-03-26,19:00,18:05,20,Pre-operative assessment,lower abdominal pain|pelvic pain|painful urination|bloating,Endometriosis,low,135/90,85,37.1,97,59.8,164.9,,Resolved,
V-01467,P-0430,D-0032,H-0388,2026-06-25,13:30,13:12,25,Blocked nose,bleeding gums|bruising,Dengue hemorrhagic fever,moderate,137/85,88,36.7,98,59.8,164.9,,Active,
V-01468,P-0431,D-0320,H-0258,2025-02-08,12:00,11:25,30,Fracture follow-up,breathlessness|breathlessness on exertion|chest tightness,Asthma,moderate,108/68,63,36.8,94,63.0,160.1,7,Staged,
V-01469,P-0431,D-0111,H-0477,2026-10-21,14:45,13:15,15,Wheezing,chest pain|palpitations|dizziness,Dizziness and giddiness,high,113/74,68,38.4,93,63.0,160.1,,Resolved,
V-01470,P-0431,D-0170,H-0054,2025-09-06,14:00,14:25,,Weight change,pale skin|sleep disturbance|palpitations,Malaise and fatigue,moderate,116/73,72,36.6,95,63.0,160.1,,Pending,
V-01471,P-0431,D-0092,H-0271,2025-02-12,11:15,11:10,25,Sore throat,frequent urination|excessive thirst|weight loss,Type 1 diabetes mellitus,moderate,113/70,69,37.6,98,63.0,160.1,30,Active,
V-01472,P-0431,D-0039,H-0419,2025-01-21,09:30,09:00,30,Growth review,abdominal pain|vomiting|nausea|weakness,"Infectious gastroenteritis and colitis, unspecified",moderate,116/76,73,37.1,98,63.0,160.1,7,Active,
V-01473,P-0432,D-0253,H-0038,2026-10-15,10:30,10:30,15,Skin rash,tingling|morning stiffness|stiffness|lower back pain|back pain,Dorsalgia,low,137/88,80,37.0,96,56.6,150.8,,Active,
V-01474,P-0432,D-0396,H-0048,2026-10-13,13:15,12:10,,Shoulder stiffness,frequent urination|urinary urgency|fever|lower abdominal pain|painful urination,Other disorders of urinary system,moderate,132/87,74,36.3,98,56.6,150.8,,Pending,
V-01475,P-0432,D-0534,H-0478,2025-05-09,15:30,14:12,60,Burning urination,headache|fatigue|neck pain|nausea,Headache,low,130/79,72,36.9,96,56.6,150.8,7,Active,
V-01476,P-0432,D-0364,H-0292,2025-07-24,12:15,11:30,,Sleep disturbance,seizure|weakness in one limb|fainting|confusion,Epilepsy and recurrent seizures,high,130/88,72,37.6,93,56.6,150.8,90,Pending,
V-01477,P-0432,D-0278,H-0055,2026-08-18,19:00,18:15,25,Sore throat,fever|cough|feeding difficulty|breathlessness,Whooping cough,moderate,130/83,73,37.6,97,56.6,150.8,30,Active,
V-01478,P-0432,D-0400,H-0488,2026-10-12,12:30,11:30,30,Hair fall,cough|productive cough,Acute bronchitis,high,128/78,70,38.2,88,56.6,150.8,,Active,
V-01479,P-0432,D-0149,H-0024,2026-08-18,19:15,19:20,20,Eye check-up,palpitations|weakness,Malaise and fatigue,low,140/94,84,36.9,97,56.6,150.8,,Resolved,
V-01480,P-0433,D-0302,H-0013,2025-02-22,09:45,08:20,,Swelling of feet,high fever|headache,Other mosquito-borne viral fevers,high,141/90,87,38.1,92,53.3,160.8,90,Pending,
V-01481,P-0433,D-0331,H-0437,2026-03-11,15:45,15:20,30,Routine scan,ear discharge|irritability,Suppurative and unspecified otitis media,moderate,139/87,85,37.0,97,53.3,160.8,30,Resolved,
V-01482,P-0434,D-0197,H-0463,2025-01-02,18:00,18:15,20,Irregular periods,body ache|morning stiffness|stiffness,Dorsalgia,moderate,111/67,69,36.8,100,51.8,155.7,14,Resolved,
V-01483,P-0435,D-0164,H-0505,2026-03-23,11:00,10:00,60,Blurred vision,morning stiffness|tenderness,"Other joint disorder, not elsewhere classified",high,123/76,73,37.8,92,48.9,157.7,14,Resolved,
V-01484,P-0435,D-0040,H-0273,2025-07-02,15:30,14:30,30,Breathlessness,red eye|runny nose|high fever,Measles,moderate,111/70,60,36.2,100,48.9,157.7,,Active,
V-01485,P-0435,D-0085,H-0008,2026-08-09,09:30,08:05,10,Ear pain,sleep disturbance|poor concentration|headache|anxiety,"Reaction to severe stress, and adjustment disorders",high,122/76,72,38.6,96,48.9,157.7,14,Resolved,
V-01486,P-0436,D-0348,H-0178,2026-07-06,12:30,12:25,,Hair fall,weakness|numbness|abdominal pain,"Other disorders of fluid, electrolyte and acid-base balance",severe,137/89,77,38.4,92,83.8,175.1,,Pending,
V-01487,P-0436,D-0505,H-0233,2025-05-25,11:00,11:00,,Post-operative review,nausea|itching|poor concentration,Nephrotic syndrome,severe,145/94,86,38.2,97,83.8,175.1,90,Pending,
V-01488,P-0438,D-0026,H-0251,2026-05-05,12:15,11:20,30,Back pain,runny nose|headache|fever,Viral infection of unspecified site,moderate,137/83,95,36.4,95,43.9,142.7,90,Active,
V-01489,P-0438,D-0092,H-0271,2025-10-05,14:30,13:10,30,Blocked nose,joint pain|rash|body ache|high fever,Other mosquito-borne viral fevers,low,134/89,91,36.2,97,43.9,142.7,,Resolved,
V-01490,P-0440,D-0038,H-0255,2026-03-07,12:15,12:20,10,Weight change,breathlessness on exertion|chest pain|fatigue|palpitations|cold sweat,Angina pectoris,moderate,126/81,76,37.0,96,70.2,167.6,90,Active,
V-01491,P-0440,D-0294,H-0395,2026-11-10,17:45,17:30,20,Post-operative review,fatigue|joint pain|chest pain|upper abdominal pain|poor concentration,Disorders of lipoprotein metabolism and other lipidemias,severe,129/80,79,38.4,89,70.2,167.6,30,Active,
V-01492,P-0440,D-0407,H-0184,2025-08-26,18:15,17:12,20,Red eye,swelling of feet|itching,Other local infections of skin and subcutaneous tissue,moderate,134/85,86,36.8,100,70.2,167.6,7,Resolved,
V-01493,P-0440,D-0282,H-0010,2025-07-21,10:15,09:05,15,Loose motions,morning stiffness|crepitus,Osteoarthritis of knee,moderate,121/75,70,37.0,97,70.2,167.6,,Active,
V-01494,P-0441,D-0258,H-0090,2025-10-06,09:30,09:05,,Fit review,dizziness|anxiety,Other anxiety disorders,moderate,107/65,61,37.1,99,65.8,164.4,,Pending,
V-01495,P-0442,D-0325,H-0368,2026-10-25,13:00,12:12,20,Abdominal pain,ear pain|sore throat,"Diseases of vocal cords and larynx, not elsewhere classified",moderate,121/76,84,36.8,96,58.2,168.1,,Resolved,
V-01496,P-0442,D-0108,H-0419,2026-12-01,12:45,11:05,,Cough,palpitations|cold sweat|breathlessness on exertion,Angina pectoris,low,117/75,79,36.7,99,58.2,168.1,7,Pending,
V-01497,P-0443,D-0061,H-0313,2025-11-02,18:15,18:25,,Acidity,sleep disturbance|itching,Atopic dermatitis,low,142/86,81,37.2,94,60.1,161.8,7,Pending,
V-01498,P-0443,D-0337,H-0492,2026-12-18,14:00,13:15,30,Thyroid review,fatigue|poor concentration|palpitations|dizziness,Atrial fibrillation and flutter,high,134/91,73,37.8,88,60.1,161.8,14,Resolved,
V-01499,P-0444,D-0026,H-0251,2026-03-11,15:30,14:10,20,Fracture follow-up,dizziness on standing|diarrhoea|weakness,Volume depletion,high,138/90,82,37.9,89,79.8,160.5,14,Resolved,
V-01500,P-0444,D-0436,H-0232,2025-11-06,12:15,12:15,15,Routine scan,palpitations|sleep disturbance|muscle ache,Other anxiety disorders,moderate,135/91,78,37.2,97,79.8,160.5,,Active,
V-01501,P-0444,D-0253,H-0038,2025-06-28,15:30,15:00,20,Itching,upper abdominal pain|indigestion|diarrhoea|nausea,Other and unspecified noninfective gastroenteritis and colitis,low,145/91,90,37.4,99,79.8,160.5,,Active,
V-01502,P-0445,D-0230,H-0421,2026-07-27,11:45,10:12,60,Growth review,nausea|hearing loss|ear pain,Disorders of vestibular function,low,122/82,87,37.1,99,53.0,152.5,14,Resolved,
V-01503,P-0445,D-0514,H-0131,2025-09-15,14:45,14:25,60,Red eye,rash|high fever|nosebleed|bruising|weakness,Dengue hemorrhagic fever,moderate,122/75,86,37.0,96,53.0,152.5,,Resolved,
V-01504,P-0445,D-0135,H-0158,2026-05-01,10:30,10:15,30,Blocked nose,weakness|poor concentration|pale skin|palpitations,Malaise and fatigue,low,114/74,76,36.5,95,53.0,152.5,,Resolved,
V-01505,P-0445,D-0176,H-0059,2025-09-20,16:15,16:30,60,Antenatal check-up,pain|discharge|itching|blisters|fever,Anogenital herpesviral [herpes simplex] infections,moderate,114/75,75,36.7,94,53.0,152.5,,Resolved,
V-01506,P-0445,D-0203,H-0022,2026-08-01,09:00,09:30,15,Knee pain,itching|sleep disturbance|redness,Atopic dermatitis,high,117/79,80,38.4,90,53.0,152.5,7,Resolved,
V-01507,P-0446,D-0087,H-0193,2026-07-11,17:00,16:25,10,Red eye,cold sweat|vomiting,Acute myocardial infarction,high,134/90,89,37.8,90,47.7,158.5,,Resolved,
V-01508,P-0446,D-0294,H-0395,2026-08-25,14:30,14:15,10,Post-operative review,redness|itching,Acne,low,128/84,81,37.1,97,47.7,158.5,,Resolved,
V-01509,P-0446,D-0213,H-0287,2026-08-05,19:45,18:30,,Burning urination,pelvic pain|painful urination|frequent urination,Unspecified lump in breast,low,126/83,78,36.2,96,47.7,158.5,30,Pending,
V-01510,P-0447,D-0497,H-0417,2026-02-11,10:30,10:00,45,Hypertension review,night sweats|fatigue|fever,Respiratory tuberculosis,low,116/72,77,36.9,97,59.1,161.3,14,Resolved,
V-01511,P-0447,D-0348,H-0178,2025-12-06,12:45,11:00,60,Itching,heat intolerance|tremor|weight loss|anxiety,Thyrotoxicosis [hyperthyroidism],low,116/78,77,36.6,100,59.1,161.3,,Active,
V-01512,P-0447,D-0397,H-0323,2026-06-04,12:15,12:12,60,Urinary urgency,weakness in one limb|fainting,Epilepsy and recurrent seizures,low,111/73,70,37.2,100,59.1,161.3,90,Resolved,
V-01513,P-0447,D-0314,H-0136,2025-04-20,16:15,16:30,20,Hypertension review,abdominal pain|fever|lower abdominal pain|vomiting,Abdominal and pelvic pain,low,108/66,67,37.2,95,59.1,161.3,14,Active,
V-01514,P-0447,D-0173,H-0217,2025-07-01,13:15,13:05,15,Post-operative review,lower abdominal pain|vomiting|nausea|abdominal pain,Abdominal and pelvic pain,low,121/78,84,36.8,100,59.1,161.3,30,Active,
V-01515,P-0448,D-0007,H-0003,2025-08-15,19:00,19:05,30,Hair fall,fever|abdominal pain|diarrhoea|weakness|nausea,"Infectious gastroenteritis and colitis, unspecified",moderate,113/72,75,37.2,96,57.9,151.5,30,Active,
V-01516,P-0448,D-0065,H-0175,2025-07-13,19:45,18:25,15,Stone review,high fever|bruising|weakness|vomiting,Dengue hemorrhagic fever,low,106/68,67,36.4,94,57.9,151.5,14,Resolved,
V-01517,P-0448,D-0071,H-0229,2025-07-24,18:30,17:00,60,Acne,cough|high fever|fatigue|rash|runny nose,Measles,moderate,104/69,63,36.9,96,57.9,151.5,30,Resolved,
V-01518,P-0450,D-0087,H-0193,2026-02-19,12:15,11:05,45,Red eye,indigestion|nausea|upper abdominal pain|heartburn,Other and unspecified noninfective gastroenteritis and colitis,low,121/77,83,37.0,99,41.0,154.8,,Resolved,
V-01519,P-0450,D-0527,H-0149,2026-04-11,16:15,15:10,25,Stone review,poor concentration|upper abdominal pain|fatigue,Disorders of lipoprotein metabolism and other lipidemias,low,128/78,92,36.5,97,41.0,154.8,14,Active,
V-01520,P-0450,D-0224,H-0011,2025-10-11,09:45,08:15,45,Fever and body ache,nausea|upper abdominal pain|indigestion|heartburn|difficulty swallowing,Gastro-esophageal reflux disease,high,116/77,76,38.1,89,41.0,154.8,,Active,
V-01521,P-0450,D-0339,H-0041,2026-07-25,16:45,15:25,25,Antenatal check-up,headache|runny nose|body ache|fever,Viral infection of unspecified site,low,122/79,83,37.4,99,41.0,154.8,,Active,
V-01522,P-0450,D-0426,H-0034,2026-01-12,19:30,18:10,,Growth review,weakness|bleeding gums|nosebleed|bruising|high fever,Dengue hemorrhagic fever,moderate,128/81,92,36.8,95,41.0,154.8,30,Pending,
V-01523,P-0450,D-0350,H-0454,2026-09-19,15:15,14:00,30,Post-operative review,dizziness|weakness|fainting|poor concentration,Hypotension,low,121/79,82,37.4,95,41.0,154.8,,Active,
V-01524,P-0450,D-0357,H-0057,2025-09-06,15:30,15:05,10,Ear pain,productive cough|breathlessness,Cough,moderate,115/77,75,36.7,96,41.0,154.8,90,Resolved,
V-01525,P-0450,D-0063,H-0105,2025-11-08,17:30,17:05,,Fever and body ache,tremor|slowness of movement|poor concentration,Parkinson's disease,low,121/74,83,36.4,98,41.0,154.8,90,Pending,
V-01526,P-0450,D-0037,H-0388,2026-02-18,19:00,18:25,15,Irregular periods,redness|discharge|swelling of feet,Other local infections of skin and subcutaneous tissue,moderate,121/75,83,37.7,94,41.0,154.8,90,Staged,
V-01527,P-0451,D-0191,H-0237,2025-05-28,10:00,10:25,30,Routine scan,confusion|breathlessness|productive cough|chest pain,"Pneumonia, unspecified organism",moderate,119/78,83,37.3,94,59.9,150.6,,Resolved,
V-01528,P-0451,D-0238,H-0030,2025-10-03,18:15,18:15,15,Sleep disturbance,nausea|vomiting|abdominal pain|fever,"Infectious gastroenteritis and colitis, unspecified",moderate,117/76,81,36.4,97,59.9,150.6,,Active,
V-01529,P-0451,D-0244,H-0127,2026-12-07,16:30,15:12,10,Fracture follow-up,blurred vision|breathlessness|palpitations,Essential (primary) hypertension,low,119/81,83,37.0,97,59.9,150.6,,Staged,
V-01530,P-0451,D-0069,H-0383,2026-11-13,09:45,08:12,,Ear pain,sleep disturbance|ear discharge|hearing loss|irritability|fever,Suppurative and unspecified otitis media,moderate,123/83,89,37.0,95,59.9,150.6,7,Pending,
V-01531,P-0452,D-0285,H-0513,2026-10-28,13:00,12:10,,Low mood,runny nose|fatigue|sore throat|low-grade fever,Acute nasopharyngitis [common cold],high,132/86,82,37.8,94,36.8,134.9,,Pending,
V-01532,P-0452,D-0075,H-0379,2025-11-04,15:15,15:10,,Pre-operative assessment,nausea|high fever|headache,Dengue fever [classical dengue],severe,134/91,85,38.2,96,36.8,134.9,,Pending,
V-01533,P-0452,D-0137,H-0145,2025-02-09,15:15,14:15,45,Fit review,cough|chest pain|breathlessness|productive cough,Cough,low,123/81,71,36.5,95,36.8,134.9,14,Active,
V-01534,P-0452,D-0323,H-0356,2026-12-26,11:00,10:30,15,Stone review,itching|redness|fever|rash,Rash and other nonspecific skin eruption,moderate,124/77,72,37.1,100,36.8,134.9,,Resolved,
V-01535,P-0452,D-0212,H-0218,2025-12-03,10:45,10:15,10,General weakness,fatigue|runny nose|fever|headache|cough,Viral infection of unspecified site,moderate,138/88,89,37.1,95,36.8,134.9,,Active,
V-01536,P-0452,D-0276,H-0148,2025-02-01,17:30,17:12,20,Red eye,breathlessness|fever|chest pain,"Pneumonia, unspecified organism",low,133/87,83,36.9,96,36.8,134.9,,Resolved,
V-01537,P-0452,D-0147,H-0268,2025-04-05,18:15,17:15,30,Thyroid review,chest tightness|sleep disturbance|breathlessness on exertion|breathlessness|wheezing,Asthma,low,135/89,85,36.7,98,36.8,134.9,7,Active,
V-01538,P-0453,D-0146,H-0273,2025-01-20,11:15,11:05,,Fever and body ache,redness|rash|itching|dry skin,Other and unspecified dermatitis,moderate,134/85,74,36.7,96,27.3,111.4,30,Pending,
V-01539,P-0453,D-0273,H-0129,2025-03-22,14:30,13:05,10,Back pain,sore throat|fever|headache,Acute pharyngitis,low,135/90,75,37.2,98,27.3,111.4,,Active,
V-01540,P-0455,D-0016,H-0228,2026-09-13,10:45,09:10,10,Weight change,sleep disturbance|itching,Atopic dermatitis,low,125/79,82,36.8,96,35.2,146.1,,Resolved,
V-01541,P-0456,D-0519,H-0268,2026-12-13,17:15,16:05,,Fracture follow-up,fatigue|fever|cough|sore throat|runny nose,Acute upper respiratory infections of multiple and unspecified sites,high,123/76,75,38.1,91,47.0,162.7,14,Pending,
V-01542,P-0456,D-0057,H-0451,2025-10-08,09:00,08:00,25,Hair fall,low mood|sleep disturbance,Depressive episode,moderate,138/90,93,36.9,98,47.0,162.7,7,Resolved,
V-01543,P-0456,D-0151,H-0163,2026-02-06,18:00,18:25,60,Chronic cough,fever|redness,Inflammatory disorders of breast,severe,127/82,80,38.9,90,47.0,162.7,7,Resolved,
V-01544,P-0456,D-0446,H-0062,2026-06-08,19:00,19:12,10,Fever and body ache,skin scaling|dry skin|redness|sleep disturbance,Atopic dermatitis,high,129/81,82,37.7,89,47.0,162.7,,Resolved,
V-01545,P-0458,D-0151,H-0163,2026-02-19,19:00,18:20,30,Wheezing,pain|fever|body ache,Varicella [chickenpox],moderate,111/75,76,37.0,94,57.0,148.1,14,Resolved,
V-01546,P-0458,D-0496,H-0305,2025-02-08,18:00,18:00,10,Hair fall,dry cough|breathlessness,Cough,moderate,111/72,76,36.9,98,57.0,148.1,,Resolved,
V-01547,P-0458,D-0113,H-0247,2026-11-07,18:15,18:00,30,Itching,frequent urination|blurred vision|fatigue,Type 2 diabetes mellitus,low,117/74,84,37.0,99,57.0,148.1,14,Resolved,
V-01548,P-0458,D-0267,H-0197,2026-05-04,18:15,17:15,,Skin rash,diarrhoea|passing blood in urine,Volume depletion,moderate,118/72,87,37.4,98,57.0,148.1,14,Pending,
V-01549,P-0459,D-0536,H-0193,2025-04-09,14:30,14:12,30,Loose motions,headache|confusion|weakness in one limb|memory loss|seizure,Epilepsy and recurrent seizures,moderate,117/72,69,36.5,100,26.2,109.9,90,Active,
V-01550,P-0459,D-0409,H-0433,2026-06-22,18:45,17:25,60,Fever,diarrhoea|weakness|fainting,Volume depletion,moderate,123/75,77,36.9,97,26.2,109.9,30,Resolved,
V-01551,P-0459,D-0134,H-0233,2025-12-23,09:15,08:05,15,Fever,diarrhoea|weakness|vomiting,"Infectious gastroenteritis and colitis, unspecified",low,127/79,81,35.9,98,26.2,109.9,90,Active,
V-01552,P-0459,D-0308,H-0246,2025-11-17,19:45,19:20,30,Red eye,lower abdominal pain|nausea|diarrhoea,Abdominal and pelvic pain,low,129/85,85,36.4,99,26.2,109.9,14,Active,
V-01553,P-0459,D-0380,H-0007,2025-08-01,19:00,18:00,25,Breathlessness,swollen glands|sore throat,Acute pharyngitis,low,123/82,77,36.8,97,26.2,109.9,,Resolved,
V-01554,P-0459,D-0093,H-0185,2026-06-28,13:15,12:25,10,Ankle swelling,redness|skin scaling|dry skin,Other and unspecified dermatitis,low,130/80,85,36.8,95,26.2,109.9,,Active,
V-01555,P-0460,D-0168,H-0474,2026-05-28,18:00,18:25,45,Loose motions,fatigue|fainting|chest pain,Dizziness and giddiness,low,130/86,94,37.0,95,33.7,138.8,,Resolved,
V-01556,P-0460,D-0006,H-0010,2025-04-04,18:00,17:25,15,Shoulder stiffness,fatigue|weakness|poor concentration|palpitations,Malaise and fatigue,low,121/79,82,36.8,94,33.7,138.8,30,Active,
V-01557,P-0460,D-0395,H-0064,2026-09-04,19:30,19:20,15,Post-operative review,passing blood in urine|fatigue|frequent urination,Hematuria,low,127/81,90,36.4,99,33.7,138.8,30,Active,
V-01558,P-0460,D-0396,H-0048,2025-11-12,15:45,14:25,15,Back pain,frequent urination|painful urination,Hematuria,severe,132/82,97,37.9,96,33.7,138.8,,Staged,
V-01559,P-0460,D-0387,H-0095,2025-01-19,11:00,10:00,25,Follow-up for medication,fever|cough|headache|fatigue,Acute upper respiratory infections of multiple and unspecified sites,moderate,132/86,97,36.7,98,33.7,138.8,,Staged,
V-01560,P-0460,D-0345,H-0421,2025-07-08,14:15,13:25,10,General weakness,frequent urination|abdominal pain,Type 1 diabetes mellitus,high,131/88,95,37.5,95,33.7,138.8,14,Active,
V-01561,P-0461,D-0129,H-0235,2025-06-18,13:15,13:05,15,Fever,body ache|constipation|abdominal pain|headache|high fever,Typhoid and paratyphoid fevers,low,126/78,79,37.2,95,44.5,150.7,,Resolved,
V-01562,P-0461,D-0016,H-0228,2025-08-27,17:30,17:30,20,Sugar review,high fever|bleeding gums|rash,Dengue hemorrhagic fever,moderate,126/84,79,35.9,99,44.5,150.7,,Active,
V-01563,P-0461,D-0399,H-0300,2025-12-27,14:00,13:00,15,Itching,swelling of feet|breast pain|breast lump,Inflammatory disorders of breast,moderate,118/77,69,36.8,100,44.5,150.7,14,Resolved,
V-01564,P-0462,D-0352,H-0509,2025-09-10,09:45,09:00,30,Pre-operative assessment,fatigue|weakness|muscle ache|body ache,Other disorders of muscle,moderate,125/76,69,36.8,99,66.6,172.7,,Resolved,
V-01565,P-0462,D-0516,H-0426,2025-11-26,10:45,09:10,20,Hearing loss,rash|redness|itching,Atopic dermatitis,low,119/80,62,36.9,97,66.6,172.7,,Active,
V-01566,P-0462,D-0070,H-0040,2026-07-02,15:45,15:30,25,Thyroid review,blurred vision|headache|palpitations|dizziness|breathlessness,Essential (primary) hypertension,low,133/85,78,36.5,94,66.6,172.7,30,Resolved,
V-01567,P-0462,D-0308,H-0246,2026-06-16,18:00,17:15,45,Red eye,weakness|fever|abdominal pain|vomiting,"Infectious gastroenteritis and colitis, unspecified",moderate,134/82,79,36.9,100,66.6,172.7,90,Active,
V-01568,P-0463,D-0015,H-0404,2025-05-20,15:15,15:00,25,Ear pain,indigestion|nausea|heartburn|bloating,Other and unspecified noninfective gastroenteritis and colitis,low,112/76,83,37.0,100,66.2,155.3,14,Resolved,
V-01569,P-0463,D-0009,H-0009,2026-12-02,10:45,09:10,60,Eye check-up,bad breath|gum bleeding,Gingivitis and periodontal diseases,moderate,115/75,87,36.5,95,66.2,155.3,14,Active,
V-01570,P-0463,D-0216,H-0205,2026-01-09,19:15,19:30,15,General weakness,sleep disturbance|anxiety|poor concentration,Depressive episode,moderate,115/70,87,37.0,99,66.2,155.3,,Active,
V-01571,P-0463,D-0540,H-0369,2025-05-22,10:45,09:20,60,Itching,fatigue|headache,Other mosquito-borne viral fevers,high,109/72,78,37.8,96,66.2,155.3,,Active,
V-01572,P-0464,D-0063,H-0105,2025-12-13,18:00,18:10,10,Cough and cold,headache|fever,Acute upper respiratory infections of multiple and unspecified sites,moderate,131/86,84,37.1,95,29.0,114.7,30,Active,
V-01573,P-0464,D-0325,H-0368,2025-07-20,13:15,13:05,10,Abdominal pain,cough|breathlessness|fever|fatigue|productive cough,Acute bronchitis,moderate,133/88,87,37.0,99,29.0,114.7,,Active,
V-01574,P-0465,D-0057,H-0451,2026-01-19,14:00,14:00,60,Skin rash,weight gain|breathlessness on exertion|poor concentration,Overweight and obesity,low,124/76,84,36.5,97,43.6,136.6,7,Active,
V-01575,P-0465,D-0239,H-0217,2026-06-24,11:45,11:20,15,Routine scan,vomiting|body ache,Dengue fever [classical dengue],low,119/80,78,37.2,95,43.6,136.6,30,Active,
V-01576,P-0465,D-0048,H-0323,2025-10-02,13:45,13:30,10,Ear pain,bruising|rash,Dengue hemorrhagic fever,low,125/75,85,36.9,96,43.6,136.6,14,Active,
V-01577,P-0466,D-0360,H-0504,2025-10-04,15:15,14:15,45,Sleep disturbance,lower abdominal pain|fever,Abdominal and pelvic pain,moderate,138/93,90,36.6,98,3.2,48.6,,Resolved,
V-01578,P-0466,D-0144,H-0450,2025-09-11,17:00,16:25,25,Breathlessness on walking,joint pain|headache|fatigue|body ache|rash,Other mosquito-borne viral fevers,moderate,127/82,75,36.5,99,3.2,48.6,,Active,
V-01579,P-0467,D-0510,H-0192,2026-12-26,15:30,14:00,15,Eye check-up,eye pain|itching|light sensitivity|red eye,Conjunctivitis,high,125/75,82,36.9,94,3.2,49.6,90,Resolved,
V-01580,P-0467,D-0131,H-0032,2025-08-17,16:45,15:25,20,Palpitations,sleep disturbance|ear pain|hearing loss|irritability,Suppurative and unspecified otitis media,high,134/82,94,37.6,89,3.2,49.6,90,Resolved,
V-01581,P-0467,D-0002,H-0001,2025-07-28,10:15,09:20,25,Hypertension review,redness|rash|skin scaling,Other erythematous conditions,low,123/77,79,37.0,94,3.2,49.6,90,Resolved,
V-01582,P-0467,D-0200,H-0465,2025-02-06,19:00,18:15,60,Tingling in hand,feeding difficulty|breathlessness,Acute bronchiolitis,low,132/84,92,37.2,99,3.2,49.6,30,Resolved,
V-01583,P-0468,D-0242,H-0187,2026-01-04,11:45,11:20,30,Tingling in hand,abdominal pain|weakness|palpitations|numbness,"Other disorders of fluid, electrolyte and acid-base balance",high,129/87,71,38.3,93,56.9,154.5,90,Resolved,
V-01584,P-0468,D-0407,H-0184,2026-02-16,19:45,18:20,30,Blurred vision,nausea|lower abdominal pain|vomiting,Abdominal and pelvic pain,severe,124/83,65,38.1,93,56.9,154.5,7,Active,
V-01585,P-0469,D-0207,H-0359,2025-09-15,18:30,18:30,20,Back pain,abdominal pain|nausea|bloating,Other functional intestinal disorders,low,125/84,78,36.7,98,69.7,165.0,7,Resolved,
V-01586,P-0469,D-0482,H-0068,2026-03-01,11:45,10:15,60,Weight change,sneezing|fatigue|sore throat|low-grade fever,Acute nasopharyngitis [common cold],low,120/77,73,37.1,99,69.7,165.0,30,Active,
V-01587,P-0471,D-0059,H-0429,2025-04-11,17:45,16:20,20,Headache,muscle ache|headache,"Other and unspecified soft tissue disorders, not elsewhere classified",low,111/74,80,36.8,98,60.9,166.4,,Active,
V-01588,P-0471,D-0279,H-0238,2026-09-27,09:45,09:25,25,Fracture follow-up,irritability|sleep disturbance|anxiety|poor concentration|headache,Sleep disorders,moderate,104/70,70,36.6,95,60.9,166.4,,Resolved,
V-01589,P-0471,D-0115,H-0284,2025-02-12,16:45,15:15,,Eye check-up,body ache|vomiting|nausea|headache|joint pain,Dengue fever [classical dengue],moderate,101/69,66,36.6,96,60.9,166.4,7,Pending,
V-01590,P-0471,D-0115,H-0284,2025-04-20,12:00,12:15,20,Blurred vision,weakness|poor concentration|dizziness on standing,Syncope and collapse,moderate,102/62,67,36.5,96,60.9,166.4,14,Active,
V-01591,P-0471,D-0190,H-0455,2025-11-26,19:15,18:30,,Shoulder stiffness,constipation|bloating,Other functional intestinal disorders,severe,110/68,79,38.1,95,60.9,166.4,90,Pending,
V-01592,P-0471,D-0319,H-0169,2026-01-04,16:15,16:25,15,Weight change,night pain|hand pain|tingling|numbness,Mononeuropathies of upper limb,moderate,105/68,72,36.7,99,60.9,166.4,14,Resolved,
V-01593,P-0471,D-0399,H-0300,2025-01-04,10:45,10:15,10,Acne,breast lump|fever,Inflammatory disorders of breast,low,106/68,73,37.3,99,60.9,166.4,,Resolved,
V-01594,P-0471,D-0106,H-0317,2026-02-17,10:00,10:25,25,Foamy urine,sore throat|fever|headache,Acute pharyngitis,moderate,102/63,68,37.0,95,60.9,166.4,90,Active,
V-01595,P-0472,D-0186,H-0277,2026-12-04,19:15,19:12,10,Chest tightness on exertion,palpitations|fatigue|poor concentration|chest pain,Atrial fibrillation and flutter,moderate,136/91,80,36.3,98,52.7,154.9,14,Active,
V-01596,P-0472,D-0050,H-0342,2026-03-21,19:45,19:00,60,Heavy periods,indigestion|heartburn|bloating|diarrhoea,Other and unspecified noninfective gastroenteritis and colitis,high,129/85,71,38.8,98,52.7,154.9,14,Active,
V-01597,P-0472,D-0346,H-0060,2025-03-27,19:00,18:10,25,Loose motions,ear pain|fever|sleep disturbance|irritability|hearing loss,Suppurative and unspecified otitis media,moderate,130/85,72,36.6,94,52.7,154.9,,Resolved,
V-01598,P-0472,D-0073,H-0401,2026-09-15,19:00,19:05,45,Blocked nose,fatigue|tenderness|weakness|body ache,Other disorders of muscle,low,130/87,73,37.7,96,52.7,154.9,7,Active,
V-01599,P-0472,D-0445,H-0381,2026-11-21,15:45,15:25,10,Palpitations,fever|cough|feeding difficulty|breathlessness|vomiting,Whooping cough,low,132/86,75,37.6,99,52.7,154.9,30,Active,
V-01600,P-0472,D-0343,H-0259,2026-10-28,13:15,12:00,10,Heavy periods,sore throat|difficulty swallowing|hoarseness,"Diseases of vocal cords and larynx, not elsewhere classified",high,136/86,79,37.6,92,52.7,154.9,14,Active,
V-01601,P-0472,D-0112,H-0302,2026-04-21,14:30,13:20,15,Chronic cough,neck pain|nausea|headache|light sensitivity|blurred vision,Migraine,moderate,126/81,67,37.2,94,52.7,154.9,,Resolved,
V-01602,P-0472,D-0355,H-0494,2026-05-28,16:15,16:15,15,Cough,nausea|vomiting|neck pain|headache,Migraine,high,140/93,85,37.4,94,52.7,154.9,90,Active,
V-01603,P-0472,D-0074,H-0008,2025-09-01,14:15,13:20,,Hypertension review,heartburn|indigestion,Gastro-esophageal reflux disease,high,130/81,73,38.6,93,52.7,154.9,,Pending,
V-01604,P-0473,D-0514,H-0131,2026-01-23,11:00,11:00,20,Red eye,frequent urination|fatigue,Elevated blood glucose level,high,125/84,93,40.0,91,68.4,172.1,,Active,
V-01605,P-0473,D-0495,H-0510,2026-04-09,09:15,09:25,15,Poor feeding,productive cough|night sweats|cough,Respiratory tuberculosis,moderate,126/77,94,36.7,99,68.4,172.1,,Active,
V-01606,P-0473,D-0181,H-0304,2025-12-02,10:30,09:30,15,Fever and body ache,fatigue|cough|vomiting|breathlessness|feeding difficulty,Whooping cough,high,125/79,91,37.9,90,68.4,172.1,90,Active,
V-01607,P-0473,D-0477,H-0168,2026-08-09,18:00,18:12,20,Tingling in hand,weight loss|anxiety|palpitations|sleep disturbance|tremor,Thyrotoxicosis [hyperthyroidism],severe,115/78,77,38.0,94,68.4,172.1,,Resolved,
V-01608,P-0473,D-0096,H-0239,2025-04-27,09:30,08:20,10,Sleep disturbance,rash|redness|itching|fever,Rash and other nonspecific skin eruption,high,117/71,81,37.9,97,68.4,172.1,,Active,
V-01609,P-0473,D-0272,H-0417,2026-06-25,13:30,12:25,15,Antenatal check-up,fatigue|swollen ankles|poor concentration|itching|swelling of feet,Nephrotic syndrome,moderate,124/79,90,36.2,99,68.4,172.1,90,Resolved,
V-01610,P-0473,D-0403,H-0063,2026-03-09,19:30,19:12,60,Thyroid review,dizziness on standing|weakness|poor concentration|fainting,Syncope and collapse,low,126/85,93,36.6,95,68.4,172.1,90,Resolved,
V-01611,P-0473,D-0058,H-0488,2026-08-24,18:00,18:15,45,Chest tightness on exertion,ear pain|facial pain|fever|toothache,Diseases of pulp and periapical tissues,low,116/74,79,36.4,96,68.4,172.1,,Active,
V-01612,P-0473,D-0497,H-0417,2025-06-15,10:45,10:05,,Chest tightness on exertion,vomiting|jaundice|nausea|upper abdominal pain,Alcoholic liver disease,severe,123/81,90,37.9,93,68.4,172.1,14,Pending,
V-01613,P-0474,D-0411,H-0093,2026-10-15,13:15,12:05,,Heavy periods,itching|redness|skin scaling,Atopic dermatitis,moderate,128/83,76,36.4,98,84.3,164.8,,Pending,
V-01614,P-0474,D-0369,H-0157,2025-10-05,19:30,19:25,20,Ear pain,fatigue|low mood|sleep disturbance|poor concentration,Depressive episode,moderate,127/79,75,37.3,94,84.3,164.8,,Resolved,
V-01615,P-0474,D-0022,H-0117,2025-01-26,14:15,13:05,20,Growth review,headache|fatigue|blurred vision|eye pain|dry eyes,Disorders of refraction and accommodation,moderate,129/83,78,36.8,99,84.3,164.8,,Resolved,
V-01616,P-0475,D-0220,H-0126,2025-03-02,13:30,13:12,10,Heavy periods,itching|discharge,Anogenital herpesviral [herpes simplex] infections,high,123/78,76,38.1,95,56.0,170.6,7,Active,
V-01617,P-0475,D-0053,H-0493,2026-06-24,19:45,18:30,20,Growth review,palpitations|muscle ache|weakness|numbness,"Other disorders of fluid, electrolyte and acid-base balance",high,114/76,64,37.7,91,56.0,170.6,,Active,
V-01618,P-0476,D-0039,H-0419,2026-11-05,19:45,18:12,10,Fever,fatigue|productive cough|wheezing|cough|breathlessness on exertion,Other chronic obstructive pulmonary disease,moderate,127/78,80,36.1,99,74.0,172.4,,Active,
V-01619,P-0476,D-0508,H-0514,2026-06-23,19:15,18:10,20,BP review,high fever|headache|vomiting,Dengue fever [classical dengue],severe,121/82,72,38.1,95,74.0,172.4,7,Active,
V-01620,P-0476,D-0376,H-0011,2025-09-22,11:00,10:10,,Foamy urine,dry eyes|blurred vision|headache,Disorders of refraction and accommodation,moderate,129/85,81,36.5,100,74.0,172.4,90,Pending,
V-01621,P-0477,D-0015,H-0404,2025-05-09,13:15,12:20,45,Sore throat,cough|fatigue|weight loss,Respiratory tuberculosis,moderate,134/83,73,36.7,94,53.7,166.5,7,Active,
V-01622,P-0478,D-0370,H-0338,2026-02-11,13:15,13:12,60,Tingling in hand,painful urination|frequent urination,Hematuria,high,100/61,72,38.2,96,28.4,114.8,,Resolved,
V-01623,P-0478,D-0512,H-0410,2026-07-23,15:45,14:12,30,Ankle swelling,rash|nausea,Dengue fever [classical dengue],low,111/72,90,36.6,95,28.4,114.8,,Resolved,
V-01624,P-0478,D-0438,H-0205,2025-07-02,18:45,18:25,30,Foamy urine,weight loss|rigors|breathlessness|high fever|confusion,Miliary tuberculosis,low,109/74,87,37.5,99,28.4,114.8,7,Active,
V-01625,P-0478,D-0203,H-0022,2026-05-23,16:00,15:05,,Fracture follow-up,itching|red eye,Conjunctivitis,moderate,103/67,78,37.2,98,28.4,114.8,,Pending,
V-01626,P-0478,D-0518,H-0424,2026-12-10,12:30,11:00,30,Breathlessness on walking,rash|joint pain|vomiting|body ache,Dengue fever [classical dengue],low,103/66,77,36.3,100,28.4,114.8,,Resolved,
V-01627,P-0478,D-0390,H-0251,2025-07-22,19:15,19:25,20,Hearing loss,fatigue|nausea|high fever|chills,Unspecified malaria,moderate,111/70,90,36.0,97,28.4,114.8,,Resolved,
V-01628,P-0478,D-0344,H-0481,2026-05-04,11:15,11:20,60,Hearing loss,chest pain|cough|dry cough|breathlessness|fever,Cough,low,101/63,75,37.2,96,28.4,114.8,,Resolved,
V-01629,P-0479,D-0052,H-0037,2026-05-09,16:30,15:15,,Breathlessness,bleeding gums|vomiting|weakness|high fever|nosebleed,Dengue hemorrhagic fever,high,129/79,70,38.6,91,65.6,171.6,,Pending,
V-01630,P-0481,D-0128,H-0100,2025-03-27,16:15,16:20,60,Irregular periods,weight loss|vomiting|jaundice|swollen ankles,Alcoholic liver disease,low,132/83,82,36.6,97,89.5,177.7,7,Active,
V-01631,P-0481,D-0044,H-0172,2025-10-08,18:00,17:20,10,Acne,joint pain|nausea|headache,Dengue fever [classical dengue],severe,130/82,79,37.4,96,89.5,177.7,,Resolved,
V-01632,P-0481,D-0353,H-0213,2026-10-20,18:30,17:30,25,Low mood,breathlessness|fatigue|fever|vomiting,Whooping cough,moderate,144/93,97,37.0,95,89.5,177.7,7,Active,
V-01633,P-0482,D-0411,H-0093,2025-02-15,18:00,17:15,60,Antenatal check-up,productive cough|cough,Other chronic obstructive pulmonary disease,low,116/77,72,36.5,98,62.5,152.0,30,Active,
V-01634,P-0482,D-0178,H-0289,2026-11-15,16:00,15:10,,Abdominal pain,breathlessness|fever|fatigue|cough|chest pain,Acute bronchitis,high,122/80,79,37.4,93,62.5,152.0,,Pending,
V-01635,P-0482,D-0189,H-0492,2025-04-27,15:00,14:00,10,Fit review,headache|fatigue|body ache|fever|nausea,Fever of other and unknown origin,moderate,116/74,71,36.9,97,62.5,152.0,14,Active,
V-01636,P-0482,D-0340,H-0081,2025-02-22,12:00,12:15,15,Chronic cough,dizziness|weakness|dizziness on standing|fatigue,Hypotension,moderate,114/73,69,36.9,98,62.5,152.0,,Resolved,
V-01637,P-0483,D-0251,H-0174,2026-03-18,19:30,18:25,30,Itching,sleep disturbance|palpitations|pale skin|poor concentration|fatigue,Malaise and fatigue,severe,123/76,73,37.7,94,33.8,127.3,30,Resolved,
V-01638,P-0483,D-0209,H-0161,2026-07-24,17:45,16:05,45,Blurred vision,runny nose|red eye,Measles,low,121/78,70,36.5,99,33.8,127.3,,Resolved,
V-01639,P-0483,D-0306,H-0358,2026-01-20,09:45,09:12,60,Acidity,headache|fever,Viral infection of unspecified site,low,121/79,70,36.2,98,33.8,127.3,90,Resolved,
V-01640,P-0483,D-0176,H-0059,2025-03-11,18:00,18:15,15,Irregular periods,runny nose|rash,Measles,moderate,135/86,87,36.4,94,33.8,127.3,,Resolved,
V-01641,P-0483,D-0419,H-0366,2026-03-27,11:15,11:10,10,Post-operative review,body ache|runny nose|cough,Viral infection of unspecified site,low,133/89,85,36.4,95,33.8,127.3,90,Resolved,
V-01642,P-0484,D-0352,H-0509,2025-08-16,12:15,11:20,60,Post-operative review,nausea|fatigue|upper abdominal pain|vomiting|indigestion,Cholelithiasis,high,115/72,67,38.1,97,73.8,167.1,,Active,
V-01643,P-0484,D-0459,H-0072,2025-09-22,12:30,11:15,45,Itching,fainting|dizziness on standing|dizziness,Hypotension,high,120/79,73,38.4,91,73.8,167.1,30,Resolved,
V-01644,P-0484,D-0498,H-0330,2026-06-26,17:15,17:30,60,Breathlessness,facial pain|fever|difficulty swallowing,Diseases of pulp and periapical tissues,moderate,125/83,80,37.2,95,73.8,167.1,90,Active,
V-01645,P-0484,D-0515,H-0098,2025-04-11,10:15,10:30,10,Blocked nose,chills|fatigue|nausea|vomiting,Unspecified malaria,moderate,115/77,67,36.7,96,73.8,167.1,,Staged,
V-01646,P-0484,D-0119,H-0333,2026-08-06,19:45,18:30,20,Weight change,restlessness|fever,Calculus of kidney and ureter,moderate,117/75,70,36.9,94,73.8,167.1,,Resolved,
V-01647,P-0484,D-0417,H-0442,2026-09-22,12:15,11:25,15,Shoulder stiffness,tremor|slowness of movement|depression|stiffness|poor concentration,Parkinson's disease,moderate,118/77,71,36.7,95,73.8,167.1,30,Resolved,
V-01648,P-0484,D-0105,H-0156,2026-05-28,15:45,15:00,60,Post-operative review,skin scaling|rash|redness,Other erythematous conditions,low,120/77,74,37.3,98,73.8,167.1,30,Active,
V-01649,P-0484,D-0152,H-0111,2025-01-02,17:45,17:25,10,Irregular periods,weakness in one limb|numbness|night pain,Mononeuropathies of upper limb,high,128/78,84,38.8,93,73.8,167.1,,Active,
V-01650,P-0485,D-0420,H-0386,2025-04-10,17:00,16:30,25,Post-operative review,bloating|mucus in stool|diarrhoea,Irritable bowel syndrome,low,123/78,81,36.2,97,49.8,162.6,,Active,
V-01651,P-0485,D-0432,H-0108,2026-03-11,15:45,15:05,15,Tingling in hand,breast pain|redness|fever|breast lump,Inflammatory disorders of breast,low,124/81,83,37.3,97,49.8,162.6,,Active,
V-01652,P-0485,D-0311,H-0389,2025-12-11,14:15,14:00,,Fracture follow-up,fatigue|neck pain|nausea|headache,Headache,moderate,118/73,74,36.4,99,49.8,162.6,,Pending,
V-01653,P-0485,D-0536,H-0193,2026-08-06,14:30,14:05,60,Loose motions,chest pain|fatigue|dizziness|fainting,Dizziness and giddiness,moderate,120/75,77,36.8,95,49.8,162.6,,Active,
V-01654,P-0485,D-0136,H-0480,2025-07-09,16:45,15:30,60,Anxiety,fatigue|pelvic pain|lower abdominal pain|frequent urination|painful urination,Unspecified lump in breast,low,118/73,74,36.8,96,49.8,162.6,,Staged,
V-01655,P-0486,D-0057,H-0451,2026-12-20,10:15,10:12,10,Itching,fever|itching|pain|blisters|discharge,Anogenital herpesviral [herpes simplex] infections,low,105/69,69,36.7,94,46.2,144.1,,Resolved,
V-01656,P-0486,D-0077,H-0245,2025-07-21,14:45,13:12,20,Anxiety,nausea|chills|fatigue,Fever of other and unknown origin,low,105/66,70,36.8,100,46.2,144.1,,Active,
V-01657,P-0486,D-0032,H-0388,2025-09-02,11:30,11:30,15,Blocked nose,ear pain|hoarseness|fever,"Diseases of vocal cords and larynx, not elsewhere classified",moderate,110/73,76,36.8,100,46.2,144.1,,Active,
V-01658,P-0486,D-0043,H-0150,2025-05-24,11:15,10:30,25,Itching,itching|discharge|redness,Other local infections of skin and subcutaneous tissue,moderate,106/71,71,36.9,95,46.2,144.1,14,Resolved,
V-01659,P-0486,D-0460,H-0361,2026-08-27,18:00,18:25,45,Ear pain,skin scaling|rash,Other erythematous conditions,high,102/62,66,38.8,92,46.2,144.1,,Resolved,
V-01660,P-0486,D-0007,H-0003,2025-06-10,15:30,15:12,10,Hair fall,nausea|headache|high fever,Dengue fever [classical dengue],low,109/74,75,36.4,98,46.2,144.1,14,Active,
V-01661,P-0486,D-0529,H-0008,2026-11-03,10:45,10:05,20,Fever and body ache,chest pain|cough,Cough,moderate,105/71,70,36.2,96,46.2,144.1,90,Active,
V-01662,P-0487,D-0270,H-0112,2026-01-08,13:30,13:12,10,Fit review,fever|breathlessness|productive cough,Cough,high,107/70,66,37.3,94,27.0,114.6,90,Resolved,
V-01663,P-0487,D-0356,H-0139,2025-08-28,19:00,18:00,,Stone review,sleep disturbance|dry skin|rash,Atopic dermatitis,moderate,114/71,75,36.7,95,27.0,114.6,7,Pending,
V-01664,P-0487,D-0480,H-0387,2026-02-19,13:30,12:10,30,Red eye,swollen glands|sore throat|fever|headache|difficulty swallowing,Acute tonsillitis,severe,107/72,66,38.1,91,27.0,114.6,7,Active,
V-01665,P-0487,D-0135,H-0158,2026-08-11,18:30,18:20,30,Sore throat,headache|high fever|vomiting,Unspecified malaria,low,112/68,73,37.1,94,27.0,114.6,14,Resolved,
V-01666,P-0487,D-0136,H-0480,2026-04-22,10:00,09:12,15,Anxiety,dizziness on standing|passing blood in urine|diarrhoea|fainting|weakness,Volume depletion,low,120/73,83,37.0,98,27.0,114.6,,Resolved,
V-01667,P-0488,D-0368,H-0407,2026-01-26,18:15,18:20,15,Growth review,numbness|abdominal pain|weakness,"Other disorders of fluid, electrolyte and acid-base balance",moderate,127/79,73,37.5,96,52.3,149.2,7,Active,
V-01668,P-0488,D-0131,H-0032,2026-07-04,16:45,16:15,25,Ankle swelling,redness|tenderness|fever|joint pain,Gout,low,127/81,73,36.4,98,52.3,149.2,14,Active,
V-01669,P-0488,D-0191,H-0237,2026-08-26,18:30,18:15,10,Antenatal check-up,fever|toothache|facial pain,Diseases of pulp and periapical tissues,moderate,122/74,68,37.1,96,52.3,149.2,14,Active,
V-01670,P-0488,D-0344,H-0481,2026-12-02,13:30,12:10,15,Blocked nose,fatigue|muscle ache,"Other disorders of fluid, electrolyte and acid-base balance",moderate,124/76,70,36.5,95,52.3,149.2,14,Resolved,
V-01671,P-0488,D-0440,H-0143,2026-06-25,10:00,10:12,20,Growth review,joint swelling|knee pain|morning stiffness,Osteoarthritis of knee,moderate,121/73,67,37.0,99,52.3,149.2,14,Resolved,
V-01672,P-0488,D-0276,H-0148,2026-12-02,09:30,08:00,15,Eye check-up,toothache|bad breath,Gingivitis and periodontal diseases,low,128/86,74,37.0,94,52.3,149.2,,Resolved,
V-01673,P-0489,D-0271,H-0510,2025-01-13,13:15,12:10,45,Itching,eye pain|headache|dry eyes|fatigue,Disorders of refraction and accommodation,low,100/60,76,36.6,100,70.1,155.3,14,Active,
V-01674,P-0489,D-0063,H-0105,2025-08-02,18:45,17:25,20,Cough and cold,headache|runny nose|fever|sore throat|cough,Acute upper respiratory infections of multiple and unspecified sites,high,109/72,92,38.5,94,70.1,155.3,,Active,
V-01675,P-0489,D-0397,H-0323,2026-02-03,14:00,14:30,20,Burning urination,heartburn|diarrhoea|bloating|indigestion,Other and unspecified noninfective gastroenteritis and colitis,moderate,112/72,95,36.7,99,70.1,155.3,14,Active,
V-01676,P-0489,D-0380,H-0007,2025-07-27,13:15,13:00,25,Chronic cough,nasal congestion|sneezing|sore throat|runny nose|low-grade fever,Acute nasopharyngitis [common cold],moderate,106/66,86,37.0,97,70.1,155.3,,Active,
V-01677,P-0489,D-0143,H-0447,2025-06-14,14:45,14:10,15,Tingling in hand,discharge|redness,Other local infections of skin and subcutaneous tissue,moderate,103/62,81,37.1,97,70.1,155.3,14,Resolved,
V-01678,P-0489,D-0015,H-0404,2026-12-23,09:00,09:15,30,Sore throat,vomiting|nausea|indigestion|upper abdominal pain,Functional dyspepsia,severe,103/66,81,37.9,93,70.1,155.3,14,Resolved,
V-01679,P-0489,D-0526,H-0341,2025-07-18,14:45,14:12,,Swelling of feet,swollen ankles|vomiting|jaundice|upper abdominal pain,Alcoholic liver disease,moderate,100/62,77,36.9,99,70.1,155.3,14,Pending,
V-01680,P-0491,D-0112,H-0302,2026-08-15,14:00,13:30,20,Breathlessness,vomiting|nausea|body ache|high fever|fatigue,Unspecified malaria,low,99/61,77,36.2,95,66.7,164.7,90,Active,
V-01681,P-0491,D-0187,H-0029,2026-09-06,19:45,18:30,,Loose motions,productive cough|wheezing|breathlessness|fever,Bronchiectasis,high,106/67,89,38.0,95,66.7,164.7,14,Pending,
V-01682,P-0492,D-0339,H-0041,2025-11-26,12:30,11:05,,Antenatal check-up,chest pain|fever|cough|confusion|breathlessness,"Pneumonia, unspecified organism",moderate,126/84,78,36.8,98,49.7,160.3,90,Pending,
V-01683,P-0492,D-0019,H-0161,2025-09-01,12:45,11:20,30,Low mood,fatigue|breathlessness on exertion,Angina pectoris,moderate,122/78,73,36.6,100,49.7,160.3,7,Active,
V-01684,P-0492,D-0526,H-0341,2026-05-25,09:30,08:15,10,BP review,fatigue|breathlessness on exertion|cold sweat,Angina pectoris,moderate,127/82,79,36.8,98,49.7,160.3,30,Active,
V-01685,P-0493,D-0089,H-0450,2025-04-28,12:45,11:10,60,Thyroid review,body ache|joint pain,Dengue fever [classical dengue],severe,133/81,76,38.1,91,77.0,175.5,,Resolved,
V-01686,P-0493,D-0338,H-0038,2026-04-16,10:45,10:10,20,Low mood,headache|cough|fatigue|body ache,Viral infection of unspecified site,high,131/85,74,37.4,90,77.0,175.5,30,Active,
V-01687,P-0493,D-0357,H-0057,2025-06-17,17:45,16:20,,Sore throat,cough|productive cough|dry cough,Cough,low,121/77,63,36.7,99,77.0,175.5,,Pending,
V-01688,P-0493,D-0199,H-0063,2026-05-03,12:00,12:20,20,Poor feeding,productive cough|chest pain,"Pneumonia, unspecified organism",high,123/82,65,37.7,94,77.0,175.5,90,Active,
V-01689,P-0493,D-0483,H-0187,2025-06-06,10:30,09:00,,Antenatal check-up,dizziness|nausea|headache|fatigue|blurred vision,Headache,moderate,125/78,68,36.4,100,77.0,175.5,14,Pending,
V-01690,P-0493,D-0515,H-0098,2025-01-18,11:15,11:25,20,Sore throat,palpitations|weakness|abdominal pain|numbness|fatigue,"Other disorders of fluid, electrolyte and acid-base balance",moderate,125/78,68,36.5,99,77.0,175.5,30,Active,
V-01691,P-0493,D-0309,H-0273,2025-10-08,11:45,10:15,30,Eye check-up,seizure|headache|fainting,Epilepsy and recurrent seizures,moderate,120/73,62,36.1,98,77.0,175.5,14,Resolved,
V-01692,P-0494,D-0216,H-0205,2026-04-21,18:45,17:12,,Follow-up for medication,fever|confusion,"Pneumonia, unspecified organism",high,121/80,70,37.4,92,14.1,93.1,,Pending,
V-01693,P-0494,D-0373,H-0512,2025-01-01,16:15,16:20,15,Post-operative review,night sweats|high fever|rigors|confusion,Miliary tuberculosis,moderate,127/78,77,37.3,97,14.1,93.1,14,Active,
V-01694,P-0494,D-0122,H-0298,2026-08-20,17:30,17:12,10,Tingling in hand,fatigue|cough|sore throat|headache,Acute upper respiratory infections of multiple and unspecified sites,high,121/80,70,38.7,92,14.1,93.1,,Active,
V-01695,P-0494,D-0520,H-0352,2025-05-23,18:15,17:05,10,Sugar review,fever|abdominal pain|nausea|diarrhoea|vomiting,Abdominal and pelvic pain,severe,127/82,76,38.9,90,14.1,93.1,7,Active,
V-01696,P-0495,D-0511,H-0230,2026-11-17,15:15,15:15,15,Fracture follow-up,blisters|itching|fever|redness,Anogenital herpesviral [herpes simplex] infections,low,128/85,78,37.3,94,34.2,144.0,,Active,
V-01697,P-0495,D-0307,H-0334,2025-01-06,09:15,08:10,15,Tingling in hand,cough|runny nose|headache|body ache|fatigue,Viral infection of unspecified site,low,123/79,72,36.4,96,34.2,144.0,14,Active,
V-01698,P-0495,D-0165,H-0138,2026-11-11,18:00,17:05,25,Fever and body ache,fatigue|headache|dizziness|nausea|blurred vision,Headache,low,133/89,84,36.1,98,34.2,144.0,,Active,
V-01699,P-0496,D-0327,H-0078,2025-01-19,12:45,12:30,20,Back pain,redness|rash,Rash and other nonspecific skin eruption,moderate,117/76,86,37.1,98,60.8,167.6,,Staged,
V-01700,P-0496,D-0031,H-0383,2026-08-26,16:45,15:30,,Follow-up for medication,weakness|fainting|diarrhoea|passing blood in urine|vomiting,Volume depletion,low,112/69,78,37.0,95,60.8,167.6,,Pending,
V-01701,P-0496,D-0516,H-0426,2025-07-16,16:45,15:10,,Blocked nose,discharge|redness,Anogenital herpesviral [herpes simplex] infections,low,123/76,95,37.0,98,60.8,167.6,,Pending,
V-01702,P-0496,D-0341,H-0467,2026-06-26,18:00,18:10,,Tingling in hand,breathlessness|chest pain,Cough,moderate,117/77,85,37.2,95,60.8,167.6,14,Pending,
V-01703,P-0496,D-0146,H-0273,2026-07-21,13:45,12:00,10,Fever and body ache,frequent urination|urinary urgency|painful urination,Other disorders of urinary system,moderate,117/78,85,36.7,98,60.8,167.6,14,Active,
V-01704,P-0497,D-0430,H-0277,2026-04-06,14:00,14:30,45,Post-operative review,chest tightness|breathlessness on exertion|cough|breathlessness|sleep disturbance,Asthma,high,120/74,92,37.3,89,32.3,123.3,30,Resolved,
V-01705,P-0497,D-0275,H-0439,2026-07-22,13:15,13:25,25,Sleep disturbance,sore throat|ear pain|fever,"Diseases of vocal cords and larynx, not elsewhere classified",moderate,109/70,76,36.9,99,32.3,123.3,,Resolved,
V-01706,P-0497,D-0098,H-0044,2025-12-11,12:15,11:15,45,Breathlessness,neck pain|blurred vision|fatigue|dizziness,Headache,moderate,119/73,91,36.8,98,32.3,123.3,30,Active,
V-01707,P-0497,D-0203,H-0022,2025-12-11,09:45,09:05,60,Shoulder stiffness,rash|cough|red eye|irritability,Measles,moderate,111/72,79,37.0,99,32.3,123.3,14,Active,
V-01708,P-0497,D-0523,H-0386,2026-02-06,14:45,14:12,60,Palpitations,cough|breathlessness|breathlessness on exertion,Asthma,severe,120/81,93,37.4,97,32.3,123.3,30,Resolved,
V-01709,P-0497,D-0095,H-0396,2025-10-28,18:00,18:05,,Red eye,cough|fatigue|fever|feeding difficulty,Whooping cough,severe,118/73,89,37.7,91,32.3,123.3,90,Pending,
V-01710,P-0498,D-0273,H-0129,2025-02-20,16:45,15:10,60,Back pain,difficulty swallowing|hoarseness|sore throat|fever,"Diseases of vocal cords and larynx, not elsewhere classified",high,115/74,58,37.3,96,61.7,152.5,7,Active,
V-01711,P-0498,D-0497,H-0417,2025-08-19,09:30,09:10,15,Hypertension review,light sensitivity|halos around lights|eye pain|headache|blurred vision,Age-related cataract,high,114/74,58,38.4,91,61.7,152.5,7,Active,
V-01712,P-0498,D-0215,H-0394,2025-06-09,11:15,11:00,10,Growth review,swollen glands|sore throat,Acute tonsillitis,low,127/86,71,37.1,100,61.7,152.5,14,Active,
V-01713,P-0498,D-0370,H-0338,2026-08-23,11:45,10:20,45,Tingling in hand,fatigue|painful urination,Hematuria,moderate,127/85,71,36.9,94,61.7,152.5,14,Active,
V-01714,P-0498,D-0444,H-0194,2026-07-07,09:00,09:25,20,Thyroid review,headache|high fever,Typhoid and paratyphoid fevers,low,127/83,71,36.6,95,61.7,152.5,,Resolved,
V-01715,P-0499,D-0226,H-0227,2025-11-17,18:00,17:20,30,Hearing loss,wheezing|breathlessness,Bronchiectasis,low,109/73,69,36.6,94,49.5,140.1,14,Active,
V-01716,P-0499,D-0140,H-0327,2025-12-09,12:15,12:20,45,Pre-operative assessment,sleep disturbance|anxiety,Sleep disorders,high,111/67,72,37.7,98,49.5,140.1,,Resolved,
V-01717,P-0499,D-0133,H-0439,2026-10-04,14:30,14:12,,Post-operative review,stiffness|morning stiffness|tingling,Dorsalgia,moderate,109/74,69,36.6,98,49.5,140.1,,Pending,
V-01718,P-0499,D-0467,H-0135,2026-11-21,18:00,18:25,25,Tingling in hand,vomiting|weakness|fatigue|blood in stool,"Gastrointestinal hemorrhage, unspecified",high,119/77,82,37.8,92,49.5,140.1,7,Active,
V-01719,P-0499,D-0112,H-0302,2025-03-04,18:30,17:12,60,Wheezing,nausea|body ache,Fever of other and unknown origin,low,118/73,80,36.9,99,49.5,140.1,7,Active,
V-01720,P-0499,D-0246,H-0151,2026-06-04,17:30,16:15,,Irregular periods,breathlessness|fever|cough|confusion,"Pneumonia, unspecified organism",high,109/69,69,38.4,95,49.5,140.1,14,Pending,
V-01721,P-0499,D-0147,H-0268,2026-05-14,17:30,17:20,10,Thyroid review,irritability|hearing loss|sleep disturbance,Suppurative and unspecified otitis media,moderate,117/79,79,36.6,97,49.5,140.1,,Active,
V-01722,P-0499,D-0159,H-0490,2025-11-27,09:15,09:00,60,Post-operative review,confusion|memory loss|fainting|weakness in one limb|seizure,Epilepsy and recurrent seizures,severe,114/69,76,37.6,96,49.5,140.1,7,Resolved,
V-01723,P-0499,D-0015,H-0404,2025-11-25,15:15,15:25,10,Ear pain,constipation|mucus in stool|diarrhoea|bloating,Irritable bowel syndrome,moderate,111/68,72,37.3,97,49.5,140.1,90,Resolved,
V-01724,P-0500,D-0163,H-0329,2025-09-10,18:30,18:25,,Eye check-up,poor concentration|palpitations|sleep disturbance|fatigue|weakness,Malaise and fatigue,moderate,104/69,71,37.4,94,73.4,161.7,,Pending,
V-01725,P-0500,D-0217,H-0110,2026-07-17,10:45,09:25,60,Breathlessness on walking,hand pain|night pain|weakness in one limb|numbness|tingling,Mononeuropathies of upper limb,moderate,106/63,73,37.3,99,73.4,161.7,,Resolved,
V-01726,P-0500,D-0537,H-0377,2025-06-06,18:15,18:05,45,Ear pain,dry eyes|fatigue|eye pain,Disorders of refraction and accommodation,high,110/75,79,38.1,93,73.4,161.7,,Resolved,
V-01727,P-0500,D-0375,H-0171,2025-11-13,09:45,08:12,20,Foamy urine,neck pain|blurred vision|nausea,Migraine,moderate,108/72,77,36.7,97,73.4,161.7,,Resolved,
V-01728,P-0500,D-0346,H-0060,2026-10-01,12:00,12:20,60,Acidity,sleep disturbance|weakness,Malaise and fatigue,high,106/68,74,38.8,94,73.4,161.7,,Active,
V-01729,P-0501,D-0138,H-0289,2026-12-15,14:45,13:12,,Hair fall,fatigue|excessive thirst|abdominal pain|weight loss,Type 1 diabetes mellitus,severe,127/80,64,37.3,93,48.9,150.2,,Pending,
V-01730,P-0501,D-0107,H-0451,2026-06-10,13:30,13:30,30,Heavy periods,poor concentration|dizziness|chest pain|breathlessness|palpitations,Atrial fibrillation and flutter,moderate,126/85,62,37.5,98,48.9,150.2,,Resolved,
V-01731,P-0501,D-0424,H-0402,2025-08-24,10:30,09:10,20,Hearing loss,night pain|tingling|numbness,Mononeuropathies of upper limb,low,125/81,62,36.8,98,48.9,150.2,14,Active,
V-01732,P-0501,D-0117,H-0349,2025-11-16,18:30,18:00,30,Acidity,vomiting|nosebleed|rash,Dengue hemorrhagic fever,moderate,122/76,59,36.9,97,48.9,150.2,7,Resolved,
V-01733,P-0502,D-0077,H-0245,2025-03-04,09:15,08:15,10,Sleep disturbance,headache|memory loss|weakness in one limb|seizure|confusion,Epilepsy and recurrent seizures,low,118/74,76,37.0,98,64.5,171.6,,Active,
V-01734,P-0502,D-0317,H-0505,2026-04-13,19:45,18:00,45,Post-operative review,itching|rash|redness,Rash and other nonspecific skin eruption,moderate,112/76,69,36.6,96,64.5,171.6,14,Active,
V-01735,P-0502,D-0355,H-0494,2026-05-27,11:00,11:20,,Poor feeding,fatigue|fainting|palpitations|chest pain,Dizziness and giddiness,low,108/69,63,37.0,96,64.5,171.6,14,Pending,
V-01736,P-0503,D-0333,H-0509,2025-03-11,15:00,14:15,,Loose motions,cough|fatigue,Measles,moderate,123/77,65,37.5,94,58.2,154.3,,Pending,
V-01737,P-0503,D-0225,H-0286,2025-08-21,17:00,16:05,45,Acne,cough|wheezing|breathlessness,Asthma,low,131/86,73,37.3,100,58.2,154.3,,Resolved,
V-01738,P-0503,D-0131,H-0032,2026-01-20,10:00,09:05,,Palpitations,itching|redness|skin scaling,Other erythematous conditions,moderate,131/81,73,36.3,99,58.2,154.3,30,Pending,
V-01739,P-0503,D-0159,H-0490,2025-06-21,19:45,18:25,15,Pre-operative assessment,itching|body ache,Varicella [chickenpox],severe,130/80,72,37.4,96,58.2,154.3,,Active,
V-01740,P-0504,D-0256,H-0436,2025-09-14,18:15,18:25,15,Pre-operative assessment,weakness|fatigue|poor concentration|sleep disturbance,Malaise and fatigue,moderate,131/83,82,36.8,95,20.1,105.3,30,Resolved,
V-01741,P-0504,D-0007,H-0003,2025-08-27,18:45,18:15,25,Itching,sore throat|fever|hoarseness|difficulty swallowing,"Diseases of vocal cords and larynx, not elsewhere classified",moderate,128/85,78,36.9,95,20.1,105.3,14,Active,
V-01742,P-0504,D-0154,H-0339,2025-10-23,14:15,13:12,25,Wheezing,fatigue|headache|rash,Other mosquito-borne viral fevers,high,126/78,75,36.8,97,20.1,105.3,14,Active,
V-01743,P-0504,D-0514,H-0131,2025-07-16,12:45,11:25,60,Blurred vision,numbness|weakness|palpitations|fatigue|abdominal pain,"Other disorders of fluid, electrolyte and acid-base balance",moderate,126/83,76,36.5,96,20.1,105.3,,Active,
V-01744,P-0505,D-0019,H-0161,2025-08-12,09:00,09:25,10,Anxiety,sore throat|fever|difficulty swallowing,Acute pharyngitis,high,128/86,91,38.5,91,81.4,169.9,7,Resolved,
V-01745,P-0505,D-0533,H-0449,2026-03-06,17:30,16:25,30,Fit review,vomiting|neck pain|blurred vision|headache|nausea,Migraine,low,122/79,83,36.7,95,81.4,169.9,14,Active,
V-01746,P-0505,D-0366,H-0037,2025-01-15,17:30,17:12,,Irregular periods,difficulty swallowing|hoarseness,"Diseases of vocal cords and larynx, not elsewhere classified",high,116/70,74,37.7,98,81.4,169.9,,Pending,
V-01747,P-0508,D-0109,H-0239,2026-07-15,16:00,16:05,25,Chronic cough,blurred vision|eye pain|headache|dry eyes,Disorders of refraction and accommodation,high,134/91,82,36.9,94,57.7,150.6,30,Resolved,
V-01748,P-0508,D-0079,H-0273,2025-05-23,11:45,10:15,15,Post-operative review,skin scaling|redness,Psoriasis,high,127/86,73,38.5,95,57.7,150.6,,Active,
V-01749,P-0508,D-0295,H-0354,2025-02-24,15:15,14:30,30,Heavy periods,rash|redness,Psoriasis,moderate,136/89,84,36.5,98,57.7,150.6,7,Staged,
V-01750,P-0508,D-0437,H-0331,2026-05-12,12:15,12:00,,BP review,nausea|constipation,Other functional intestinal disorders,high,129/83,76,38.1,91,57.7,150.6,14,Pending,
V-01751,P-0509,D-0499,H-0347,2026-05-08,10:15,09:05,60,Breathlessness,rash|itching|redness,Other erythematous conditions,high,117/72,81,38.0,94,48.0,160.6,14,Active,
V-01752,P-0509,D-0480,H-0387,2026-02-12,19:30,18:05,10,Eye check-up,tingling|morning stiffness|body ache,Dorsalgia,moderate,117/79,82,36.9,95,48.0,160.6,7,Staged,
V-01753,P-0510,D-0180,H-0503,2025-04-19,14:00,13:25,30,Skin rash,rash|skin scaling|itching|redness,Other and unspecified dermatitis,moderate,124/78,86,36.6,98,41.6,136.9,90,Active,
V-01754,P-0510,D-0334,H-0270,2025-03-17,16:45,16:12,,Foamy urine,lower abdominal pain|urinary urgency|frequent urination|painful urination,Other disorders of urinary system,high,113/69,71,37.8,91,41.6,136.9,7,Pending,
V-01755,P-0511,D-0189,H-0492,2026-04-22,12:45,11:20,,Fit review,muscle ache|fatigue|numbness|palpitations,"Other disorders of fluid, electrolyte and acid-base balance",high,122/79,73,37.5,88,20.8,102.9,,Pending,
V-01756,P-0511,D-0104,H-0327,2025-09-19,10:45,10:15,20,Red eye,hoarseness|difficulty swallowing,"Diseases of vocal cords and larynx, not elsewhere classified",moderate,124/80,75,36.2,95,20.8,102.9,,Active,
V-01757,P-0512,D-0319,H-0169,2025-06-02,12:15,11:15,25,Weight change,headache|sleep disturbance|anxiety,"Reaction to severe stress, and adjustment disorders",moderate,106/69,66,37.1,99,72.7,163.3,,Active,
V-01758,P-0512,D-0297,H-0442,2026-09-16,17:45,16:20,15,Urinary urgency,fatigue|runny nose|cough,Acute upper respiratory infections of multiple and unspecified sites,low,111/75,72,37.0,95,72.7,163.3,14,Staged,
V-01759,P-0512,D-0090,H-0447,2026-03-21,11:45,11:25,30,Urinary urgency,fatigue|frequent urination,Hematuria,moderate,111/69,72,36.4,97,72.7,163.3,30,Active,
V-01760,P-0512,D-0036,H-0393,2025-05-16,09:45,09:10,25,Routine scan,weight loss|frequent urination|blurred vision,Type 2 diabetes mellitus,moderate,109/69,70,36.9,99,72.7,163.3,,Resolved,
V-01761,P-0512,D-0128,H-0100,2025-01-22,17:30,16:15,60,Antenatal check-up,redness|itching|hair loss|skin scaling,Other nonscarring hair loss,high,102/66,62,38.3,95,72.7,163.3,,Resolved,
V-01762,P-0512,D-0420,H-0386,2025-01-13,18:00,18:20,25,Pre-operative assessment,vomiting|breathlessness|fainting|chest pain,Acute myocardial infarction,moderate,109/74,70,36.6,99,72.7,163.3,,Active,
V-01763,P-0512,D-0168,H-0474,2026-06-03,14:00,13:20,,Abdominal pain,light sensitivity|watering eyes|red eye|blurred vision,Conjunctivitis,moderate,102/64,61,36.5,95,72.7,163.3,7,Pending,
V-01764,P-0514,D-0161,H-0364,2025-05-03,13:45,12:25,60,Sleep disturbance,rash|skin scaling|itching|redness|dry skin,Other and unspecified dermatitis,high,117/70,83,37.3,92,44.5,154.7,30,Active,
V-01765,P-0514,D-0470,H-0147,2025-07-24,15:30,14:05,60,Shoulder stiffness,weight loss|productive cough|fever|fatigue|cough,Respiratory tuberculosis,low,112/71,77,36.8,99,44.5,154.7,7,Active,
V-01766,P-0515,D-0520,H-0352,2025-12-12,14:00,14:25,60,Thyroid review,runny nose|headache,Viral infection of unspecified site,low,125/82,77,37.1,96,57.3,164.4,30,Active,
V-01767,P-0515,D-0268,H-0461,2025-07-23,10:00,10:30,15,Low mood,chest pain|productive cough|fatigue,Acute bronchitis,severe,127/85,79,37.8,96,57.3,164.4,7,Active,
V-01768,P-0515,D-0321,H-0030,2026-02-21,15:30,14:25,15,Urinary urgency,productive cough|fever|fatigue|cough,Acute bronchitis,low,124/75,75,36.6,98,57.3,164.4,,Resolved,
V-01769,P-0515,D-0406,H-0423,2025-05-13,09:45,09:25,10,Fever and body ache,rash|skin scaling|sleep disturbance|redness|dry skin,Atopic dermatitis,moderate,116/78,66,36.5,99,57.3,164.4,,Active,
V-01770,P-0515,D-0190,H-0455,2026-01-27,17:00,16:10,30,Shoulder stiffness,headache|eye pain|dry eyes|fatigue|blurred vision,Disorders of refraction and accommodation,severe,123/83,74,37.6,95,57.3,164.4,90,Resolved,
V-01771,P-0516,D-0131,H-0032,2025-01-24,16:00,16:20,20,Chest tightness on exertion,pelvic pain|painful periods,Leiomyoma of uterus,low,124/82,98,36.9,98,90.0,179.9,30,Resolved,
V-01772,P-0516,D-0037,H-0388,2025-10-03,14:45,13:30,,Irregular periods,fever|vomiting|weakness|abdominal pain|diarrhoea,"Infectious gastroenteritis and colitis, unspecified",low,113/68,81,36.7,100,90.0,179.9,7,Pending,
V-01773,P-0516,D-0059,H-0429,2025-03-14,17:30,16:00,25,Fit review,cough|fatigue|runny nose|body ache,Viral infection of unspecified site,low,122/77,96,36.3,94,90.0,179.9,7,Staged,
V-01774,P-0516,D-0348,H-0178,2025-01-04,16:00,16:00,25,Acne,vomiting|breathlessness|chest pain|fainting|nausea,Acute myocardial infarction,moderate,117/70,88,36.8,95,90.0,179.9,,Resolved,
V-01775,P-0516,D-0083,H-0130,2025-04-06,11:15,11:15,30,Follow-up for medication,cough|productive cough|fever|breathlessness,Acute bronchitis,moderate,118/80,89,36.4,97,90.0,179.9,,Active,
V-01776,P-0517,D-0226,H-0227,2025-10-07,18:15,17:30,25,Hearing loss,abdominal pain|nausea,Other functional intestinal disorders,moderate,121/78,69,37.3,100,74.9,168.3,,Active,
V-01777,P-0517,D-0094,H-0399,2025-11-15,11:45,11:00,45,Sugar review,fatigue|breathlessness on exertion|cold sweat,Angina pectoris,low,122/82,70,36.7,95,74.9,168.3,,Active,
V-01778,P-0517,D-0504,H-0226,2025-02-09,17:15,16:10,45,Hypertension review,sore throat|nasal congestion|runny nose,Acute nasopharyngitis [common cold],moderate,125/79,74,36.8,96,74.9,168.3,7,Resolved,
V-01779,P-0517,D-0091,H-0218,2025-10-14,11:15,11:25,10,Knee pain,fever|pain|discharge|blisters|redness,Anogenital herpesviral [herpes simplex] infections,high,130/83,80,38.3,88,74.9,168.3,14,Active,
V-01780,P-0517,D-0210,H-0219,2026-05-22,12:15,11:12,,Palpitations,frequent urination|painful urination,Other disorders of urinary system,moderate,125/79,74,37.2,99,74.9,168.3,,Pending,
V-01781,P-0519,D-0486,H-0362,2026-10-02,17:30,16:15,15,Loose motions,chest pain|blurred vision|dizziness,Essential (primary) hypertension,moderate,108/72,79,36.3,98,48.4,146.1,30,Resolved,
V-01782,P-0519,D-0171,H-0027,2025-09-12,13:30,12:00,20,Headache,difficulty swallowing|nausea|heartburn,Gastro-esophageal reflux disease,moderate,112/70,85,36.4,94,48.4,146.1,,Resolved,
V-01783,P-0520,D-0392,H-0081,2025-12-27,15:15,15:05,10,Blurred vision,body ache|headache,Viral infection of unspecified site,high,110/67,83,37.5,91,3.3,47.9,14,Active,
V-01784,P-0520,D-0508,H-0514,2026-01-07,11:15,11:00,10,Foamy urine,skin scaling|sleep disturbance,Atopic dermatitis,low,114/69,89,37.0,99,3.3,47.9,,Staged,
V-01785,P-0521,D-0047,H-0190,2025-02-08,19:45,18:30,60,Red eye,cough|breathlessness|breathlessness on exertion|chest tightness,Asthma,moderate,128/86,72,36.9,95,64.8,150.0,,Resolved,
V-01786,P-0521,D-0227,H-0205,2026-01-21,14:15,13:12,20,Burning urination,blurred vision|headache,Migraine,high,124/81,67,38.5,92,64.8,150.0,,Active,
V-01787,P-0521,D-0391,H-0200,2026-10-12,11:15,10:05,45,Tingling in hand,upper abdominal pain|indigestion,Cholelithiasis,moderate,126/77,69,36.7,96,64.8,150.0,,Resolved,
V-01788,P-0521,D-0408,H-0113,2026-05-08,12:00,11:25,15,Cough and cold,skin scaling|rash|redness|itching,Other and unspecified dermatitis,low,123/79,66,37.2,98,64.8,150.0,,Resolved,
V-01789,P-0521,D-0141,H-0054,2026-01-23,11:15,10:20,25,Headache,cough|fever,Cough,moderate,126/80,69,37.1,96,64.8,150.0,30,Active,
V-01790,P-0521,D-0217,H-0110,2026-08-25,17:15,16:30,10,Chest tightness on exertion,bloating|nausea|constipation,Other functional intestinal disorders,moderate,123/78,65,37.0,100,64.8,150.0,7,Resolved,
V-01791,P-0521,D-0067,H-0492,2025-08-22,14:45,13:00,10,Fit review,gum bleeding|toothache|painful chewing|bad breath,Gingivitis and periodontal diseases,moderate,124/82,67,36.6,97,64.8,150.0,,Resolved,
V-01792,P-0522,D-0335,H-0150,2026-05-13,16:30,15:05,25,Shoulder stiffness,high fever|vomiting|body ache,Typhoid and paratyphoid fevers,moderate,115/77,74,37.5,98,28.4,112.0,90,Resolved,
V-01793,P-0522,D-0066,H-0501,2026-01-23,11:00,11:15,15,Growth review,dizziness|fainting|chest pain,Dizziness and giddiness,moderate,119/71,79,37.0,100,28.4,112.0,14,Active,
V-01794,P-0523,D-0373,H-0512,2025-05-17,14:45,13:00,,Pre-operative assessment,fatigue|shortness of breath on lying flat|swollen ankles,Heart failure,moderate,117/72,96,36.9,99,72.5,172.4,,Pending,
V-01795,P-0523,D-0363,H-0473,2026-11-18,17:30,17:12,45,BP review,breathlessness on exertion|cold sweat|fatigue,Angina pectoris,moderate,111/71,87,36.3,97,72.5,172.4,90,Active,
V-01796,P-0524,D-0504,H-0226,2025-04-21,10:30,09:12,20,Breathlessness on walking,nosebleed|weakness,Dengue hemorrhagic fever,high,109/65,85,37.3,90,85.4,170.8,90,Active,
V-01797,P-0524,D-0006,H-0010,2026-09-09,18:45,17:10,15,Back pain,fatigue|cough|breathlessness|fever|weight loss,Respiratory tuberculosis,low,109/70,85,37.5,99,85.4,170.8,14,Resolved,
V-01798,P-0524,D-0108,H-0419,2025-11-03,10:00,09:20,45,Growth review,bloating|vomiting|indigestion|nausea|upper abdominal pain,Functional dyspepsia,high,100/62,72,38.4,96,85.4,170.8,,Active,
V-01799,P-0524,D-0430,H-0277,2026-07-16,12:30,11:30,20,Post-operative review,morning stiffness|lower back pain|back pain|stiffness|body ache,Dorsalgia,high,109/66,86,38.1,92,85.4,170.8,90,Resolved,
V-01800,P-0525,D-0363,H-0473,2025-04-26,09:45,08:15,25,BP review,pale skin|excessive periods|bruising|dizziness on standing,"Excessive, frequent and irregular menstruation",high,139/88,94,38.6,92,63.3,154.4,30,Resolved,
V-01801,P-0525,D-0366,H-0037,2026-07-02,15:45,14:05,45,Heavy periods,body ache|nausea|chills,Unspecified malaria,moderate,140/84,95,36.7,99,63.3,154.4,,Resolved,
V-01802,P-0526,D-0467,H-0135,2026-03-12,11:30,10:10,60,Tingling in hand,headache|nausea,Headache,high,123/77,77,38.2,89,44.0,155.2,7,Resolved,
V-01803,P-0526,D-0360,H-0504,2026-08-24,16:30,16:25,60,Anxiety,body ache|vomiting|rigors|high fever,Unspecified malaria,moderate,124/83,79,36.8,98,44.0,155.2,,Resolved,
V-01804,P-0526,D-0379,H-0199,2026-05-11,14:30,14:05,10,Chronic cough,breast pain|breast lump,Inflammatory disorders of breast,moderate,130/82,87,37.1,98,44.0,155.2,,Active,
V-01805,P-0526,D-0350,H-0454,2026-12-22,17:15,16:10,25,Post-operative review,itching|discharge|redness|pain|fever,Anogenital herpesviral [herpes simplex] infections,moderate,125/78,80,36.8,99,44.0,155.2,14,Active,
V-01806,P-0526,D-0173,H-0217,2025-08-18,12:45,11:25,60,Pre-operative assessment,sore throat|headache|runny nose,Acute upper respiratory infections of multiple and unspecified sites,low,123/76,77,36.4,97,44.0,155.2,90,Active,
V-01807,P-0526,D-0538,H-0165,2026-02-17,12:30,12:05,10,Acidity,vomiting|weakness,"Infectious gastroenteritis and colitis, unspecified",low,121/76,75,36.7,95,44.0,155.2,,Active,
V-01808,P-0527,D-0147,H-0268,2026-03-23,13:15,12:15,15,Sugar review,dizziness|chest pain|fainting,Dizziness and giddiness,high,127/78,79,37.2,98,43.3,154.2,7,Resolved,
V-01809,P-0527,D-0220,H-0126,2026-02-02,17:45,17:05,30,Irregular periods,headache|sneezing|nasal congestion,Acute nasopharyngitis [common cold],moderate,133/84,86,36.9,97,43.3,154.2,90,Staged,
V-01810,P-0527,D-0236,H-0165,2025-09-25,12:00,11:15,15,Blocked nose,difficulty swallowing|hoarseness|ear pain|fever|sore throat,"Diseases of vocal cords and larynx, not elsewhere classified",high,121/74,72,38.4,88,43.3,154.2,90,Resolved,
V-01811,P-0528,D-0510,H-0192,2026-08-19,13:15,13:30,,Red eye,fever|difficulty swallowing,Acute tonsillitis,moderate,140/91,74,36.5,96,67.4,172.6,,Pending,
V-01812,P-0529,D-0538,H-0165,2026-11-12,11:00,11:00,20,Acidity,breathlessness on exertion|shortness of breath on lying flat|swollen ankles|fatigue|breathlessness,Heart failure,low,134/90,65,36.4,99,60.2,152.4,90,Active,
V-01813,P-0529,D-0363,H-0473,2026-03-13,16:45,15:25,25,BP review,cough|productive cough|fever|fatigue|chest pain,Acute bronchitis,low,130/84,61,36.9,99,60.2,152.4,,Active,
V-01814,P-0529,D-0499,H-0347,2025-04-23,18:30,17:00,10,Wheezing,headache|fever|chills|fatigue,Fever of other and unknown origin,moderate,125/84,58,36.6,100,60.2,152.4,,Active,
V-01815,P-0529,D-0227,H-0205,2026-01-24,11:00,10:25,25,Urinary urgency,fainting|dizziness on standing,Volume depletion,high,125/85,58,38.6,96,60.2,152.4,,Active,
V-01816,P-0529,D-0306,H-0358,2026-10-16,15:15,14:30,25,Abdominal pain,runny nose|nasal congestion|headache|sneezing|low-grade fever,Acute nasopharyngitis [common cold],high,135/91,66,38.8,94,60.2,152.4,30,Active,
V-01817,P-0530,D-0530,H-0051,2025-02-02,10:45,10:00,10,Chronic cough,red eye|watering eyes|light sensitivity|eye pain,Conjunctivitis,high,127/83,71,37.8,88,52.5,148.0,30,Resolved,
V-01818,P-0530,D-0173,H-0217,2026-11-15,17:15,17:25,25,Post-operative review,frequent urination|urinary urgency|lower abdominal pain|painful urination|fever,Other disorders of urinary system,severe,114/76,58,37.9,91,52.5,148.0,,Resolved,
V-01819,P-0530,D-0130,H-0196,2026-03-08,11:30,11:30,30,Post-operative review,loss of appetite|low mood|fatigue|poor concentration,Depressive episode,moderate,117/72,61,37.4,96,52.5,148.0,7,Resolved,
V-01820,P-0530,D-0240,H-0503,2026-07-10,19:30,18:12,25,Ankle swelling,poor concentration|sleep disturbance|low mood|anxiety,Depressive episode,low,122/74,66,36.9,100,52.5,148.0,30,Active,
V-01821,P-0531,D-0275,H-0439,2026-04-04,18:15,17:10,60,Anxiety,light sensitivity|eye pain|red eye|watering eyes|itching,Conjunctivitis,moderate,133/86,69,36.6,99,63.0,152.1,,Resolved,
V-01822,P-0531,D-0197,H-0463,2025-05-09,19:30,19:12,,Heavy periods,breathlessness|cough|productive cough|chest pain|fatigue,Acute bronchitis,moderate,130/87,66,36.1,97,63.0,152.1,90,Pending,
V-01823,P-0531,D-0183,H-0094,2026-05-12,19:30,19:12,,Anxiety,cold intolerance|fatigue|dry skin,Other hypothyroidism,severe,136/89,73,38.2,92,63.0,152.1,7,Pending,
V-01824,P-0531,D-0231,H-0284,2025-09-18,13:15,12:10,30,Hypertension review,tenderness|joint pain|joint swelling,"Other joint disorder, not elsewhere classified",moderate,141/89,78,37.0,97,63.0,152.1,,Resolved,
V-01825,P-0531,D-0024,H-0325,2025-08-22,18:15,18:05,20,BP review,swollen ankles|shortness of breath on lying flat|breathlessness on exertion|fatigue,Heart failure,severe,144/92,81,38.2,90,63.0,152.1,,Staged,
V-01826,P-0532,D-0412,H-0246,2025-04-09,15:30,14:10,60,Pre-operative assessment,redness|skin scaling|rash|itching,Psoriasis,high,135/83,84,37.8,95,75.3,158.3,,Resolved,
V-01827,P-0532,D-0522,H-0463,2025-08-19,10:30,10:30,30,BP review,numbness|weakness in one limb|night pain|hand pain,Mononeuropathies of upper limb,high,131/87,79,39.1,92,75.3,158.3,90,Resolved,
V-01828,P-0532,D-0176,H-0059,2026-04-25,09:15,08:25,20,Irregular periods,dizziness on standing|fainting,Syncope and collapse,moderate,131/86,79,37.0,97,75.3,158.3,,Resolved,
V-01829,P-0532,D-0131,H-0032,2025-05-06,12:45,12:10,20,Palpitations,fever|passing blood in urine,Calculus of kidney and ureter,low,125/81,72,37.0,95,75.3,158.3,,Staged,
V-01830,P-0532,D-0313,H-0504,2026-01-28,12:15,11:00,60,Sugar review,breathlessness|cough|fever|productive cough,Cough,low,129/83,76,37.2,95,75.3,158.3,,Resolved,
V-01831,P-0533,D-0332,H-0335,2025-10-04,15:45,15:10,,Post-operative review,sore throat|headache|difficulty swallowing|swollen glands|fever,Acute tonsillitis,low,120/75,80,36.5,96,27.5,121.9,30,Pending,
V-01832,P-0533,D-0140,H-0327,2025-08-09,12:15,12:15,25,Post-operative review,sore throat|headache|sneezing,Acute nasopharyngitis [common cold],moderate,125/78,87,37.1,96,27.5,121.9,,Resolved,
V-01833,P-0533,D-0049,H-0063,2026-02-12,16:45,16:05,15,Stone review,abdominal pain|fatigue|headache,Typhoid and paratyphoid fevers,low,116/74,75,36.7,99,27.5,121.9,30,Active,
V-01834,P-0533,D-0281,H-0276,2026-11-24,17:00,17:15,10,Tingling in hand,memory loss|weakness in one limb|seizure,Epilepsy and recurrent seizures,moderate,121/76,81,36.7,97,27.5,121.9,14,Active,
V-01835,P-0533,D-0441,H-0018,2026-03-04,19:15,19:12,25,Fever,ear discharge|fever|hearing loss,Suppurative and unspecified otitis media,moderate,115/70,73,36.9,97,27.5,121.9,30,Resolved,
V-01836,P-0533,D-0505,H-0233,2025-09-27,16:45,15:12,,Post-operative review,redness|itching|dry skin|skin scaling,Other and unspecified dermatitis,low,119/80,79,37.2,99,27.5,121.9,,Pending,
V-01837,P-0533,D-0050,H-0342,2025-10-24,14:30,14:10,25,Antenatal check-up,low-grade fever|sneezing,Acute nasopharyngitis [common cold],low,116/75,74,36.8,97,27.5,121.9,,Active,
V-01838,P-0534,D-0305,H-0463,2026-02-10,19:15,18:15,10,Wheezing,confusion|cough|productive cough|chest pain|fatigue,"Pneumonia, unspecified organism",moderate,115/78,76,36.9,94,52.2,154.5,,Active,
V-01839,P-0534,D-0252,H-0233,2025-01-24,14:30,14:15,25,Sugar review,poor concentration|nocturia|weak stream,Benign prostatic hyperplasia,moderate,117/79,79,36.6,96,52.2,154.5,14,Resolved,
V-01840,P-0534,D-0502,H-0444,2026-10-06,18:15,17:12,20,Acidity,hearing loss|ringing in ears|ear pain|vomiting|nausea,Disorders of vestibular function,high,118/77,80,38.0,92,52.2,154.5,7,Resolved,
V-01841,P-0535,D-0148,H-0060,2026-04-14,10:15,09:00,10,Knee pain,fever|blisters,Varicella [chickenpox],high,113/74,63,38.2,95,64.5,164.9,,Active,
V-01842,P-0535,D-0119,H-0333,2026-11-19,14:15,13:25,20,Thyroid review,joint pain|headache|vomiting,Dengue fever [classical dengue],moderate,118/76,69,36.7,97,64.5,164.9,14,Active,
V-01843,P-0535,D-0392,H-0081,2025-04-27,19:00,19:00,45,Red eye,fever|ear pain|facial pain|difficulty swallowing,Diseases of pulp and periapical tissues,moderate,125/83,77,37.0,95,64.5,164.9,,Resolved,
V-01844,P-0535,D-0320,H-0258,2025-07-14,12:15,12:10,,Fracture follow-up,skin scaling|itching,Other and unspecified dermatitis,moderate,119/72,70,37.8,100,64.5,164.9,90,Pending,
V-01845,P-0535,D-0420,H-0386,2025-07-26,09:45,09:15,15,Pre-operative assessment,vomiting|nausea|diarrhoea|abdominal pain|fever,"Infectious gastroenteritis and colitis, unspecified",moderate,113/74,62,36.5,95,64.5,164.9,7,Resolved,
V-01846,P-0535,D-0521,H-0136,2025-03-03,10:15,09:25,25,Post-operative review,nausea|vomiting|jaundice|upper abdominal pain|weight loss,Alcoholic liver disease,severe,119/77,70,37.5,90,64.5,164.9,7,Resolved,
V-01847,P-0535,D-0264,H-0057,2026-03-24,16:15,15:30,60,Ear pain,upper abdominal pain|dizziness on standing,Hematemesis,low,124/78,76,36.8,97,64.5,164.9,7,Active,
V-01848,P-0535,D-0118,H-0063,2026-05-10,17:00,17:00,,Fever and body ache,weight loss|vomiting|jaundice,Alcoholic liver disease,moderate,115/71,65,36.9,96,64.5,164.9,7,Pending,
V-01849,P-0536,D-0281,H-0276,2026-07-09,18:15,17:15,,Fit review,tenderness|joint swelling|joint pain|morning stiffness,"Other joint disorder, not elsewhere classified",moderate,117/72,90,37.2,94,73.7,169.3,14,Pending,
V-01850,P-0536,D-0132,H-0015,2025-03-01,15:15,14:12,,Hypertension review,cold intolerance|fatigue,Other hypothyroidism,moderate,120/76,95,36.9,97,73.7,169.3,,Pending,
V-01851,P-0537,D-0297,H-0442,2025-01-14,12:45,11:00,30,Burning urination,rash|fever|itching,Rash and other nonspecific skin eruption,moderate,126/83,65,36.7,96,18.9,89.8,7,Active,
V-01852,P-0537,D-0361,H-0505,2026-12-19,12:15,12:25,30,Irregular periods,weight loss|breathlessness|fatigue|productive cough|night sweats,Respiratory tuberculosis,low,130/87,69,36.5,94,18.9,89.8,7,Active,
V-01853,P-0537,D-0098,H-0044,2026-02-27,14:30,14:20,45,Wheezing,watering eyes|red eye|itching,Conjunctivitis,severe,132/88,71,37.9,97,18.9,89.8,14,Active,
V-01854,P-0537,D-0082,H-0148,2026-10-28,13:45,13:00,20,Stone review,rash|high fever,Dengue fever [classical dengue],moderate,127/81,66,36.6,96,18.9,89.8,30,Resolved,
V-01855,P-0538,D-0163,H-0329,2026-12-06,12:15,12:15,20,Red eye,rash|headache,Other mosquito-borne viral fevers,moderate,108/67,70,36.8,99,17.6,98.4,,Resolved,
V-01856,P-0538,D-0226,H-0227,2026-10-26,12:30,11:05,45,Blocked nose,night sweats|cough,Respiratory tuberculosis,high,112/70,75,37.4,93,17.6,98.4,,Resolved,
V-01857,P-0538,D-0028,H-0381,2026-05-21,12:15,12:20,60,Fracture follow-up,abdominal pain|nausea,Abdominal and pelvic pain,moderate,104/67,65,36.6,97,17.6,98.4,90,Resolved,
V-01858,P-0538,D-0499,H-0347,2026-12-08,13:15,12:00,15,Wheezing,chills|nausea|fever|fatigue|body ache,Fever of other and unknown origin,high,104/63,64,37.0,91,17.6,98.4,7,Resolved,
V-01859,P-0538,D-0193,H-0418,2026-08-10,14:30,14:30,45,Urinary urgency,weakness|vomiting|diarrhoea|fever,"Infectious gastroenteritis and colitis, unspecified",high,109/73,71,38.0,94,17.6,98.4,,Active,
V-01860,P-0538,D-0011,H-0008,2026-05-23,16:15,16:20,15,Sleep disturbance,chest tightness|cough|breathlessness,Asthma,moderate,112/73,75,36.7,94,17.6,98.4,,Active,
V-01861,P-0539,D-0205,H-0268,2026-03-13,10:30,09:10,30,Fever,runny nose|cough|headache,Viral infection of unspecified site,moderate,112/71,84,36.8,94,24.5,109.0,,Active,
V-01862,P-0539,D-0273,H-0129,2026-02-05,16:15,16:00,25,Fracture follow-up,difficulty swallowing|fever|hoarseness|sore throat|ear pain,"Diseases of vocal cords and larynx, not elsewhere classified",moderate,102/67,70,36.7,99,24.5,109.0,14,Active,
V-01863,P-0539,D-0147,H-0268,2025-06-12,15:15,14:25,45,Weight change,confusion|memory loss|weakness in one limb|seizure|fainting,Epilepsy and recurrent seizures,severe,102/64,69,38.1,93,24.5,109.0,90,Active,
V-01864,P-0539,D-0452,H-0022,2026-08-15,09:15,09:10,30,Burning urination,chest pain|productive cough|fever,Acute bronchitis,low,102/69,70,36.6,94,24.5,109.0,,Resolved,
V-01865,P-0539,D-0201,H-0354,2025-10-16,16:15,16:25,45,Fracture follow-up,abdominal pain|diarrhoea|vomiting|nausea|lower abdominal pain,Abdominal and pelvic pain,low,104/64,72,36.7,97,24.5,109.0,7,Active,
V-01866,P-0539,D-0451,H-0176,2025-06-06,09:45,09:30,45,Knee pain,difficulty swallowing|facial pain,Diseases of pulp and periapical tissues,severe,105/63,73,38.2,95,24.5,109.0,7,Active,
V-01867,P-0539,D-0245,H-0475,2026-12-14,16:15,15:05,25,Post-operative review,itching|red eye|blurred vision,Conjunctivitis,moderate,111/73,81,36.3,97,24.5,109.0,14,Active,
V-01868,P-0540,D-0105,H-0156,2025-11-22,19:45,19:30,20,Post-operative review,night sweats|breathlessness|rigors|confusion,Miliary tuberculosis,moderate,118/79,73,36.7,95,71.9,174.1,14,Staged,
V-01869,P-0540,D-0357,H-0057,2026-04-07,15:45,14:20,15,Hearing loss,sleep disturbance|wheezing,Asthma,high,118/75,72,37.9,91,71.9,174.1,,Resolved,
V-01870,P-0540,D-0521,H-0136,2026-02-22,14:45,13:10,,Pre-operative assessment,fever|feeding difficulty|breathlessness|cough,Whooping cough,moderate,118/72,73,36.7,97,71.9,174.1,90,Pending,
V-01871,P-0540,D-0141,H-0054,2026-06-19,17:00,17:25,25,Headache,redness|itching|fever,Rash and other nonspecific skin eruption,high,123/78,79,37.9,92,71.9,174.1,30,Active,
V-01872,P-0541,D-0479,H-0072,2025-03-16,11:45,10:12,30,Growth review,dizziness|dizziness on standing|fainting|fatigue,Hypotension,moderate,104/66,79,36.2,98,82.8,167.9,7,Active,
V-01873,P-0541,D-0074,H-0008,2026-02-03,16:15,15:05,,Chest tightness on exertion,fatigue|excessive thirst|poor concentration,Elevated blood glucose level,moderate,108/68,86,36.7,98,82.8,167.9,14,Pending,
V-01874,P-0542,D-0140,H-0327,2025-07-23,12:00,12:10,10,Post-operative review,palpitations|fatigue,"Other disorders of fluid, electrolyte and acid-base balance",low,132/84,65,36.7,98,55.1,165.5,,Active,
V-01875,P-0542,D-0053,H-0493,2025-11-13,13:30,12:20,20,Fever,joint pain|sleep disturbance,Overweight and obesity,moderate,133/86,66,36.2,97,55.1,165.5,,Active,
V-01876,P-0542,D-0246,H-0151,2026-12-10,09:30,09:30,25,Heavy periods,body ache|weakness,Other disorders of muscle,moderate,135/89,67,36.5,96,55.1,165.5,,Active,
V-01877,P-0542,D-0141,H-0054,2026-09-24,16:00,15:30,15,Headache,palpitations|poor concentration|dizziness,Other anxiety disorders,high,131/82,64,38.6,90,55.1,165.5,30,Staged,
V-01878,P-0542,D-0310,H-0178,2026-11-27,19:30,18:25,45,Foamy urine,dry skin|redness|skin scaling|rash,Other and unspecified dermatitis,high,139/93,71,38.8,90,55.1,165.5,90,Resolved,
V-01879,P-0543,D-0444,H-0194,2025-06-05,17:30,16:12,60,Thyroid review,headache|sore throat|nasal congestion|runny nose,Acute nasopharyngitis [common cold],moderate,130/82,81,36.8,98,32.4,129.8,90,Active,
V-01880,P-0543,D-0197,H-0463,2026-06-10,18:00,17:00,45,Antenatal check-up,swelling of feet|itching|discharge|redness,Other local infections of skin and subcutaneous tissue,low,119/73,68,36.4,95,32.4,129.8,30,Resolved,
V-01881,P-0543,D-0313,H-0504,2026-08-26,13:15,13:00,,Thyroid review,sore throat|fever|difficulty swallowing|hoarseness,"Diseases of vocal cords and larynx, not elsewhere classified",low,121/80,70,37.0,95,32.4,129.8,30,Pending,
V-01882,P-0543,D-0210,H-0219,2026-03-23,16:45,15:10,10,Ankle swelling,pain|headache|itching|fever|body ache,Varicella [chickenpox],low,118/78,67,36.6,98,32.4,129.8,,Staged,
V-01883,P-0543,D-0028,H-0381,2025-05-14,19:15,19:20,45,Back pain,sore throat|swollen glands|fever,Acute pharyngitis,moderate,127/82,77,36.4,98,32.4,129.8,,Active,
V-01884,P-0544,D-0228,H-0031,2026-10-25,10:45,10:15,10,Loose motions,poor concentration|chest pain|sleep disturbance,"Reaction to severe stress, and adjustment disorders",low,135/82,76,36.6,100,69.6,174.3,,Resolved,
V-01885,P-0544,D-0214,H-0192,2026-09-22,17:15,16:20,25,Heavy periods,body ache|tenderness|muscle ache|fatigue|headache,"Other and unspecified soft tissue disorders, not elsewhere classified",high,131/83,72,38.1,94,69.6,174.3,,Resolved,
V-01886,P-0544,D-0130,H-0196,2026-10-24,14:15,14:12,10,Post-operative review,chest pain|fever|fatigue|productive cough|cough,Acute bronchitis,severe,134/89,75,39.0,95,69.6,174.3,7,Active,
V-01887,P-0545,D-0404,H-0107,2025-01-16,14:30,14:05,30,BP review,fatigue|lower abdominal pain|pelvic pain|frequent urination|painful urination,Unspecified lump in breast,moderate,129/85,80,36.7,94,58.1,149.9,,Active,
V-01888,P-0545,D-0069,H-0383,2025-02-18,16:00,16:05,10,Sore throat,neck pain|light sensitivity,Migraine,low,133/85,85,36.7,95,58.1,149.9,,Active,
V-01889,P-0545,D-0283,H-0172,2025-11-25,10:00,10:00,60,Pre-operative assessment,fatigue|fever,Bronchiectasis,low,127/78,77,36.2,95,58.1,149.9,90,Active,
V-01890,P-0545,D-0025,H-0048,2026-10-18,15:45,14:05,10,Weight change,constipation|dry skin|fatigue,Other hypothyroidism,high,128/83,79,37.7,89,58.1,149.9,,Active,
V-01891,P-0546,D-0158,H-0085,2026-04-02,15:30,14:25,25,Follow-up for medication,rash|redness|itching|fever,Rash and other nonspecific skin eruption,moderate,135/89,75,36.9,99,25.1,115.9,,Active,
V-01892,P-0546,D-0354,H-0154,2025-05-20,15:30,15:05,60,Fit review,fatigue|runny nose|low-grade fever|sneezing|nasal congestion,Acute nasopharyngitis [common cold],moderate,135/90,75,36.8,99,25.1,115.9,,Resolved,
V-01893,P-0546,D-0039,H-0419,2025-10-09,17:30,16:20,45,Fever,irritability|sleep disturbance|hearing loss|ear pain|fever,Suppurative and unspecified otitis media,moderate,130/79,69,37.0,100,25.1,115.9,,Active,
V-01894,P-0547,D-0539,H-0384,2026-07-13,13:45,12:15,45,Urinary urgency,nausea|headache|light sensitivity|blurred vision,Migraine,moderate,116/75,84,37.1,95,54.0,154.2,7,Resolved,
V-01895,P-0547,D-0136,H-0480,2026-11-13,19:15,19:12,20,Low mood,itching|redness|skin scaling,Other nonscarring hair loss,low,111/71,77,37.0,98,54.0,154.2,,Active,
V-01896,P-0548,D-0479,H-0072,2026-01-02,13:30,12:15,45,Cough,headache|swollen glands|difficulty swallowing|sore throat|fever,Acute pharyngitis,moderate,131/80,74,37.1,99,36.7,136.2,,Active,
V-01897,P-0548,D-0032,H-0388,2026-11-13,14:30,14:05,,Hearing loss,nosebleed|vomiting,Dengue hemorrhagic fever,high,133/82,77,37.4,98,36.7,136.2,,Pending,
V-01898,P-0548,D-0220,H-0126,2025-07-08,16:45,15:15,15,Heavy periods,itching|headache|pain,Varicella [chickenpox],high,125/82,68,37.7,90,36.7,136.2,,Active,
V-01899,P-0550,D-0038,H-0255,2026-04-24,19:30,19:30,60,Thyroid review,pain|headache|body ache|blisters|fever,Varicella [chickenpox],low,123/78,68,36.5,94,64.0,166.4,,Active,
V-01900,P-0550,D-0200,H-0465,2025-06-12,09:15,08:25,,Headache,blurred vision|dizziness|chest pain|palpitations|headache,Essential (primary) hypertension,moderate,125/76,70,36.3,96,64.0,166.4,7,Pending,
V-01901,P-0550,D-0505,H-0233,2025-04-15,11:00,11:12,20,Post-operative review,productive cough|night sweats|weight loss,Respiratory tuberculosis,moderate,129/78,75,36.6,99,64.0,166.4,30,Active,
V-01902,P-0550,D-0403,H-0063,2026-01-10,13:15,12:00,45,Thyroid review,palpitations|anxiety,Other anxiety disorders,moderate,119/72,63,36.7,98,64.0,166.4,,Resolved,
V-01903,P-0550,D-0204,H-0259,2026-07-07,17:30,16:05,30,Red eye,palpitations|breathlessness on exertion|fatigue|chest pain|cold sweat,Angina pectoris,moderate,118/77,62,36.9,95,64.0,166.4,14,Active,
V-01904,P-0550,D-0409,H-0433,2026-04-15,19:15,18:15,15,Fever,numbness|tingling|weakness in one limb|night pain|hand pain,Mononeuropathies of upper limb,high,126/84,71,38.1,94,64.0,166.4,,Active,
V-01905,P-0551,D-0146,H-0273,2025-04-20,19:30,19:20,10,Fever and body ache,skin scaling|itching,Atopic dermatitis,moderate,129/87,70,36.4,100,26.4,122.1,,Resolved,
V-01906,P-0551,D-0100,H-0129,2026-12-15,19:15,19:12,,Ear pain,sleep disturbance|skin scaling,Atopic dermatitis,moderate,136/89,76,37.2,95,26.4,122.1,14,Pending,
V-01907,P-0551,D-0179,H-0144,2026-02-05,17:00,17:30,25,Cough,bleeding gums|bruising,Dengue hemorrhagic fever,moderate,139/85,81,36.9,98,26.4,122.1,,Active,
V-01908,P-0551,D-0137,H-0145,2025-03-11,15:45,14:15,45,Headache,fever|difficulty swallowing|ear pain|facial pain,Diseases of pulp and periapical tissues,low,135/88,76,36.2,97,26.4,122.1,90,Active,
V-01909,P-0551,D-0067,H-0492,2025-08-24,09:45,08:30,15,Fit review,swollen glands|sore throat,Acute pharyngitis,moderate,129/83,70,36.8,99,26.4,122.1,,Resolved,
V-01910,P-0551,D-0319,H-0169,2025-01-27,11:30,10:12,20,Thyroid review,runny nose|sore throat,Acute nasopharyngitis [common cold],moderate,138/89,80,37.0,96,26.4,122.1,,Resolved,
V-01911,P-0552,D-0044,H-0172,2025-09-02,13:45,12:25,30,Acne,fatigue|sneezing|low-grade fever|headache|nasal congestion,Acute nasopharyngitis [common cold],moderate,113/68,86,37.4,99,49.7,163.2,,Resolved,
V-01912,P-0552,D-0041,H-0457,2025-02-07,16:45,16:12,10,Shoulder stiffness,rash|itching|dry skin,Other and unspecified dermatitis,moderate,116/76,91,36.6,97,49.7,163.2,7,Active,
V-01913,P-0553,D-0191,H-0237,2026-10-17,17:00,17:25,25,Antenatal check-up,itching|skin scaling|rash|redness,Other erythematous conditions,moderate,111/72,75,36.5,95,28.3,121.2,30,Resolved,
V-01914,P-0553,D-0353,H-0213,2026-09-14,17:00,16:25,20,Anxiety,irritability|ear pain,Suppurative and unspecified otitis media,low,111/74,76,36.8,97,28.3,121.2,7,Active,
V-01915,P-0553,D-0325,H-0368,2025-04-22,18:30,17:05,10,Loose motions,dizziness|fatigue,Dizziness and giddiness,moderate,101/67,62,37.0,98,28.3,121.2,90,Active,
V-01916,P-0554,D-0124,H-0056,2026-11-11,15:00,15:15,30,Low mood,breathlessness|breathlessness on exertion|chest tightness|cough|sleep disturbance,Asthma,low,123/82,80,37.0,95,23.2,102.9,14,Resolved,
V-01917,P-0554,D-0361,H-0505,2026-08-25,16:15,15:25,25,Heavy periods,redness|dry skin,Other and unspecified dermatitis,low,118/71,73,36.5,96,23.2,102.9,,Active,
V-01918,P-0554,D-0010,H-0001,2025-11-18,15:15,14:15,,Foamy urine,muscle ache|numbness|fatigue,"Other disorders of fluid, electrolyte and acid-base balance",moderate,119/78,74,36.8,97,23.2,102.9,7,Pending,
V-01919,P-0555,D-0016,H-0228,2026-02-03,15:30,14:25,60,Sugar review,ringing in ears|vomiting|hearing loss,Disorders of vestibular function,low,135/85,82,36.5,97,58.1,170.0,,Resolved,
V-01920,P-0555,D-0356,H-0139,2026-06-26,16:45,15:15,,Burning urination,bloating|heartburn,Other and unspecified noninfective gastroenteritis and colitis,moderate,128/86,73,36.9,96,58.1,170.0,,Pending,
V-01921,P-0556,D-0144,H-0450,2026-08-27,15:45,14:00,25,Hypertension review,fatigue|cold sweat|palpitations|breathlessness on exertion,Angina pectoris,moderate,103/70,76,36.9,97,57.6,157.9,,Resolved,
V-01922,P-0556,D-0143,H-0447,2026-03-02,10:00,10:25,15,Headache,anxiety|irritability|sleep disturbance|headache,Sleep disorders,moderate,114/77,93,36.4,95,57.6,157.9,,Staged,
V-01923,P-0557,D-0271,H-0510,2025-10-07,16:00,15:05,20,Acne,joint pain|poor concentration|weight gain|breathlessness on exertion|sleep disturbance,Overweight and obesity,moderate,145/94,79,37.3,99,48.4,161.0,,Active,
V-01924,P-0557,D-0070,H-0040,2026-04-24,15:30,14:12,25,Thyroid review,hair loss|skin scaling|itching|redness,Other nonscarring hair loss,high,139/93,72,37.1,96,48.4,161.0,90,Resolved,
V-01925,P-0557,D-0233,H-0385,2026-06-13,10:45,09:25,25,Stone review,fatigue|feeding difficulty|vomiting|fever,Whooping cough,moderate,131/79,64,37.0,97,48.4,161.0,,Resolved,
V-01926,P-0557,D-0296,H-0292,2025-03-14,11:30,10:15,30,Burning urination,abdominal pain|fever|vomiting|nausea,"Infectious gastroenteritis and colitis, unspecified",moderate,140/92,74,37.0,97,48.4,161.0,,Resolved,
V-01927,P-0557,D-0509,H-0362,2026-04-27,13:30,12:20,,Growth review,fever|body ache|blisters,Varicella [chickenpox],low,131/84,64,36.4,96,48.4,161.0,30,Pending,
V-01928,P-0558,D-0437,H-0331,2025-05-14,12:00,11:12,25,Swelling of feet,vomiting|weight loss|fatigue|excessive thirst,Type 1 diabetes mellitus,moderate,134/88,78,36.9,100,66.0,167.1,,Active,
V-01929,P-0558,D-0328,H-0371,2026-05-21,14:45,13:20,60,Acidity,fatigue|rash|irritability|runny nose|high fever,Measles,high,133/86,77,38.1,90,66.0,167.1,,Resolved,
V-01930,P-0558,D-0375,H-0171,2025-09-10,11:15,10:12,25,Foamy urine,nasal congestion|sneezing|fatigue|headache|sore throat,Acute nasopharyngitis [common cold],low,132/85,76,36.5,96,66.0,167.1,,Resolved,
V-01931,P-0558,D-0374,H-0186,2025-03-20,15:45,14:30,10,Acne,wheezing|sleep disturbance|breathlessness on exertion|chest tightness,Asthma,moderate,139/84,84,36.5,100,66.0,167.1,,Resolved,
V-01932,P-0558,D-0252,H-0233,2025-01-16,17:30,16:15,60,Sugar review,runny nose|high fever|rash|cough|red eye,Measles,low,135/87,80,36.4,100,66.0,167.1,30,Active,
V-01933,P-0558,D-0374,H-0186,2025-10-05,19:30,18:05,10,Itching,rash|skin scaling|redness|dry skin,Other and unspecified dermatitis,moderate,141/92,86,36.7,99,66.0,167.1,90,Active,
V-01934,P-0559,D-0306,H-0358,2026-06-24,14:00,14:10,20,Acidity,confusion|memory loss|fainting|headache,Epilepsy and recurrent seizures,moderate,106/69,75,36.7,97,37.0,136.2,,Active,
V-01935,P-0559,D-0125,H-0091,2025-10-05,18:30,18:30,30,Routine scan,fever|headache|cough|body ache,Viral infection of unspecified site,moderate,116/74,91,36.5,95,37.0,136.2,90,Active,
V-01936,P-0559,D-0092,H-0271,2026-02-01,13:30,12:05,60,Hearing loss,chest tightness|wheezing|breathlessness|breathlessness on exertion,Asthma,moderate,105/68,74,36.5,95,37.0,136.2,7,Active,
V-01937,P-0559,D-0022,H-0117,2025-12-16,10:00,10:20,20,Fever,fatigue|headache|body ache,Fever of other and unknown origin,low,106/64,76,36.8,99,37.0,136.2,,Active,
V-01938,P-0559,D-0142,H-0015,2026-03-07,11:45,10:15,20,Growth review,blisters|pain|headache,Varicella [chickenpox],moderate,108/67,80,36.8,96,37.0,136.2,30,Staged,
V-01939,P-0560,D-0405,H-0019,2025-05-20,15:45,15:30,45,Skin rash,upper abdominal pain|heartburn|cough|indigestion|difficulty swallowing,Gastro-esophageal reflux disease,moderate,108/67,77,36.3,96,78.9,167.9,7,Active,
V-01940,P-0561,D-0112,H-0302,2026-05-28,16:45,15:05,30,Wheezing,fever|vomiting|passing blood in urine|nausea,Calculus of kidney and ureter,low,116/72,62,37.3,94,66.5,163.2,,Active,
V-01941,P-0561,D-0508,H-0514,2025-06-11,14:15,14:20,20,Foamy urine,palpitations|fatigue|weakness,Malaise and fatigue,low,115/74,61,36.9,97,66.5,163.2,7,Active,
V-01942,P-0561,D-0270,H-0112,2026-11-17,17:30,16:20,10,Fit review,weight gain|breathlessness on exertion|joint pain,Overweight and obesity,severe,114/72,60,38.5,91,66.5,163.2,14,Active,
V-01943,P-0561,D-0335,H-0150,2026-05-28,11:45,10:05,30,Fracture follow-up,vomiting|upper abdominal pain|indigestion|nausea|fatigue,Cholelithiasis,low,118/78,64,37.0,99,66.5,163.2,,Staged,
V-01944,P-0561,D-0179,H-0144,2025-02-01,12:15,11:05,25,Growth review,blurred vision|fatigue,Disorders of refraction and accommodation,moderate,121/74,67,36.8,94,66.5,163.2,,Active,
V-01945,P-0562,D-0111,H-0477,2025-10-01,17:30,16:15,60,Breathlessness,difficulty swallowing|headache,Acute tonsillitis,high,127/78,80,38.9,94,52.2,164.4,7,Active,
V-01946,P-0563,D-0223,H-0298,2025-11-20,14:45,13:20,20,Heavy periods,redness|skin scaling|rash|itching,Other erythematous conditions,moderate,115/75,66,36.3,99,41.0,157.7,7,Resolved,
V-01947,P-0563,D-0357,H-0057,2025-06-17,15:15,14:15,60,Sore throat,swelling of feet|itching|redness|discharge,Other local infections of skin and subcutaneous tissue,low,127/82,80,36.4,97,41.0,157.7,14,Active,
V-01948,P-0563,D-0380,H-0007,2025-10-15,18:15,18:00,15,Chronic cough,skin scaling|redness,Other and unspecified dermatitis,low,122/83,74,38.0,96,41.0,157.7,7,Staged,
V-01949,P-0563,D-0058,H-0488,2026-04-14,19:15,19:20,15,Breathlessness on walking,nausea|vomiting|frequent urination|fatigue|weight loss,Type 1 diabetes mellitus,moderate,126/82,79,36.1,95,41.0,157.7,7,Active,
V-01950,P-0563,D-0428,H-0388,2025-10-19,13:15,12:15,10,Hypertension review,headache|fever|difficulty swallowing,Acute pharyngitis,high,128/81,81,38.2,95,41.0,157.7,,Active,
V-01951,P-0564,D-0435,H-0024,2026-04-10,16:45,15:25,30,Post-operative review,weakness|fainting,Syncope and collapse,moderate,135/90,78,36.9,96,65.9,159.8,14,Resolved,
V-01952,P-0564,D-0306,H-0358,2026-02-17,10:15,09:10,,Abdominal pain,nausea|itching,Nephrotic syndrome,low,145/96,90,37.1,99,65.9,159.8,,Pending,
V-01953,P-0564,D-0130,H-0196,2026-05-06,17:30,17:05,15,Pre-operative assessment,fatigue|excessive thirst|poor concentration|night sweats,Type 2 diabetes mellitus,moderate,135/84,78,36.1,94,65.9,159.8,90,Resolved,
V-01954,P-0564,D-0017,H-0307,2026-03-28,10:30,09:00,60,Low mood,fatigue|upper abdominal pain|vomiting|dizziness on standing|weakness,Hematemesis,moderate,133/82,77,36.5,96,65.9,159.8,30,Staged,
V-01955,P-0564,D-0008,H-0006,2026-04-10,10:15,09:25,30,Fever and body ache,blurred vision|fatigue|headache,Disorders of refraction and accommodation,low,146/88,91,37.7,97,65.9,159.8,90,Active,
V-01956,P-0564,D-0486,H-0362,2025-04-16,11:45,10:15,,Abdominal pain,seizure|memory loss|confusion,Epilepsy and recurrent seizures,low,142/89,86,36.6,98,65.9,159.8,,Pending,
V-01957,P-0564,D-0033,H-0009,2025-03-20,19:45,18:12,45,Routine scan,headache|high fever|abdominal pain|body ache,Typhoid and paratyphoid fevers,moderate,143/87,88,37.5,96,65.9,159.8,,Active,
V-01958,P-0564,D-0262,H-0388,2025-12-27,14:45,13:10,30,Loose motions,vomiting|abdominal pain|fever|weakness|diarrhoea,"Infectious gastroenteritis and colitis, unspecified",low,145/95,90,37.2,99,65.9,159.8,,Resolved,
V-01959,P-0564,D-0447,H-0198,2025-08-12,12:30,12:25,20,Anxiety,productive cough|fatigue|breathlessness on exertion|wheezing,Other chronic obstructive pulmonary disease,moderate,129/79,72,37.6,98,65.9,159.8,14,Resolved,
V-01960,P-0565,D-0029,H-0506,2025-01-05,17:30,17:15,25,Blurred vision,dizziness on standing|poor concentration|fainting|weakness,Syncope and collapse,moderate,126/84,69,36.3,96,79.4,162.0,30,Staged,
V-01961,P-0565,D-0497,H-0417,2026-03-07,19:30,19:15,10,Chest tightness on exertion,dry skin|itching|redness|rash|skin scaling,Other and unspecified dermatitis,moderate,127/78,70,36.7,96,79.4,162.0,90,Resolved,
V-01962,P-0566,D-0141,H-0054,2025-09-28,10:30,09:00,30,Fit review,sleep disturbance|fatigue|loss of appetite|poor concentration,Depressive episode,high,123/77,84,38.2,91,48.5,165.0,,Active,
V-01963,P-0566,D-0200,H-0465,2025-08-12,15:30,15:30,15,Fit review,heat intolerance|weight loss|palpitations|anxiety,Thyrotoxicosis [hyperthyroidism],moderate,116/75,74,36.5,98,48.5,165.0,,Resolved,
V-01964,P-0566,D-0172,H-0275,2025-08-17,19:15,18:10,,Post-operative review,back pain|stiffness|lower back pain,Dorsalgia,moderate,118/78,77,36.8,99,48.5,165.0,14,Pending,
V-01965,P-0566,D-0055,H-0147,2026-09-08,19:45,18:30,60,Follow-up for medication,pain|headache|blisters,Varicella [chickenpox],moderate,123/79,84,36.7,94,48.5,165.0,14,Resolved,
V-01966,P-0566,D-0250,H-0093,2026-06-23,16:45,15:25,30,Fracture follow-up,fever|nausea|vomiting|weakness,"Infectious gastroenteritis and colitis, unspecified",moderate,116/74,74,36.6,100,48.5,165.0,7,Resolved,
V-01967,P-0567,D-0115,H-0284,2026-03-03,10:00,09:00,25,Red eye,productive cough|fever|dry cough|breathlessness|cough,Cough,moderate,118/73,77,36.5,98,80.2,176.6,14,Active,
V-01968,P-0567,D-0060,H-0377,2025-06-20,12:15,12:05,60,Stone review,poor concentration|loss of appetite|low mood|sleep disturbance,Depressive episode,low,115/70,72,36.7,95,80.2,176.6,30,Active,
V-01969,P-0567,D-0155,H-0482,2026-02-24,15:45,14:25,10,Abdominal pain,chest pain|fatigue|cold sweat|breathlessness on exertion|palpitations,Angina pectoris,moderate,115/70,72,37.1,96,80.2,176.6,,Active,
V-01970,P-0568,D-0032,H-0388,2025-08-03,12:45,11:30,45,Blocked nose,fatigue|productive cough|weight loss|cough|fever,Respiratory tuberculosis,severe,110/73,61,37.5,94,56.9,160.8,,Resolved,
V-01971,P-0568,D-0232,H-0323,2025-11-22,14:30,14:30,15,Knee pain,ear discharge|hearing loss|sleep disturbance|ear pain|irritability,Suppurative and unspecified otitis media,moderate,108/67,59,36.9,98,56.9,160.8,,Staged,
V-01972,P-0568,D-0143,H-0447,2025-07-26,17:15,17:25,60,Headache,headache|fatigue|body ache|nausea,Fever of other and unknown origin,high,116/78,68,38.6,93,56.9,160.8,7,Resolved,
V-01973,P-0568,D-0427,H-0419,2026-09-07,14:15,13:15,,Stone review,fever|body ache,Varicella [chickenpox],low,118/78,70,36.8,97,56.9,160.8,,Pending,
V-01974,P-0569,D-0401,H-0076,2025-09-11,09:15,08:10,15,Low mood,swelling of feet|redness,Inflammatory disorders of breast,moderate,143/97,89,36.8,96,54.0,155.6,7,Active,
V-01975,P-0569,D-0357,H-0057,2026-09-11,11:30,11:15,15,Hearing loss,cough|chest pain|dry cough|breathlessness,Cough,high,130/86,73,39.4,92,54.0,155.6,14,Active,
V-01976,P-0569,D-0219,H-0327,2026-09-09,18:45,17:25,60,Cough and cold,numbness|palpitations|muscle ache|abdominal pain,"Other disorders of fluid, electrolyte and acid-base balance",low,137/91,82,36.3,97,54.0,155.6,14,Active,
V-01977,P-0569,D-0495,H-0510,2026-06-28,15:30,14:30,30,Poor feeding,joint pain|joint swelling,Other rheumatoid arthritis,low,134/81,78,36.4,97,54.0,155.6,,Active,
V-01978,P-0569,D-0053,H-0493,2026-06-27,12:15,11:12,10,Cough,hoarseness|ear pain|difficulty swallowing|sore throat|fever,"Diseases of vocal cords and larynx, not elsewhere classified",moderate,144/97,90,37.5,95,54.0,155.6,,Active,
V-01979,P-0569,D-0494,H-0290,2026-04-28,16:30,16:15,30,Pre-operative assessment,swelling of feet|fatigue|itching,Nephrotic syndrome,moderate,143/92,89,36.8,97,54.0,155.6,30,Resolved,
V-01980,P-0569,D-0328,H-0371,2026-11-08,19:15,18:30,25,Acidity,nausea|swollen ankles|upper abdominal pain|weight loss,Alcoholic liver disease,moderate,144/91,90,36.7,95,54.0,155.6,90,Resolved,
V-01981,P-0570,D-0246,H-0151,2026-06-05,12:30,11:12,15,Antenatal check-up,stiffness|morning stiffness|tenderness|joint swelling,"Other joint disorder, not elsewhere classified",moderate,132/80,62,36.3,98,48.2,150.6,7,Staged,
V-01982,P-0570,D-0499,H-0347,2025-09-28,16:15,15:20,30,Wheezing,lower abdominal pain|abdominal pain,Abdominal and pelvic pain,moderate,141/88,72,37.3,95,48.2,150.6,90,Resolved,
V-01983,P-0570,D-0393,H-0484,2026-01-21,16:00,15:15,25,Weight change,vomiting|fatigue|weakness,Hematemesis,moderate,140/93,71,36.7,98,48.2,150.6,,Resolved,
V-01984,P-0570,D-0197,H-0463,2026-12-07,14:45,14:10,10,Routine scan,excessive thirst|poor concentration|frequent urination,Elevated blood glucose level,moderate,134/90,65,36.6,97,48.2,150.6,,Active,
V-01985,P-0570,D-0373,H-0512,2025-03-13,10:30,10:20,20,Post-operative review,poor concentration|swollen ankles|swelling of feet|fatigue,Nephrotic syndrome,moderate,134/91,65,36.7,96,48.2,150.6,,Resolved,
V-01986,P-0573,D-0371,H-0216,2026-07-09,14:15,13:20,20,Irregular periods,weakness|sleep disturbance,Malaise and fatigue,moderate,133/85,77,36.1,94,50.5,165.8,,Resolved,
V-01987,P-0573,D-0176,H-0059,2025-10-19,17:30,17:25,,Heavy periods,toothache|difficulty swallowing,Diseases of pulp and periapical tissues,low,137/85,83,37.1,97,50.5,165.8,,Pending,
V-01988,P-0573,D-0011,H-0008,2025-04-15,19:15,18:12,45,Low mood,chills|rigors|nausea|vomiting|high fever,Unspecified malaria,low,133/82,77,37.0,99,50.5,165.8,14,Staged,
V-01989,P-0574,D-0478,H-0378,2025-01-25,11:45,11:10,30,Burning urination,heat intolerance|sleep disturbance,Thyrotoxicosis [hyperthyroidism],moderate,136/89,86,36.9,94,61.9,165.1,,Resolved,
V-01990,P-0574,D-0321,H-0030,2025-04-01,18:30,17:15,60,Stone review,anxiety|sleep disturbance|fatigue|loss of appetite|low mood,Depressive episode,moderate,140/93,90,36.1,96,61.9,165.1,,Resolved,
V-01991,P-0575,D-0425,H-0383,2026-05-05,12:45,11:00,10,Abdominal pain,tenderness|joint pain|fever,Gout,moderate,109/69,79,36.5,99,47.9,153.7,14,Active,
V-01992,P-0575,D-0056,H-0128,2026-01-24,16:30,15:20,20,Anxiety,tremor|slurred speech,Parkinson's disease,moderate,111/68,82,36.4,94,47.9,153.7,90,Active,
V-01993,P-0577,D-0271,H-0510,2025-06-03,09:00,09:25,60,Itching,chest tightness|cough,Asthma,moderate,115/74,88,37.3,97,70.9,150.6,90,Active,
V-01994,P-0578,D-0489,H-0240,2026-06-28,16:00,16:30,25,Chest tightness on exertion,vomiting|excessive thirst|abdominal pain|weight loss,Type 1 diabetes mellitus,moderate,119/75,89,37.2,99,63.2,152.9,30,Resolved,
V-01995,P-0578,D-0506,H-0500,2025-04-16,10:00,09:05,,Palpitations,cough|fever|productive cough,Respiratory tuberculosis,moderate,111/66,77,36.6,99,63.2,152.9,90,Pending,
V-01996,P-0579,D-0109,H-0239,2026-03-27,10:00,09:10,45,Breathlessness,cough|body ache|fatigue|headache|runny nose,Viral infection of unspecified site,low,122/79,76,36.9,100,60.6,158.7,14,Staged,
V-01997,P-0579,D-0116,H-0191,2025-11-10,13:00,13:12,25,Hearing loss,fever|swollen glands|sore throat,Acute tonsillitis,high,111/68,63,37.8,93,60.6,158.7,90,Resolved,
V-01998,P-0579,D-0310,H-0178,2025-07-14,14:30,13:12,15,Swelling of feet,joint pain|redness,Gout,severe,111/67,62,38.6,94,60.6,158.7,,Resolved,
V-01999,P-0579,D-0239,H-0217,2026-10-25,18:15,17:12,20,Antenatal check-up,fatigue|chills,Unspecified malaria,moderate,120/80,73,36.6,99,60.6,158.7,,Active,
V-02000,P-0579,D-0312,H-0157,2025-09-22,10:30,10:30,10,Knee pain,eye pain|halos around lights,Age-related cataract,moderate,122/78,76,36.3,100,60.6,158.7,90,Resolved,
V-02001,P-0579,D-0137,H-0145,2025-06-21,16:30,15:05,30,Fit review,fatigue|breathlessness on exertion|cough|wheezing,Other chronic obstructive pulmonary disease,high,122/82,76,37.9,93,60.6,158.7,7,Active,
V-02002,P-0579,D-0272,H-0417,2025-06-28,12:45,12:20,15,Routine scan,fever|breast pain,Inflammatory disorders of breast,moderate,118/71,71,37.1,95,60.6,158.7,,Resolved,
V-02003,P-0581,D-0158,H-0085,2025-07-06,11:30,11:00,30,General weakness,fainting|poor concentration|dizziness on standing,Syncope and collapse,moderate,124/77,60,36.5,98,60.3,156.3,90,Resolved,
V-02004,P-0581,D-0295,H-0354,2026-02-01,17:45,17:10,15,Routine scan,cough|chest pain,Cough,moderate,123/80,58,36.9,97,60.3,156.3,,Active,
V-02005,P-0581,D-0395,H-0064,2026-06-01,19:30,19:30,60,Pre-operative assessment,joint pain|poor concentration|chest pain,Disorders of lipoprotein metabolism and other lipidemias,moderate,124/84,59,37.1,97,60.3,156.3,,Active,
V-02006,P-0581,D-0414,H-0200,2025-09-28,15:00,14:25,30,Ear pain,frequent urination|weak stream|urinary urgency|poor concentration,Benign prostatic hyperplasia,low,133/84,69,36.0,97,60.3,156.3,14,Resolved,
V-02007,P-0582,D-0438,H-0205,2025-05-26,19:45,19:25,30,BP review,skin scaling|redness,Psoriasis,moderate,120/76,78,37.0,98,55.6,156.3,7,Resolved,
V-02008,P-0583,D-0527,H-0149,2026-07-25,10:30,09:20,60,Stone review,discharge|redness|itching|swelling of feet,Other local infections of skin and subcutaneous tissue,moderate,110/66,86,37.1,100,71.4,168.1,,Active,
V-02009,P-0583,D-0478,H-0378,2026-03-12,14:00,14:12,15,Burning urination,excessive thirst|fatigue,Elevated blood glucose level,moderate,114/70,93,36.6,100,71.4,168.1,7,Active,
V-02010,P-0583,D-0108,H-0419,2025-11-20,13:30,13:05,30,Fever,blurred vision|light sensitivity|neck pain|vomiting,Migraine,low,106/70,80,36.9,94,71.4,168.1,,Active,
V-02011,P-0583,D-0415,H-0062,2026-06-10,10:00,09:00,25,Heavy periods,cough|runny nose|fatigue|body ache,Viral infection of unspecified site,low,104/64,76,37.4,100,71.4,168.1,,Resolved,
V-02012,P-0583,D-0511,H-0230,2025-04-17,13:45,13:05,45,Back pain,poor concentration|anxiety,Other anxiety disorders,low,114/70,92,37.2,96,71.4,168.1,30,Resolved,
V-02013,P-0583,D-0225,H-0286,2026-08-26,13:00,12:25,30,Acne,poor concentration|dizziness on standing|fainting,Syncope and collapse,high,109/66,85,38.6,92,71.4,168.1,14,Active,
V-02014,P-0583,D-0435,H-0024,2026-12-27,16:30,15:25,10,Post-operative review,chest pain|nausea|vomiting|breathlessness,Acute myocardial infarction,low,107/69,82,36.8,100,71.4,168.1,7,Active,
V-02015,P-0583,D-0026,H-0251,2025-06-06,13:00,13:25,15,Knee pain,weakness in one limb|confusion|fainting,Epilepsy and recurrent seizures,low,103/68,75,36.8,99,71.4,168.1,90,Active,
V-02016,P-0583,D-0367,H-0301,2025-08-22,15:30,14:10,60,Routine scan,night pain|tingling,Mononeuropathies of upper limb,high,113/68,91,38.1,95,71.4,168.1,30,Active,
V-02017,P-0584,D-0485,H-0123,2026-05-24,17:45,16:05,60,Skin rash,headache|poor concentration|anxiety,Sleep disorders,low,132/82,63,37.0,94,68.9,161.7,14,Resolved,
V-02018,P-0584,D-0038,H-0255,2025-10-01,15:30,15:05,10,Sugar review,weakness|diarrhoea|dizziness on standing|fainting,Volume depletion,severe,139/91,71,37.6,90,68.9,161.7,,Active,
V-02019,P-0584,D-0043,H-0150,2025-01-05,09:15,09:05,25,Acne,breathlessness on exertion|poor concentration,Overweight and obesity,moderate,135/84,67,37.1,99,68.9,161.7,90,Resolved,
V-02020,P-0584,D-0108,H-0419,2026-04-10,11:15,11:15,45,Cough,joint pain|high fever|rash,Other mosquito-borne viral fevers,moderate,139/84,71,37.5,97,68.9,161.7,,Resolved,
V-02021,P-0585,D-0362,H-0374,2025-02-03,14:00,14:25,25,Breathlessness on walking,upper abdominal pain|poor concentration|fatigue,Disorders of lipoprotein metabolism and other lipidemias,low,130/88,75,36.9,99,55.5,146.4,30,Active,
V-02022,P-0585,D-0285,H-0513,2025-07-20,16:45,15:20,10,Low mood,headache|blurred vision|dizziness|palpitations|chest pain,Essential (primary) hypertension,moderate,128/85,72,36.8,96,55.5,146.4,,Active,
V-02023,P-0586,D-0301,H-0029,2026-10-08,19:00,19:25,30,Foamy urine,cough|fatigue,Acute upper respiratory infections of multiple and unspecified sites,low,111/68,91,36.8,96,70.3,163.1,30,Active,
V-02024,P-0586,D-0205,H-0268,2025-12-21,09:30,08:12,10,Poor feeding,sleep disturbance|palpitations|poor concentration,Malaise and fatigue,moderate,110/68,90,37.2,95,70.3,163.1,14,Active,
V-02025,P-0586,D-0382,H-0038,2025-08-09,15:45,15:10,60,Blocked nose,fever|frequent urination|lower abdominal pain|urinary urgency|painful urination,Other disorders of urinary system,high,98/67,72,37.1,94,70.3,163.1,,Active,
V-02026,P-0587,D-0046,H-0441,2025-05-21,09:30,09:20,20,Cough,vomiting|dizziness on standing|diarrhoea|fainting|weakness,Volume depletion,moderate,123/81,76,36.9,98,46.6,168.1,,Resolved,
V-02027,P-0587,D-0099,H-0252,2025-02-14,11:00,10:30,15,Routine scan,breast pain|breast lump|swelling of feet|redness,Inflammatory disorders of breast,high,117/70,69,39.0,91,46.6,168.1,30,Resolved,
V-02028,P-0587,D-0161,H-0364,2026-06-25,19:45,19:00,25,Sleep disturbance,headache|nausea,Headache,high,117/72,70,37.5,90,46.6,168.1,,Active,
V-02029,P-0588,D-0481,H-0428,2026-01-27,11:15,10:30,25,Post-operative review,swelling of feet|swollen ankles|nausea|poor concentration|itching,Nephrotic syndrome,low,134/90,63,36.5,100,56.4,165.0,7,Active,
V-02030,P-0589,D-0156,H-0509,2025-06-05,19:00,18:25,15,Stone review,excessive periods|painful periods|pelvic pain|fatigue|lower back pain,Leiomyoma of uterus,high,127/82,73,37.8,93,38.2,151.9,,Active,
V-02031,P-0589,D-0490,H-0171,2025-10-16,15:00,14:12,,Back pain,weakness|upper abdominal pain|dizziness on standing,Hematemesis,moderate,123/80,68,36.2,95,38.2,151.9,30,Pending,
V-02032,P-0589,D-0396,H-0048,2026-12-11,17:30,17:10,10,Knee pain,abdominal pain|fever|lower abdominal pain|nausea|vomiting,Abdominal and pelvic pain,moderate,129/79,75,37.0,96,38.2,151.9,,Active,
V-02033,P-0590,D-0060,H-0377,2026-10-21,18:00,17:05,30,Urinary urgency,dizziness|palpitations|fatigue|fainting,Dizziness and giddiness,low,106/72,70,36.5,98,34.3,128.1,14,Active,
V-02034,P-0590,D-0185,H-0376,2026-09-23,15:30,15:25,10,Low mood,fever|nausea|fatigue|headache|body ache,Fever of other and unknown origin,severe,105/65,68,37.9,90,34.3,128.1,,Active,
V-02035,P-0591,D-0166,H-0236,2026-05-15,10:45,09:30,60,Poor feeding,breathlessness|dry cough|cough,Cough,moderate,131/84,79,36.6,96,39.9,138.8,30,Resolved,
V-02036,P-0591,D-0365,H-0042,2026-09-04,10:30,09:05,45,Sore throat,headache|difficulty swallowing|swollen glands|fever,Acute tonsillitis,low,132/82,80,36.4,95,39.9,138.8,7,Resolved,
V-02037,P-0591,D-0235,H-0479,2026-05-12,11:30,10:05,,Anxiety,rash|skin scaling,Other erythematous conditions,moderate,130/87,77,37.2,95,39.9,138.8,90,Pending,
V-02038,P-0591,D-0264,H-0057,2025-08-26,14:30,14:12,20,Ear pain,cough|fever|night sweats|breathlessness|fatigue,Respiratory tuberculosis,low,123/79,69,37.0,97,39.9,138.8,90,Active,
V-02039,P-0591,D-0264,H-0057,2025-04-23,14:00,14:30,,Blocked nose,eye pain|light sensitivity,Conjunctivitis,moderate,122/77,68,37.2,95,39.9,138.8,30,Pending,
V-02040,P-0592,D-0324,H-0242,2026-12-03,13:45,13:05,15,Thyroid review,fatigue|nausea,Unspecified malaria,moderate,111/68,85,36.0,97,33.2,132.0,14,Active,
V-02041,P-0592,D-0296,H-0292,2025-03-10,15:30,14:05,20,Urinary urgency,diarrhoea|nausea|weakness,"Infectious gastroenteritis and colitis, unspecified",moderate,111/68,85,36.7,99,33.2,132.0,,Active,
V-02042,P-0592,D-0193,H-0418,2025-01-04,15:45,14:05,10,Stone review,rash|nausea|headache,Dengue fever [classical dengue],high,110/70,84,37.4,91,33.2,132.0,,Resolved,
V-02043,P-0592,D-0152,H-0111,2026-11-13,14:00,13:15,20,Routine scan,fatigue|cough|breathlessness|fever|feeding difficulty,Whooping cough,moderate,113/75,88,37.3,96,33.2,132.0,30,Active,
V-02044,P-0592,D-0028,H-0381,2026-11-17,13:30,13:00,10,Back pain,bruising|high fever|rash|vomiting|bleeding gums,Dengue hemorrhagic fever,low,106/68,77,37.2,97,33.2,132.0,,Active,
V-02045,P-0593,D-0159,H-0490,2026-01-09,13:30,12:20,45,Pre-operative assessment,gum bleeding|painful chewing,Gingivitis and periodontal diseases,high,126/80,84,38.3,93,68.3,163.7,,Resolved,
V-02046,P-0593,D-0345,H-0421,2026-04-28,18:45,17:20,,Fever and body ache,poor concentration|nocturia,Benign prostatic hyperplasia,moderate,128/82,87,36.6,97,68.3,163.7,14,Pending,
V-02047,P-0593,D-0101,H-0214,2025-06-01,14:00,14:30,10,Swelling of feet,productive cough|fatigue,Acute bronchitis,severe,130/80,90,37.5,91,68.3,163.7,7,Active,
V-02048,P-0593,D-0481,H-0428,2025-08-18,13:45,12:00,20,Post-operative review,rash|headache|body ache|high fever,Dengue fever [classical dengue],low,131/83,91,36.3,96,68.3,163.7,,Active,
V-02049,P-0593,D-0322,H-0146,2026-05-23,15:00,15:30,20,Hearing loss,abdominal pain|bloating|constipation|nausea,Other functional intestinal disorders,low,132/86,92,37.2,97,68.3,163.7,30,Active,
V-02050,P-0593,D-0470,H-0147,2025-09-24,12:15,11:12,45,Back pain,fatigue|swelling of feet,Nephrotic syndrome,moderate,129/80,88,36.7,100,68.3,163.7,,Active,
V-02051,P-0593,D-0011,H-0008,2025-12-28,12:00,11:05,25,Low mood,nausea|lower abdominal pain,Abdominal and pelvic pain,moderate,134/81,94,36.4,94,68.3,163.7,,Active,
V-02052,P-0593,D-0215,H-0394,2026-03-16,10:15,09:15,,Cough,slowness of movement|slurred speech|depression|poor concentration,Parkinson's disease,moderate,129/85,89,36.6,96,68.3,163.7,,Pending,
V-02053,P-0594,D-0048,H-0323,2025-06-20,09:15,08:25,60,Ear pain,upper abdominal pain|diarrhoea|indigestion,Other and unspecified noninfective gastroenteritis and colitis,moderate,106/68,70,36.4,96,57.1,153.5,7,Active,
V-02054,P-0594,D-0004,H-0004,2025-03-26,19:45,18:30,25,Poor feeding,breathlessness on exertion|fatigue|chest pain,Angina pectoris,low,104/64,68,36.7,95,57.1,153.5,14,Resolved,
V-02055,P-0594,D-0347,H-0329,2026-04-07,09:00,09:00,25,Poor feeding,frequent urination|painful urination|passing blood in urine,Hematuria,low,112/74,79,36.5,99,57.1,153.5,,Active,
V-02056,P-0594,D-0068,H-0326,2026-08-24,11:15,10:10,45,Eye check-up,itching|discharge|fever|pain|blisters,Anogenital herpesviral [herpes simplex] infections,low,104/65,68,36.8,97,57.1,153.5,,Active,
V-02057,P-0594,D-0027,H-0327,2025-10-12,17:45,16:05,25,Back pain,fatigue|sleep disturbance|low mood|poor concentration|loss of appetite,Depressive episode,moderate,102/65,65,37.2,97,57.1,153.5,,Resolved,
V-02058,P-0595,D-0039,H-0419,2026-04-18,18:00,18:20,15,Poor feeding,vomiting|abdominal pain|fatigue|frequent urination|nausea,Type 1 diabetes mellitus,severe,122/79,69,37.9,90,72.6,161.0,,Active,
V-02059,P-0596,D-0326,H-0297,2025-08-20,19:45,18:15,15,Swelling of feet,skin scaling|dry skin|redness|sleep disturbance,Atopic dermatitis,low,129/85,66,37.5,99,51.3,156.5,,Resolved,
V-02060,P-0596,D-0190,H-0455,2026-06-28,18:30,18:05,20,Knee pain,ear pain|fever,"Diseases of vocal cords and larynx, not elsewhere classified",moderate,122/80,58,36.4,94,51.3,156.5,,Resolved,
V-02061,P-0596,D-0414,H-0200,2026-11-13,16:15,16:30,20,Sore throat,bloating|upper abdominal pain|vomiting|nausea|indigestion,Functional dyspepsia,moderate,134/81,71,36.5,96,51.3,156.5,7,Resolved,
V-02062,P-0596,D-0393,H-0484,2025-03-27,16:15,16:15,45,Thyroid review,upper abdominal pain|restlessness,Calculus of kidney and ureter,moderate,122/80,58,37.0,96,51.3,156.5,7,Resolved,
V-02063,P-0596,D-0429,H-0395,2026-08-26,12:00,12:05,30,Fever and body ache,dizziness on standing|fainting|weakness,Syncope and collapse,moderate,132/80,69,37.0,95,51.3,156.5,7,Resolved,
V-02064,P-0596,D-0408,H-0113,2025-06-02,17:15,17:05,,Fever and body ache,heartburn|upper abdominal pain|indigestion,Other and unspecified noninfective gastroenteritis and colitis,moderate,132/83,68,36.3,96,51.3,156.5,,Pending,
V-02065,P-0596,D-0326,H-0297,2026-03-04,13:30,13:00,45,Foamy urine,fever|lower abdominal pain,Abdominal and pelvic pain,severe,133/84,70,37.9,91,51.3,156.5,14,Resolved,
V-02066,P-0596,D-0476,H-0279,2026-07-27,18:15,18:25,10,Hearing loss,ear pain|ear discharge|fever|irritability|sleep disturbance,Suppurative and unspecified otitis media,moderate,127/84,63,36.6,95,51.3,156.5,,Active,
V-02067,P-0597,D-0189,H-0492,2025-11-10,16:00,15:05,45,Headache,vomiting|nausea|bloating,Functional dyspepsia,low,117/76,70,36.7,94,62.0,163.4,,Active,
V-02068,P-0597,D-0453,H-0258,2026-10-18,18:00,18:05,25,Tingling in hand,itching|skin scaling|redness|rash,Psoriasis,low,124/82,79,37.1,100,62.0,163.4,30,Resolved,
V-02069,P-0597,D-0340,H-0081,2026-06-20,14:15,13:20,25,Breathlessness,fainting|weakness in one limb,Epilepsy and recurrent seizures,moderate,122/79,75,36.6,96,62.0,163.4,30,Active,
V-02070,P-0597,D-0344,H-0481,2025-05-04,19:00,18:00,15,Sore throat,nausea|abdominal pain|constipation|bloating,Other functional intestinal disorders,moderate,125/81,80,36.8,95,62.0,163.4,,Active,
V-02071,P-0598,D-0463,H-0299,2025-08-18,12:30,11:15,10,Urinary urgency,headache|sore throat|swollen glands|fever|difficulty swallowing,Acute pharyngitis,moderate,126/79,74,36.9,95,67.2,163.6,90,Resolved,
V-02072,P-0598,D-0314,H-0136,2026-04-28,18:45,17:10,25,Breathlessness on walking,bloating|mucus in stool|diarrhoea,Irritable bowel syndrome,low,118/76,66,36.5,97,67.2,163.6,14,Active,
V-02073,P-0599,D-0488,H-0094,2026-09-25,18:30,17:12,25,BP review,high fever|body ache|joint pain|fatigue,Other mosquito-borne viral fevers,severe,117/75,70,37.8,89,15.3,95.6,30,Active,
V-02074,P-0599,D-0456,H-0264,2026-03-09,13:30,13:30,10,Blurred vision,cough|headache|fever|fatigue|sore throat,Acute upper respiratory infections of multiple and unspecified sites,moderate,110/70,62,36.7,99,15.3,95.6,7,Active,
V-02075,P-0600,D-0476,H-0279,2026-03-13,19:15,18:05,25,Hearing loss,red eye|high fever|runny nose|irritability,Measles,low,113/68,75,36.8,96,62.5,169.5,14,Resolved,
V-02076,P-0600,D-0066,H-0501,2026-08-06,16:15,16:15,,Cough,irregular periods|missed period,"Absent, scanty and rare menstruation",moderate,105/64,64,36.7,98,62.5,169.5,,Pending,
